Copyright 1986-2022 Xilinx, Inc. All Rights Reserved. Copyright 2022-2025 Advanced Micro Devices, Inc. All Rights Reserved.
---------------------------------------------------------------------------------------------------------------------------------------------------------------------------------------------
| Tool Version      : Vivado v.2025.2 (lin64) Build 6299465 Fri Nov 14 12:34:56 MST 2025
| Date              : Fri Aug 28 11:16:45 2026
| Host              : l-1tmyz44.physics.lsa.umich.edu running 64-bit Red Hat Enterprise Linux 9.8 (Plow)
| Command           : report_timing_summary -delay_type min_max -max_paths 20 -report_unconstrained -file /home/tengyao/keria-board-self-driving-trigger/reports/loopback_timing_summary.rpt
| Design            : system_wrapper
| Device            : xck26-sfvc784
| Speed File        : -2LV  PRODUCTION 1.30 05-15-2022
| Design State      : Routed
| Temperature Grade : C
---------------------------------------------------------------------------------------------------------------------------------------------------------------------------------------------

Timing Summary Report

------------------------------------------------------------------------------------------------
| Timer Settings
| --------------
------------------------------------------------------------------------------------------------

  Enable Multi Corner Analysis               :  Yes
  Enable Pessimism Removal                   :  Yes
  Pessimism Removal Resolution               :  Nearest Common Node
  Enable Input Delay Default Clock           :  No
  Enable Preset / Clear Arcs                 :  No
  Disable Flight Delays                      :  No
  Ignore I/O Paths                           :  No
  Timing Early Launch at Borrowing Latches   :  No
  Borrow Time for Max Delay Exceptions       :  Yes
  Merge Timing Exceptions                    :  Yes
  Inter-SLR Compensation                     :  Conservative

  Corner  Analyze    Analyze    
  Name    Max Paths  Min Paths  
  ------  ---------  ---------  
  Slow    Yes        Yes        
  Fast    Yes        Yes        


------------------------------------------------------------------------------------------------
| Report Methodology
| ------------------
------------------------------------------------------------------------------------------------

No report available as report_methodology has not been run prior. Run report_methodology on the current design for the summary of methodology violations.



check_timing report

Table of Contents
-----------------
1. checking no_clock (0)
2. checking constant_clock (0)
3. checking pulse_width_clock (0)
4. checking unconstrained_internal_endpoints (0)
5. checking no_input_delay (0)
6. checking no_output_delay (0)
7. checking multiple_clock (0)
8. checking generated_clocks (0)
9. checking loops (0)
10. checking partial_input_delay (0)
11. checking partial_output_delay (0)
12. checking latch_loops (0)

1. checking no_clock (0)
------------------------
 There are 0 register/latch pins with no clock.


2. checking constant_clock (0)
------------------------------
 There are 0 register/latch pins with constant_clock.


3. checking pulse_width_clock (0)
---------------------------------
 There are 0 register/latch pins which need pulse_width check


4. checking unconstrained_internal_endpoints (0)
------------------------------------------------
 There are 0 pins that are not constrained for maximum delay.

 There are 0 pins that are not constrained for maximum delay due to constant clock.


5. checking no_input_delay (0)
------------------------------
 There are 0 input ports with no input delay specified.

 There are 0 input ports with no input delay but user has a false path constraint.


6. checking no_output_delay (0)
-------------------------------
 There are 0 ports with no output delay specified.

 There are 0 ports with no output delay but user has a false path constraint

 There are 0 ports with no output delay but with a timing clock defined on it or propagating through it


7. checking multiple_clock (0)
------------------------------
 There are 0 register/latch pins with multiple clocks.


8. checking generated_clocks (0)
--------------------------------
 There are 0 generated clocks that are not connected to a clock source.


9. checking loops (0)
---------------------
 There are 0 combinational loops in the design.


10. checking partial_input_delay (0)
------------------------------------
 There are 0 input ports with partial input delay specified.


11. checking partial_output_delay (0)
-------------------------------------
 There are 0 ports with partial output delay specified.


12. checking latch_loops (0)
----------------------------
 There are 0 combinational latch loops in the design through latch input



------------------------------------------------------------------------------------------------
| Design Timing Summary
| ---------------------
------------------------------------------------------------------------------------------------

    WNS(ns)      TNS(ns)  TNS Failing Endpoints  TNS Total Endpoints      WHS(ns)      THS(ns)  THS Failing Endpoints  THS Total Endpoints     WPWS(ns)     TPWS(ns)  TPWS Failing Endpoints  TPWS Total Endpoints  
    -------      -------  ---------------------  -------------------      -------      -------  ---------------------  -------------------     --------     --------  ----------------------  --------------------  
      5.525        0.000                      0                24866        0.011        0.000                      0                24866        3.500        0.000                       0                  8144  


All user specified timing constraints are met.


------------------------------------------------------------------------------------------------
| Clock Summary
| -------------
------------------------------------------------------------------------------------------------

Clock     Waveform(ns)       Period(ns)      Frequency(MHz)
-----     ------------       ----------      --------------
clk_pl_0  {0.000 5.000}      10.000          100.000         
clk_pl_1  {0.000 5.000}      10.000          100.000         


------------------------------------------------------------------------------------------------
| Intra Clock Table
| -----------------
------------------------------------------------------------------------------------------------

Clock             WNS(ns)      TNS(ns)  TNS Failing Endpoints  TNS Total Endpoints      WHS(ns)      THS(ns)  THS Failing Endpoints  THS Total Endpoints     WPWS(ns)     TPWS(ns)  TPWS Failing Endpoints  TPWS Total Endpoints  
-----             -------      -------  ---------------------  -------------------      -------      -------  ---------------------  -------------------     --------     --------  ----------------------  --------------------  
clk_pl_0            5.525        0.000                      0                24866        0.011        0.000                      0                24866        3.500        0.000                       0                  8144  


------------------------------------------------------------------------------------------------
| Inter Clock Table
| -----------------
------------------------------------------------------------------------------------------------

From Clock    To Clock          WNS(ns)      TNS(ns)  TNS Failing Endpoints  TNS Total Endpoints      WHS(ns)      THS(ns)  THS Failing Endpoints  THS Total Endpoints  
----------    --------          -------      -------  ---------------------  -------------------      -------      -------  ---------------------  -------------------  


------------------------------------------------------------------------------------------------
| Other Path Groups Table
| -----------------------
------------------------------------------------------------------------------------------------

Path Group    From Clock    To Clock          WNS(ns)      TNS(ns)  TNS Failing Endpoints  TNS Total Endpoints      WHS(ns)      THS(ns)  THS Failing Endpoints  THS Total Endpoints  
----------    ----------    --------          -------      -------  ---------------------  -------------------      -------      -------  ---------------------  -------------------  


------------------------------------------------------------------------------------------------
| User Ignored Path Table
| -----------------------
------------------------------------------------------------------------------------------------

Path Group    From Clock    To Clock    
----------    ----------    --------    
(none)                      clk_pl_0      
(none)        clk_pl_0      clk_pl_0      


------------------------------------------------------------------------------------------------
| Unconstrained Path Table
| ------------------------
------------------------------------------------------------------------------------------------

Path Group    From Clock    To Clock    
----------    ----------    --------    


------------------------------------------------------------------------------------------------
| Timing Details
| --------------
------------------------------------------------------------------------------------------------


---------------------------------------------------------------------------------------------------
From Clock:  clk_pl_0
  To Clock:  clk_pl_0

Setup :            0  Failing Endpoints,  Worst Slack        5.525ns,  Total Violation        0.000ns
Hold  :            0  Failing Endpoints,  Worst Slack        0.011ns,  Total Violation        0.000ns
PW    :            0  Failing Endpoints,  Worst Slack        3.500ns,  Total Violation        0.000ns
---------------------------------------------------------------------------------------------------


Max Delay Paths
--------------------------------------------------------------------------------------
Slack (MET) :             5.525ns  (required time - arrival time)
  Source:                 system_i/dma/U0/I_PRMRY_DATAMOVER/GEN_S2MM_FULL.I_S2MM_FULL_WRAPPER/GEN_ENABLE_INDET_BTT_SF.I_INDET_BTT/I_DATA_FIFO/BLK_MEM.I_SYNC_FIFOGEN_FIFO/xpm_fifo_base_inst/gen_pntr_flags_cc.gen_full_rst_val.ram_full_i_reg/C
                            (rising edge-triggered cell FDSE clocked by clk_pl_0  {rise@0.000ns fall@5.000ns period=10.000ns})
  Destination:            system_i/dma/U0/I_PRMRY_DATAMOVER/GEN_S2MM_FULL.I_S2MM_FULL_WRAPPER/GEN_ENABLE_INDET_BTT_SF.I_INDET_BTT/I_DATA_FIFO/BLK_MEM.I_SYNC_FIFOGEN_FIFO/xpm_fifo_base_inst/gen_sdpram.xpm_memory_base_inst/gen_wr_a.gen_word_narrow.mem_reg_1/WEBWE[0]
                            (rising edge-triggered cell RAMB18E2 clocked by clk_pl_0  {rise@0.000ns fall@5.000ns period=10.000ns})
  Path Group:             clk_pl_0
  Path Type:              Setup (Max at Slow Process Corner)
  Requirement:            10.000ns  (clk_pl_0 rise@10.000ns - clk_pl_0 rise@0.000ns)
  Data Path Delay:        3.566ns  (logic 0.483ns (13.543%)  route 3.083ns (86.457%))
  Logic Levels:           3  (LUT2=1 LUT4=1 LUT5=1)
  Clock Path Skew:        -0.138ns (DCD - SCD + CPR)
    Destination Clock Delay (DCD):    2.551ns = ( 12.551 - 10.000 ) 
    Source Clock Delay      (SCD):    2.833ns
    Clock Pessimism Removal (CPR):    0.144ns
  Clock Uncertainty:      0.160ns  ((TSJ^2 + DJ^2)^1/2) / 2 + PE
    Total System Jitter     (TSJ):    0.071ns
    Discrete Jitter          (DJ):    0.312ns
    Phase Error              (PE):    0.000ns
  Clock Net Delay (Source):      2.566ns (routing 1.045ns, distribution 1.521ns)
  Clock Net Delay (Destination): 2.335ns (routing 0.955ns, distribution 1.380ns)

    Location             Delay type                Incr(ns)  Path(ns)    Netlist Resource(s)
  -------------------------------------------------------------------    -------------------
                         (clock clk_pl_0 rise edge)
                                                      0.000     0.000 r  
    PS8_X0Y0             PS8                          0.000     0.000 r  system_i/ps/inst/PS8_i/PLCLK[0]
                         net (fo=1, routed)           0.229     0.229    system_i/ps/inst/pl_clk_unbuffered[0]
    BUFG_PS_X0Y80        BUFG_PS (Prop_BUFG_PS_I_O)
                                                      0.038     0.267 r  system_i/ps/inst/buffer_pl_clk_0.PL_CLK_0_BUFG/O
    X0Y1 (CLOCK_ROOT)    net (fo=8144, routed)        2.566     2.833    system_i/dma/U0/I_PRMRY_DATAMOVER/GEN_S2MM_FULL.I_S2MM_FULL_WRAPPER/GEN_ENABLE_INDET_BTT_SF.I_INDET_BTT/I_DATA_FIFO/BLK_MEM.I_SYNC_FIFOGEN_FIFO/xpm_fifo_base_inst/wr_clk
    SLICE_X26Y61         FDSE                                         r  system_i/dma/U0/I_PRMRY_DATAMOVER/GEN_S2MM_FULL.I_S2MM_FULL_WRAPPER/GEN_ENABLE_INDET_BTT_SF.I_INDET_BTT/I_DATA_FIFO/BLK_MEM.I_SYNC_FIFOGEN_FIFO/xpm_fifo_base_inst/gen_pntr_flags_cc.gen_full_rst_val.ram_full_i_reg/C
  -------------------------------------------------------------------    -------------------
    SLICE_X26Y61         FDSE (Prop_DFF_SLICEL_C_Q)
                                                      0.114     2.947 f  system_i/dma/U0/I_PRMRY_DATAMOVER/GEN_S2MM_FULL.I_S2MM_FULL_WRAPPER/GEN_ENABLE_INDET_BTT_SF.I_INDET_BTT/I_DATA_FIFO/BLK_MEM.I_SYNC_FIFOGEN_FIFO/xpm_fifo_base_inst/gen_pntr_flags_cc.gen_full_rst_val.ram_full_i_reg/Q
                         net (fo=5, routed)           1.226     4.173    system_i/dma/U0/I_PRMRY_DATAMOVER/GEN_S2MM_FULL.I_S2MM_FULL_WRAPPER/GEN_ENABLE_INDET_BTT_SF.I_INDET_BTT/I_XD_FIFO/full
    SLICE_X15Y91         LUT5 (Prop_H6LUT_SLICEL_I0_O)
                                                      0.153     4.326 f  system_i/dma/U0/I_PRMRY_DATAMOVER/GEN_S2MM_FULL.I_S2MM_FULL_WRAPPER/GEN_ENABLE_INDET_BTT_SF.I_INDET_BTT/I_XD_FIFO/sig_eop_sent_reg_i_3/O
                         net (fo=5, routed)           0.294     4.619    system_i/dma/U0/I_PRMRY_DATAMOVER/GEN_S2MM_FULL.I_S2MM_FULL_WRAPPER/GEN_INCLUDE_REALIGNER.I_S2MM_REALIGNER/GEN_INCLUDE_SCATTER.I_S2MM_SCATTER/I_MSSAI_SKID_BUF/sig_eop_sent_reg_reg
    SLICE_X16Y88         LUT2 (Prop_D6LUT_SLICEL_I1_O)
                                                      0.081     4.700 r  system_i/dma/U0/I_PRMRY_DATAMOVER/GEN_S2MM_FULL.I_S2MM_FULL_WRAPPER/GEN_INCLUDE_REALIGNER.I_S2MM_REALIGNER/GEN_INCLUDE_SCATTER.I_S2MM_SCATTER/I_MSSAI_SKID_BUF/BLK_MEM.I_SYNC_FIFOGEN_FIFO_i_1__0/O
                         net (fo=33, routed)          1.027     5.728    system_i/dma/U0/I_PRMRY_DATAMOVER/GEN_S2MM_FULL.I_S2MM_FULL_WRAPPER/GEN_ENABLE_INDET_BTT_SF.I_INDET_BTT/I_DATA_FIFO/BLK_MEM.I_SYNC_FIFOGEN_FIFO/xpm_fifo_base_inst/xpm_fifo_rst_inst/wr_en
    SLICE_X26Y61         LUT4 (Prop_C5LUT_SLICEL_I0_O)
                                                      0.135     5.863 r  system_i/dma/U0/I_PRMRY_DATAMOVER/GEN_S2MM_FULL.I_S2MM_FULL_WRAPPER/GEN_ENABLE_INDET_BTT_SF.I_INDET_BTT/I_DATA_FIFO/BLK_MEM.I_SYNC_FIFOGEN_FIFO/xpm_fifo_base_inst/xpm_fifo_rst_inst/gen_sdpram.xpm_memory_base_inst_i_1/O
                         net (fo=28, routed)          0.536     6.399    system_i/dma/U0/I_PRMRY_DATAMOVER/GEN_S2MM_FULL.I_S2MM_FULL_WRAPPER/GEN_ENABLE_INDET_BTT_SF.I_INDET_BTT/I_DATA_FIFO/BLK_MEM.I_SYNC_FIFOGEN_FIFO/xpm_fifo_base_inst/gen_sdpram.xpm_memory_base_inst/wea[0]
    RAMB18_X0Y22         RAMB18E2                                     r  system_i/dma/U0/I_PRMRY_DATAMOVER/GEN_S2MM_FULL.I_S2MM_FULL_WRAPPER/GEN_ENABLE_INDET_BTT_SF.I_INDET_BTT/I_DATA_FIFO/BLK_MEM.I_SYNC_FIFOGEN_FIFO/xpm_fifo_base_inst/gen_sdpram.xpm_memory_base_inst/gen_wr_a.gen_word_narrow.mem_reg_1/WEBWE[0]
  -------------------------------------------------------------------    -------------------

                         (clock clk_pl_0 rise edge)
                                                     10.000    10.000 r  
    PS8_X0Y0             PS8                          0.000    10.000 r  system_i/ps/inst/PS8_i/PLCLK[0]
                         net (fo=1, routed)           0.181    10.181    system_i/ps/inst/pl_clk_unbuffered[0]
    BUFG_PS_X0Y80        BUFG_PS (Prop_BUFG_PS_I_O)
                                                      0.035    10.216 r  system_i/ps/inst/buffer_pl_clk_0.PL_CLK_0_BUFG/O
    X0Y1 (CLOCK_ROOT)    net (fo=8144, routed)        2.335    12.551    system_i/dma/U0/I_PRMRY_DATAMOVER/GEN_S2MM_FULL.I_S2MM_FULL_WRAPPER/GEN_ENABLE_INDET_BTT_SF.I_INDET_BTT/I_DATA_FIFO/BLK_MEM.I_SYNC_FIFOGEN_FIFO/xpm_fifo_base_inst/gen_sdpram.xpm_memory_base_inst/clka
    RAMB18_X0Y22         RAMB18E2                                     r  system_i/dma/U0/I_PRMRY_DATAMOVER/GEN_S2MM_FULL.I_S2MM_FULL_WRAPPER/GEN_ENABLE_INDET_BTT_SF.I_INDET_BTT/I_DATA_FIFO/BLK_MEM.I_SYNC_FIFOGEN_FIFO/xpm_fifo_base_inst/gen_sdpram.xpm_memory_base_inst/gen_wr_a.gen_word_narrow.mem_reg_1/CLKBWRCLK
                         clock pessimism              0.144    12.695    
                         clock uncertainty           -0.160    12.535    
    RAMB18_X0Y22         RAMB18E2 (Setup_RAMB18E2_L_RAMB180_CLKBWRCLK_WEBWE[0])
                                                     -0.611    11.924    system_i/dma/U0/I_PRMRY_DATAMOVER/GEN_S2MM_FULL.I_S2MM_FULL_WRAPPER/GEN_ENABLE_INDET_BTT_SF.I_INDET_BTT/I_DATA_FIFO/BLK_MEM.I_SYNC_FIFOGEN_FIFO/xpm_fifo_base_inst/gen_sdpram.xpm_memory_base_inst/gen_wr_a.gen_word_narrow.mem_reg_1
  -------------------------------------------------------------------
                         required time                         11.924    
                         arrival time                          -6.399    
  -------------------------------------------------------------------
                         slack                                  5.525    

Slack (MET) :             5.530ns  (required time - arrival time)
  Source:                 system_i/dma/U0/I_PRMRY_DATAMOVER/GEN_S2MM_FULL.I_S2MM_FULL_WRAPPER/GEN_ENABLE_INDET_BTT_SF.I_INDET_BTT/I_DATA_FIFO/BLK_MEM.I_SYNC_FIFOGEN_FIFO/xpm_fifo_base_inst/gen_pntr_flags_cc.gen_full_rst_val.ram_full_i_reg/C
                            (rising edge-triggered cell FDSE clocked by clk_pl_0  {rise@0.000ns fall@5.000ns period=10.000ns})
  Destination:            system_i/dma/U0/I_PRMRY_DATAMOVER/GEN_S2MM_FULL.I_S2MM_FULL_WRAPPER/GEN_ENABLE_INDET_BTT_SF.I_INDET_BTT/I_DATA_FIFO/BLK_MEM.I_SYNC_FIFOGEN_FIFO/xpm_fifo_base_inst/gen_sdpram.xpm_memory_base_inst/gen_wr_a.gen_word_narrow.mem_reg_1/WEBWE[1]
                            (rising edge-triggered cell RAMB18E2 clocked by clk_pl_0  {rise@0.000ns fall@5.000ns period=10.000ns})
  Path Group:             clk_pl_0
  Path Type:              Setup (Max at Slow Process Corner)
  Requirement:            10.000ns  (clk_pl_0 rise@10.000ns - clk_pl_0 rise@0.000ns)
  Data Path Delay:        3.561ns  (logic 0.483ns (13.562%)  route 3.078ns (86.438%))
  Logic Levels:           3  (LUT2=1 LUT4=1 LUT5=1)
  Clock Path Skew:        -0.138ns (DCD - SCD + CPR)
    Destination Clock Delay (DCD):    2.551ns = ( 12.551 - 10.000 ) 
    Source Clock Delay      (SCD):    2.833ns
    Clock Pessimism Removal (CPR):    0.144ns
  Clock Uncertainty:      0.160ns  ((TSJ^2 + DJ^2)^1/2) / 2 + PE
    Total System Jitter     (TSJ):    0.071ns
    Discrete Jitter          (DJ):    0.312ns
    Phase Error              (PE):    0.000ns
  Clock Net Delay (Source):      2.566ns (routing 1.045ns, distribution 1.521ns)
  Clock Net Delay (Destination): 2.335ns (routing 0.955ns, distribution 1.380ns)

    Location             Delay type                Incr(ns)  Path(ns)    Netlist Resource(s)
  -------------------------------------------------------------------    -------------------
                         (clock clk_pl_0 rise edge)
                                                      0.000     0.000 r  
    PS8_X0Y0             PS8                          0.000     0.000 r  system_i/ps/inst/PS8_i/PLCLK[0]
                         net (fo=1, routed)           0.229     0.229    system_i/ps/inst/pl_clk_unbuffered[0]
    BUFG_PS_X0Y80        BUFG_PS (Prop_BUFG_PS_I_O)
                                                      0.038     0.267 r  system_i/ps/inst/buffer_pl_clk_0.PL_CLK_0_BUFG/O
    X0Y1 (CLOCK_ROOT)    net (fo=8144, routed)        2.566     2.833    system_i/dma/U0/I_PRMRY_DATAMOVER/GEN_S2MM_FULL.I_S2MM_FULL_WRAPPER/GEN_ENABLE_INDET_BTT_SF.I_INDET_BTT/I_DATA_FIFO/BLK_MEM.I_SYNC_FIFOGEN_FIFO/xpm_fifo_base_inst/wr_clk
    SLICE_X26Y61         FDSE                                         r  system_i/dma/U0/I_PRMRY_DATAMOVER/GEN_S2MM_FULL.I_S2MM_FULL_WRAPPER/GEN_ENABLE_INDET_BTT_SF.I_INDET_BTT/I_DATA_FIFO/BLK_MEM.I_SYNC_FIFOGEN_FIFO/xpm_fifo_base_inst/gen_pntr_flags_cc.gen_full_rst_val.ram_full_i_reg/C
  -------------------------------------------------------------------    -------------------
    SLICE_X26Y61         FDSE (Prop_DFF_SLICEL_C_Q)
                                                      0.114     2.947 f  system_i/dma/U0/I_PRMRY_DATAMOVER/GEN_S2MM_FULL.I_S2MM_FULL_WRAPPER/GEN_ENABLE_INDET_BTT_SF.I_INDET_BTT/I_DATA_FIFO/BLK_MEM.I_SYNC_FIFOGEN_FIFO/xpm_fifo_base_inst/gen_pntr_flags_cc.gen_full_rst_val.ram_full_i_reg/Q
                         net (fo=5, routed)           1.226     4.173    system_i/dma/U0/I_PRMRY_DATAMOVER/GEN_S2MM_FULL.I_S2MM_FULL_WRAPPER/GEN_ENABLE_INDET_BTT_SF.I_INDET_BTT/I_XD_FIFO/full
    SLICE_X15Y91         LUT5 (Prop_H6LUT_SLICEL_I0_O)
                                                      0.153     4.326 f  system_i/dma/U0/I_PRMRY_DATAMOVER/GEN_S2MM_FULL.I_S2MM_FULL_WRAPPER/GEN_ENABLE_INDET_BTT_SF.I_INDET_BTT/I_XD_FIFO/sig_eop_sent_reg_i_3/O
                         net (fo=5, routed)           0.294     4.619    system_i/dma/U0/I_PRMRY_DATAMOVER/GEN_S2MM_FULL.I_S2MM_FULL_WRAPPER/GEN_INCLUDE_REALIGNER.I_S2MM_REALIGNER/GEN_INCLUDE_SCATTER.I_S2MM_SCATTER/I_MSSAI_SKID_BUF/sig_eop_sent_reg_reg
    SLICE_X16Y88         LUT2 (Prop_D6LUT_SLICEL_I1_O)
                                                      0.081     4.700 r  system_i/dma/U0/I_PRMRY_DATAMOVER/GEN_S2MM_FULL.I_S2MM_FULL_WRAPPER/GEN_INCLUDE_REALIGNER.I_S2MM_REALIGNER/GEN_INCLUDE_SCATTER.I_S2MM_SCATTER/I_MSSAI_SKID_BUF/BLK_MEM.I_SYNC_FIFOGEN_FIFO_i_1__0/O
                         net (fo=33, routed)          1.027     5.728    system_i/dma/U0/I_PRMRY_DATAMOVER/GEN_S2MM_FULL.I_S2MM_FULL_WRAPPER/GEN_ENABLE_INDET_BTT_SF.I_INDET_BTT/I_DATA_FIFO/BLK_MEM.I_SYNC_FIFOGEN_FIFO/xpm_fifo_base_inst/xpm_fifo_rst_inst/wr_en
    SLICE_X26Y61         LUT4 (Prop_C5LUT_SLICEL_I0_O)
                                                      0.135     5.863 r  system_i/dma/U0/I_PRMRY_DATAMOVER/GEN_S2MM_FULL.I_S2MM_FULL_WRAPPER/GEN_ENABLE_INDET_BTT_SF.I_INDET_BTT/I_DATA_FIFO/BLK_MEM.I_SYNC_FIFOGEN_FIFO/xpm_fifo_base_inst/xpm_fifo_rst_inst/gen_sdpram.xpm_memory_base_inst_i_1/O
                         net (fo=28, routed)          0.531     6.394    system_i/dma/U0/I_PRMRY_DATAMOVER/GEN_S2MM_FULL.I_S2MM_FULL_WRAPPER/GEN_ENABLE_INDET_BTT_SF.I_INDET_BTT/I_DATA_FIFO/BLK_MEM.I_SYNC_FIFOGEN_FIFO/xpm_fifo_base_inst/gen_sdpram.xpm_memory_base_inst/wea[0]
    RAMB18_X0Y22         RAMB18E2                                     r  system_i/dma/U0/I_PRMRY_DATAMOVER/GEN_S2MM_FULL.I_S2MM_FULL_WRAPPER/GEN_ENABLE_INDET_BTT_SF.I_INDET_BTT/I_DATA_FIFO/BLK_MEM.I_SYNC_FIFOGEN_FIFO/xpm_fifo_base_inst/gen_sdpram.xpm_memory_base_inst/gen_wr_a.gen_word_narrow.mem_reg_1/WEBWE[1]
  -------------------------------------------------------------------    -------------------

                         (clock clk_pl_0 rise edge)
                                                     10.000    10.000 r  
    PS8_X0Y0             PS8                          0.000    10.000 r  system_i/ps/inst/PS8_i/PLCLK[0]
                         net (fo=1, routed)           0.181    10.181    system_i/ps/inst/pl_clk_unbuffered[0]
    BUFG_PS_X0Y80        BUFG_PS (Prop_BUFG_PS_I_O)
                                                      0.035    10.216 r  system_i/ps/inst/buffer_pl_clk_0.PL_CLK_0_BUFG/O
    X0Y1 (CLOCK_ROOT)    net (fo=8144, routed)        2.335    12.551    system_i/dma/U0/I_PRMRY_DATAMOVER/GEN_S2MM_FULL.I_S2MM_FULL_WRAPPER/GEN_ENABLE_INDET_BTT_SF.I_INDET_BTT/I_DATA_FIFO/BLK_MEM.I_SYNC_FIFOGEN_FIFO/xpm_fifo_base_inst/gen_sdpram.xpm_memory_base_inst/clka
    RAMB18_X0Y22         RAMB18E2                                     r  system_i/dma/U0/I_PRMRY_DATAMOVER/GEN_S2MM_FULL.I_S2MM_FULL_WRAPPER/GEN_ENABLE_INDET_BTT_SF.I_INDET_BTT/I_DATA_FIFO/BLK_MEM.I_SYNC_FIFOGEN_FIFO/xpm_fifo_base_inst/gen_sdpram.xpm_memory_base_inst/gen_wr_a.gen_word_narrow.mem_reg_1/CLKBWRCLK
                         clock pessimism              0.144    12.695    
                         clock uncertainty           -0.160    12.535    
    RAMB18_X0Y22         RAMB18E2 (Setup_RAMB18E2_L_RAMB180_CLKBWRCLK_WEBWE[1])
                                                     -0.611    11.924    system_i/dma/U0/I_PRMRY_DATAMOVER/GEN_S2MM_FULL.I_S2MM_FULL_WRAPPER/GEN_ENABLE_INDET_BTT_SF.I_INDET_BTT/I_DATA_FIFO/BLK_MEM.I_SYNC_FIFOGEN_FIFO/xpm_fifo_base_inst/gen_sdpram.xpm_memory_base_inst/gen_wr_a.gen_word_narrow.mem_reg_1
  -------------------------------------------------------------------
                         required time                         11.924    
                         arrival time                          -6.394    
  -------------------------------------------------------------------
                         slack                                  5.530    

Slack (MET) :             5.579ns  (required time - arrival time)
  Source:                 system_i/dma/U0/I_PRMRY_DATAMOVER/GEN_S2MM_FULL.I_S2MM_FULL_WRAPPER/GEN_ENABLE_INDET_BTT_SF.I_INDET_BTT/I_DATA_FIFO/BLK_MEM.I_SYNC_FIFOGEN_FIFO/xpm_fifo_base_inst/gen_pntr_flags_cc.gen_full_rst_val.ram_full_i_reg/C
                            (rising edge-triggered cell FDSE clocked by clk_pl_0  {rise@0.000ns fall@5.000ns period=10.000ns})
  Destination:            system_i/dma/U0/I_PRMRY_DATAMOVER/GEN_S2MM_FULL.I_S2MM_FULL_WRAPPER/GEN_ENABLE_INDET_BTT_SF.I_INDET_BTT/I_DATA_FIFO/BLK_MEM.I_SYNC_FIFOGEN_FIFO/xpm_fifo_base_inst/gen_sdpram.xpm_memory_base_inst/gen_wr_a.gen_word_narrow.mem_reg_1/ENBWREN
                            (rising edge-triggered cell RAMB18E2 clocked by clk_pl_0  {rise@0.000ns fall@5.000ns period=10.000ns})
  Path Group:             clk_pl_0
  Path Type:              Setup (Max at Slow Process Corner)
  Requirement:            10.000ns  (clk_pl_0 rise@10.000ns - clk_pl_0 rise@0.000ns)
  Data Path Delay:        3.661ns  (logic 0.483ns (13.193%)  route 3.178ns (86.807%))
  Logic Levels:           3  (LUT2=1 LUT4=1 LUT5=1)
  Clock Path Skew:        -0.138ns (DCD - SCD + CPR)
    Destination Clock Delay (DCD):    2.551ns = ( 12.551 - 10.000 ) 
    Source Clock Delay      (SCD):    2.833ns
    Clock Pessimism Removal (CPR):    0.144ns
  Clock Uncertainty:      0.160ns  ((TSJ^2 + DJ^2)^1/2) / 2 + PE
    Total System Jitter     (TSJ):    0.071ns
    Discrete Jitter          (DJ):    0.312ns
    Phase Error              (PE):    0.000ns
  Clock Net Delay (Source):      2.566ns (routing 1.045ns, distribution 1.521ns)
  Clock Net Delay (Destination): 2.335ns (routing 0.955ns, distribution 1.380ns)

    Location             Delay type                Incr(ns)  Path(ns)    Netlist Resource(s)
  -------------------------------------------------------------------    -------------------
                         (clock clk_pl_0 rise edge)
                                                      0.000     0.000 r  
    PS8_X0Y0             PS8                          0.000     0.000 r  system_i/ps/inst/PS8_i/PLCLK[0]
                         net (fo=1, routed)           0.229     0.229    system_i/ps/inst/pl_clk_unbuffered[0]
    BUFG_PS_X0Y80        BUFG_PS (Prop_BUFG_PS_I_O)
                                                      0.038     0.267 r  system_i/ps/inst/buffer_pl_clk_0.PL_CLK_0_BUFG/O
    X0Y1 (CLOCK_ROOT)    net (fo=8144, routed)        2.566     2.833    system_i/dma/U0/I_PRMRY_DATAMOVER/GEN_S2MM_FULL.I_S2MM_FULL_WRAPPER/GEN_ENABLE_INDET_BTT_SF.I_INDET_BTT/I_DATA_FIFO/BLK_MEM.I_SYNC_FIFOGEN_FIFO/xpm_fifo_base_inst/wr_clk
    SLICE_X26Y61         FDSE                                         r  system_i/dma/U0/I_PRMRY_DATAMOVER/GEN_S2MM_FULL.I_S2MM_FULL_WRAPPER/GEN_ENABLE_INDET_BTT_SF.I_INDET_BTT/I_DATA_FIFO/BLK_MEM.I_SYNC_FIFOGEN_FIFO/xpm_fifo_base_inst/gen_pntr_flags_cc.gen_full_rst_val.ram_full_i_reg/C
  -------------------------------------------------------------------    -------------------
    SLICE_X26Y61         FDSE (Prop_DFF_SLICEL_C_Q)
                                                      0.114     2.947 f  system_i/dma/U0/I_PRMRY_DATAMOVER/GEN_S2MM_FULL.I_S2MM_FULL_WRAPPER/GEN_ENABLE_INDET_BTT_SF.I_INDET_BTT/I_DATA_FIFO/BLK_MEM.I_SYNC_FIFOGEN_FIFO/xpm_fifo_base_inst/gen_pntr_flags_cc.gen_full_rst_val.ram_full_i_reg/Q
                         net (fo=5, routed)           1.226     4.173    system_i/dma/U0/I_PRMRY_DATAMOVER/GEN_S2MM_FULL.I_S2MM_FULL_WRAPPER/GEN_ENABLE_INDET_BTT_SF.I_INDET_BTT/I_XD_FIFO/full
    SLICE_X15Y91         LUT5 (Prop_H6LUT_SLICEL_I0_O)
                                                      0.153     4.326 f  system_i/dma/U0/I_PRMRY_DATAMOVER/GEN_S2MM_FULL.I_S2MM_FULL_WRAPPER/GEN_ENABLE_INDET_BTT_SF.I_INDET_BTT/I_XD_FIFO/sig_eop_sent_reg_i_3/O
                         net (fo=5, routed)           0.294     4.619    system_i/dma/U0/I_PRMRY_DATAMOVER/GEN_S2MM_FULL.I_S2MM_FULL_WRAPPER/GEN_INCLUDE_REALIGNER.I_S2MM_REALIGNER/GEN_INCLUDE_SCATTER.I_S2MM_SCATTER/I_MSSAI_SKID_BUF/sig_eop_sent_reg_reg
    SLICE_X16Y88         LUT2 (Prop_D6LUT_SLICEL_I1_O)
                                                      0.081     4.700 r  system_i/dma/U0/I_PRMRY_DATAMOVER/GEN_S2MM_FULL.I_S2MM_FULL_WRAPPER/GEN_INCLUDE_REALIGNER.I_S2MM_REALIGNER/GEN_INCLUDE_SCATTER.I_S2MM_SCATTER/I_MSSAI_SKID_BUF/BLK_MEM.I_SYNC_FIFOGEN_FIFO_i_1__0/O
                         net (fo=33, routed)          1.027     5.728    system_i/dma/U0/I_PRMRY_DATAMOVER/GEN_S2MM_FULL.I_S2MM_FULL_WRAPPER/GEN_ENABLE_INDET_BTT_SF.I_INDET_BTT/I_DATA_FIFO/BLK_MEM.I_SYNC_FIFOGEN_FIFO/xpm_fifo_base_inst/xpm_fifo_rst_inst/wr_en
    SLICE_X26Y61         LUT4 (Prop_C5LUT_SLICEL_I0_O)
                                                      0.135     5.863 r  system_i/dma/U0/I_PRMRY_DATAMOVER/GEN_S2MM_FULL.I_S2MM_FULL_WRAPPER/GEN_ENABLE_INDET_BTT_SF.I_INDET_BTT/I_DATA_FIFO/BLK_MEM.I_SYNC_FIFOGEN_FIFO/xpm_fifo_base_inst/xpm_fifo_rst_inst/gen_sdpram.xpm_memory_base_inst_i_1/O
                         net (fo=28, routed)          0.631     6.494    system_i/dma/U0/I_PRMRY_DATAMOVER/GEN_S2MM_FULL.I_S2MM_FULL_WRAPPER/GEN_ENABLE_INDET_BTT_SF.I_INDET_BTT/I_DATA_FIFO/BLK_MEM.I_SYNC_FIFOGEN_FIFO/xpm_fifo_base_inst/gen_sdpram.xpm_memory_base_inst/wea[0]
    RAMB18_X0Y22         RAMB18E2                                     r  system_i/dma/U0/I_PRMRY_DATAMOVER/GEN_S2MM_FULL.I_S2MM_FULL_WRAPPER/GEN_ENABLE_INDET_BTT_SF.I_INDET_BTT/I_DATA_FIFO/BLK_MEM.I_SYNC_FIFOGEN_FIFO/xpm_fifo_base_inst/gen_sdpram.xpm_memory_base_inst/gen_wr_a.gen_word_narrow.mem_reg_1/ENBWREN
  -------------------------------------------------------------------    -------------------

                         (clock clk_pl_0 rise edge)
                                                     10.000    10.000 r  
    PS8_X0Y0             PS8                          0.000    10.000 r  system_i/ps/inst/PS8_i/PLCLK[0]
                         net (fo=1, routed)           0.181    10.181    system_i/ps/inst/pl_clk_unbuffered[0]
    BUFG_PS_X0Y80        BUFG_PS (Prop_BUFG_PS_I_O)
                                                      0.035    10.216 r  system_i/ps/inst/buffer_pl_clk_0.PL_CLK_0_BUFG/O
    X0Y1 (CLOCK_ROOT)    net (fo=8144, routed)        2.335    12.551    system_i/dma/U0/I_PRMRY_DATAMOVER/GEN_S2MM_FULL.I_S2MM_FULL_WRAPPER/GEN_ENABLE_INDET_BTT_SF.I_INDET_BTT/I_DATA_FIFO/BLK_MEM.I_SYNC_FIFOGEN_FIFO/xpm_fifo_base_inst/gen_sdpram.xpm_memory_base_inst/clka
    RAMB18_X0Y22         RAMB18E2                                     r  system_i/dma/U0/I_PRMRY_DATAMOVER/GEN_S2MM_FULL.I_S2MM_FULL_WRAPPER/GEN_ENABLE_INDET_BTT_SF.I_INDET_BTT/I_DATA_FIFO/BLK_MEM.I_SYNC_FIFOGEN_FIFO/xpm_fifo_base_inst/gen_sdpram.xpm_memory_base_inst/gen_wr_a.gen_word_narrow.mem_reg_1/CLKBWRCLK
                         clock pessimism              0.144    12.695    
                         clock uncertainty           -0.160    12.535    
    RAMB18_X0Y22         RAMB18E2 (Setup_RAMB18E2_L_RAMB180_CLKBWRCLK_ENBWREN)
                                                     -0.462    12.073    system_i/dma/U0/I_PRMRY_DATAMOVER/GEN_S2MM_FULL.I_S2MM_FULL_WRAPPER/GEN_ENABLE_INDET_BTT_SF.I_INDET_BTT/I_DATA_FIFO/BLK_MEM.I_SYNC_FIFOGEN_FIFO/xpm_fifo_base_inst/gen_sdpram.xpm_memory_base_inst/gen_wr_a.gen_word_narrow.mem_reg_1
  -------------------------------------------------------------------
                         required time                         12.073    
                         arrival time                          -6.494    
  -------------------------------------------------------------------
                         slack                                  5.579    

Slack (MET) :             5.579ns  (required time - arrival time)
  Source:                 system_i/dma/U0/I_PRMRY_DATAMOVER/GEN_S2MM_FULL.I_S2MM_FULL_WRAPPER/GEN_ENABLE_INDET_BTT_SF.I_INDET_BTT/I_DATA_FIFO/BLK_MEM.I_SYNC_FIFOGEN_FIFO/xpm_fifo_base_inst/gen_pntr_flags_cc.gen_full_rst_val.ram_full_i_reg/C
                            (rising edge-triggered cell FDSE clocked by clk_pl_0  {rise@0.000ns fall@5.000ns period=10.000ns})
  Destination:            system_i/dma/U0/I_PRMRY_DATAMOVER/GEN_S2MM_FULL.I_S2MM_FULL_WRAPPER/GEN_ENABLE_INDET_BTT_SF.I_INDET_BTT/I_DATA_FIFO/BLK_MEM.I_SYNC_FIFOGEN_FIFO/xpm_fifo_base_inst/gen_sdpram.xpm_memory_base_inst/gen_wr_a.gen_word_narrow.mem_reg_1/WEBWE[2]
                            (rising edge-triggered cell RAMB18E2 clocked by clk_pl_0  {rise@0.000ns fall@5.000ns period=10.000ns})
  Path Group:             clk_pl_0
  Path Type:              Setup (Max at Slow Process Corner)
  Requirement:            10.000ns  (clk_pl_0 rise@10.000ns - clk_pl_0 rise@0.000ns)
  Data Path Delay:        3.512ns  (logic 0.483ns (13.753%)  route 3.029ns (86.247%))
  Logic Levels:           3  (LUT2=1 LUT4=1 LUT5=1)
  Clock Path Skew:        -0.138ns (DCD - SCD + CPR)
    Destination Clock Delay (DCD):    2.551ns = ( 12.551 - 10.000 ) 
    Source Clock Delay      (SCD):    2.833ns
    Clock Pessimism Removal (CPR):    0.144ns
  Clock Uncertainty:      0.160ns  ((TSJ^2 + DJ^2)^1/2) / 2 + PE
    Total System Jitter     (TSJ):    0.071ns
    Discrete Jitter          (DJ):    0.312ns
    Phase Error              (PE):    0.000ns
  Clock Net Delay (Source):      2.566ns (routing 1.045ns, distribution 1.521ns)
  Clock Net Delay (Destination): 2.335ns (routing 0.955ns, distribution 1.380ns)

    Location             Delay type                Incr(ns)  Path(ns)    Netlist Resource(s)
  -------------------------------------------------------------------    -------------------
                         (clock clk_pl_0 rise edge)
                                                      0.000     0.000 r  
    PS8_X0Y0             PS8                          0.000     0.000 r  system_i/ps/inst/PS8_i/PLCLK[0]
                         net (fo=1, routed)           0.229     0.229    system_i/ps/inst/pl_clk_unbuffered[0]
    BUFG_PS_X0Y80        BUFG_PS (Prop_BUFG_PS_I_O)
                                                      0.038     0.267 r  system_i/ps/inst/buffer_pl_clk_0.PL_CLK_0_BUFG/O
    X0Y1 (CLOCK_ROOT)    net (fo=8144, routed)        2.566     2.833    system_i/dma/U0/I_PRMRY_DATAMOVER/GEN_S2MM_FULL.I_S2MM_FULL_WRAPPER/GEN_ENABLE_INDET_BTT_SF.I_INDET_BTT/I_DATA_FIFO/BLK_MEM.I_SYNC_FIFOGEN_FIFO/xpm_fifo_base_inst/wr_clk
    SLICE_X26Y61         FDSE                                         r  system_i/dma/U0/I_PRMRY_DATAMOVER/GEN_S2MM_FULL.I_S2MM_FULL_WRAPPER/GEN_ENABLE_INDET_BTT_SF.I_INDET_BTT/I_DATA_FIFO/BLK_MEM.I_SYNC_FIFOGEN_FIFO/xpm_fifo_base_inst/gen_pntr_flags_cc.gen_full_rst_val.ram_full_i_reg/C
  -------------------------------------------------------------------    -------------------
    SLICE_X26Y61         FDSE (Prop_DFF_SLICEL_C_Q)
                                                      0.114     2.947 f  system_i/dma/U0/I_PRMRY_DATAMOVER/GEN_S2MM_FULL.I_S2MM_FULL_WRAPPER/GEN_ENABLE_INDET_BTT_SF.I_INDET_BTT/I_DATA_FIFO/BLK_MEM.I_SYNC_FIFOGEN_FIFO/xpm_fifo_base_inst/gen_pntr_flags_cc.gen_full_rst_val.ram_full_i_reg/Q
                         net (fo=5, routed)           1.226     4.173    system_i/dma/U0/I_PRMRY_DATAMOVER/GEN_S2MM_FULL.I_S2MM_FULL_WRAPPER/GEN_ENABLE_INDET_BTT_SF.I_INDET_BTT/I_XD_FIFO/full
    SLICE_X15Y91         LUT5 (Prop_H6LUT_SLICEL_I0_O)
                                                      0.153     4.326 f  system_i/dma/U0/I_PRMRY_DATAMOVER/GEN_S2MM_FULL.I_S2MM_FULL_WRAPPER/GEN_ENABLE_INDET_BTT_SF.I_INDET_BTT/I_XD_FIFO/sig_eop_sent_reg_i_3/O
                         net (fo=5, routed)           0.294     4.619    system_i/dma/U0/I_PRMRY_DATAMOVER/GEN_S2MM_FULL.I_S2MM_FULL_WRAPPER/GEN_INCLUDE_REALIGNER.I_S2MM_REALIGNER/GEN_INCLUDE_SCATTER.I_S2MM_SCATTER/I_MSSAI_SKID_BUF/sig_eop_sent_reg_reg
    SLICE_X16Y88         LUT2 (Prop_D6LUT_SLICEL_I1_O)
                                                      0.081     4.700 r  system_i/dma/U0/I_PRMRY_DATAMOVER/GEN_S2MM_FULL.I_S2MM_FULL_WRAPPER/GEN_INCLUDE_REALIGNER.I_S2MM_REALIGNER/GEN_INCLUDE_SCATTER.I_S2MM_SCATTER/I_MSSAI_SKID_BUF/BLK_MEM.I_SYNC_FIFOGEN_FIFO_i_1__0/O
                         net (fo=33, routed)          1.027     5.728    system_i/dma/U0/I_PRMRY_DATAMOVER/GEN_S2MM_FULL.I_S2MM_FULL_WRAPPER/GEN_ENABLE_INDET_BTT_SF.I_INDET_BTT/I_DATA_FIFO/BLK_MEM.I_SYNC_FIFOGEN_FIFO/xpm_fifo_base_inst/xpm_fifo_rst_inst/wr_en
    SLICE_X26Y61         LUT4 (Prop_C5LUT_SLICEL_I0_O)
                                                      0.135     5.863 r  system_i/dma/U0/I_PRMRY_DATAMOVER/GEN_S2MM_FULL.I_S2MM_FULL_WRAPPER/GEN_ENABLE_INDET_BTT_SF.I_INDET_BTT/I_DATA_FIFO/BLK_MEM.I_SYNC_FIFOGEN_FIFO/xpm_fifo_base_inst/xpm_fifo_rst_inst/gen_sdpram.xpm_memory_base_inst_i_1/O
                         net (fo=28, routed)          0.482     6.344    system_i/dma/U0/I_PRMRY_DATAMOVER/GEN_S2MM_FULL.I_S2MM_FULL_WRAPPER/GEN_ENABLE_INDET_BTT_SF.I_INDET_BTT/I_DATA_FIFO/BLK_MEM.I_SYNC_FIFOGEN_FIFO/xpm_fifo_base_inst/gen_sdpram.xpm_memory_base_inst/wea[0]
    RAMB18_X0Y22         RAMB18E2                                     r  system_i/dma/U0/I_PRMRY_DATAMOVER/GEN_S2MM_FULL.I_S2MM_FULL_WRAPPER/GEN_ENABLE_INDET_BTT_SF.I_INDET_BTT/I_DATA_FIFO/BLK_MEM.I_SYNC_FIFOGEN_FIFO/xpm_fifo_base_inst/gen_sdpram.xpm_memory_base_inst/gen_wr_a.gen_word_narrow.mem_reg_1/WEBWE[2]
  -------------------------------------------------------------------    -------------------

                         (clock clk_pl_0 rise edge)
                                                     10.000    10.000 r  
    PS8_X0Y0             PS8                          0.000    10.000 r  system_i/ps/inst/PS8_i/PLCLK[0]
                         net (fo=1, routed)           0.181    10.181    system_i/ps/inst/pl_clk_unbuffered[0]
    BUFG_PS_X0Y80        BUFG_PS (Prop_BUFG_PS_I_O)
                                                      0.035    10.216 r  system_i/ps/inst/buffer_pl_clk_0.PL_CLK_0_BUFG/O
    X0Y1 (CLOCK_ROOT)    net (fo=8144, routed)        2.335    12.551    system_i/dma/U0/I_PRMRY_DATAMOVER/GEN_S2MM_FULL.I_S2MM_FULL_WRAPPER/GEN_ENABLE_INDET_BTT_SF.I_INDET_BTT/I_DATA_FIFO/BLK_MEM.I_SYNC_FIFOGEN_FIFO/xpm_fifo_base_inst/gen_sdpram.xpm_memory_base_inst/clka
    RAMB18_X0Y22         RAMB18E2                                     r  system_i/dma/U0/I_PRMRY_DATAMOVER/GEN_S2MM_FULL.I_S2MM_FULL_WRAPPER/GEN_ENABLE_INDET_BTT_SF.I_INDET_BTT/I_DATA_FIFO/BLK_MEM.I_SYNC_FIFOGEN_FIFO/xpm_fifo_base_inst/gen_sdpram.xpm_memory_base_inst/gen_wr_a.gen_word_narrow.mem_reg_1/CLKBWRCLK
                         clock pessimism              0.144    12.695    
                         clock uncertainty           -0.160    12.535    
    RAMB18_X0Y22         RAMB18E2 (Setup_RAMB18E2_L_RAMB180_CLKBWRCLK_WEBWE[2])
                                                     -0.611    11.924    system_i/dma/U0/I_PRMRY_DATAMOVER/GEN_S2MM_FULL.I_S2MM_FULL_WRAPPER/GEN_ENABLE_INDET_BTT_SF.I_INDET_BTT/I_DATA_FIFO/BLK_MEM.I_SYNC_FIFOGEN_FIFO/xpm_fifo_base_inst/gen_sdpram.xpm_memory_base_inst/gen_wr_a.gen_word_narrow.mem_reg_1
  -------------------------------------------------------------------
                         required time                         11.924    
                         arrival time                          -6.344    
  -------------------------------------------------------------------
                         slack                                  5.579    

Slack (MET) :             5.599ns  (required time - arrival time)
  Source:                 system_i/dma/U0/I_PRMRY_DATAMOVER/GEN_S2MM_FULL.I_S2MM_FULL_WRAPPER/GEN_ENABLE_INDET_BTT_SF.I_INDET_BTT/I_DATA_FIFO/BLK_MEM.I_SYNC_FIFOGEN_FIFO/xpm_fifo_base_inst/gen_pntr_flags_cc.gen_full_rst_val.ram_full_i_reg/C
                            (rising edge-triggered cell FDSE clocked by clk_pl_0  {rise@0.000ns fall@5.000ns period=10.000ns})
  Destination:            system_i/dma/U0/I_PRMRY_DATAMOVER/GEN_S2MM_FULL.I_S2MM_FULL_WRAPPER/GEN_INCLUDE_REALIGNER.I_S2MM_REALIGNER/GEN_INCLUDE_SCATTER.I_S2MM_SCATTER/I_MSSAI_SKID_BUF/sig_data_reg_out_reg[17]/CE
                            (rising edge-triggered cell FDRE clocked by clk_pl_0  {rise@0.000ns fall@5.000ns period=10.000ns})
  Path Group:             clk_pl_0
  Path Type:              Setup (Max at Slow Process Corner)
  Requirement:            10.000ns  (clk_pl_0 rise@10.000ns - clk_pl_0 rise@0.000ns)
  Data Path Delay:        4.056ns  (logic 0.413ns (10.183%)  route 3.643ns (89.817%))
  Logic Levels:           3  (LUT2=1 LUT3=1 LUT5=1)
  Clock Path Skew:        -0.104ns (DCD - SCD + CPR)
    Destination Clock Delay (DCD):    2.528ns = ( 12.528 - 10.000 ) 
    Source Clock Delay      (SCD):    2.833ns
    Clock Pessimism Removal (CPR):    0.201ns
  Clock Uncertainty:      0.160ns  ((TSJ^2 + DJ^2)^1/2) / 2 + PE
    Total System Jitter     (TSJ):    0.071ns
    Discrete Jitter          (DJ):    0.312ns
    Phase Error              (PE):    0.000ns
  Clock Net Delay (Source):      2.566ns (routing 1.045ns, distribution 1.521ns)
  Clock Net Delay (Destination): 2.312ns (routing 0.955ns, distribution 1.357ns)

    Location             Delay type                Incr(ns)  Path(ns)    Netlist Resource(s)
  -------------------------------------------------------------------    -------------------
                         (clock clk_pl_0 rise edge)
                                                      0.000     0.000 r  
    PS8_X0Y0             PS8                          0.000     0.000 r  system_i/ps/inst/PS8_i/PLCLK[0]
                         net (fo=1, routed)           0.229     0.229    system_i/ps/inst/pl_clk_unbuffered[0]
    BUFG_PS_X0Y80        BUFG_PS (Prop_BUFG_PS_I_O)
                                                      0.038     0.267 r  system_i/ps/inst/buffer_pl_clk_0.PL_CLK_0_BUFG/O
    X0Y1 (CLOCK_ROOT)    net (fo=8144, routed)        2.566     2.833    system_i/dma/U0/I_PRMRY_DATAMOVER/GEN_S2MM_FULL.I_S2MM_FULL_WRAPPER/GEN_ENABLE_INDET_BTT_SF.I_INDET_BTT/I_DATA_FIFO/BLK_MEM.I_SYNC_FIFOGEN_FIFO/xpm_fifo_base_inst/wr_clk
    SLICE_X26Y61         FDSE                                         r  system_i/dma/U0/I_PRMRY_DATAMOVER/GEN_S2MM_FULL.I_S2MM_FULL_WRAPPER/GEN_ENABLE_INDET_BTT_SF.I_INDET_BTT/I_DATA_FIFO/BLK_MEM.I_SYNC_FIFOGEN_FIFO/xpm_fifo_base_inst/gen_pntr_flags_cc.gen_full_rst_val.ram_full_i_reg/C
  -------------------------------------------------------------------    -------------------
    SLICE_X26Y61         FDSE (Prop_DFF_SLICEL_C_Q)
                                                      0.114     2.947 f  system_i/dma/U0/I_PRMRY_DATAMOVER/GEN_S2MM_FULL.I_S2MM_FULL_WRAPPER/GEN_ENABLE_INDET_BTT_SF.I_INDET_BTT/I_DATA_FIFO/BLK_MEM.I_SYNC_FIFOGEN_FIFO/xpm_fifo_base_inst/gen_pntr_flags_cc.gen_full_rst_val.ram_full_i_reg/Q
                         net (fo=5, routed)           1.226     4.173    system_i/dma/U0/I_PRMRY_DATAMOVER/GEN_S2MM_FULL.I_S2MM_FULL_WRAPPER/GEN_ENABLE_INDET_BTT_SF.I_INDET_BTT/I_XD_FIFO/full
    SLICE_X15Y91         LUT5 (Prop_H6LUT_SLICEL_I0_O)
                                                      0.153     4.326 f  system_i/dma/U0/I_PRMRY_DATAMOVER/GEN_S2MM_FULL.I_S2MM_FULL_WRAPPER/GEN_ENABLE_INDET_BTT_SF.I_INDET_BTT/I_XD_FIFO/sig_eop_sent_reg_i_3/O
                         net (fo=5, routed)           0.294     4.619    system_i/dma/U0/I_PRMRY_DATAMOVER/GEN_S2MM_FULL.I_S2MM_FULL_WRAPPER/GEN_INCLUDE_REALIGNER.I_S2MM_REALIGNER/GEN_INCLUDE_SCATTER.I_S2MM_SCATTER/I_MSSAI_SKID_BUF/sig_eop_sent_reg_reg
    SLICE_X16Y88         LUT3 (Prop_D5LUT_SLICEL_I2_O)
                                                      0.088     4.707 r  system_i/dma/U0/I_PRMRY_DATAMOVER/GEN_S2MM_FULL.I_S2MM_FULL_WRAPPER/GEN_INCLUDE_REALIGNER.I_S2MM_REALIGNER/GEN_INCLUDE_SCATTER.I_S2MM_SCATTER/I_MSSAI_SKID_BUF/sig_s_ready_dup_i_2__0/O
                         net (fo=3, routed)           0.193     4.900    system_i/dma/U0/I_PRMRY_DATAMOVER/GEN_S2MM_FULL.I_S2MM_FULL_WRAPPER/GEN_INCLUDE_REALIGNER.I_S2MM_REALIGNER/GEN_INCLUDE_SCATTER.I_S2MM_SCATTER/I_MSSAI_SKID_BUF/sig_s_ready_dup_i_2__0_n_0
    SLICE_X16Y88         LUT2 (Prop_A6LUT_SLICEL_I0_O)
                                                      0.058     4.958 r  system_i/dma/U0/I_PRMRY_DATAMOVER/GEN_S2MM_FULL.I_S2MM_FULL_WRAPPER/GEN_INCLUDE_REALIGNER.I_S2MM_REALIGNER/GEN_INCLUDE_SCATTER.I_S2MM_SCATTER/I_MSSAI_SKID_BUF/sig_data_reg_out[63]_i_1__0/O
                         net (fo=76, routed)          1.930     6.888    system_i/dma/U0/I_PRMRY_DATAMOVER/GEN_S2MM_FULL.I_S2MM_FULL_WRAPPER/GEN_INCLUDE_REALIGNER.I_S2MM_REALIGNER/GEN_INCLUDE_SCATTER.I_S2MM_SCATTER/I_MSSAI_SKID_BUF/sig_data_reg_out_en
    SLICE_X29Y63         FDRE                                         r  system_i/dma/U0/I_PRMRY_DATAMOVER/GEN_S2MM_FULL.I_S2MM_FULL_WRAPPER/GEN_INCLUDE_REALIGNER.I_S2MM_REALIGNER/GEN_INCLUDE_SCATTER.I_S2MM_SCATTER/I_MSSAI_SKID_BUF/sig_data_reg_out_reg[17]/CE
  -------------------------------------------------------------------    -------------------

                         (clock clk_pl_0 rise edge)
                                                     10.000    10.000 r  
    PS8_X0Y0             PS8                          0.000    10.000 r  system_i/ps/inst/PS8_i/PLCLK[0]
                         net (fo=1, routed)           0.181    10.181    system_i/ps/inst/pl_clk_unbuffered[0]
    BUFG_PS_X0Y80        BUFG_PS (Prop_BUFG_PS_I_O)
                                                      0.035    10.216 r  system_i/ps/inst/buffer_pl_clk_0.PL_CLK_0_BUFG/O
    X0Y1 (CLOCK_ROOT)    net (fo=8144, routed)        2.312    12.528    system_i/dma/U0/I_PRMRY_DATAMOVER/GEN_S2MM_FULL.I_S2MM_FULL_WRAPPER/GEN_INCLUDE_REALIGNER.I_S2MM_REALIGNER/GEN_INCLUDE_SCATTER.I_S2MM_SCATTER/I_MSSAI_SKID_BUF/s_axi_lite_aclk
    SLICE_X29Y63         FDRE                                         r  system_i/dma/U0/I_PRMRY_DATAMOVER/GEN_S2MM_FULL.I_S2MM_FULL_WRAPPER/GEN_INCLUDE_REALIGNER.I_S2MM_REALIGNER/GEN_INCLUDE_SCATTER.I_S2MM_SCATTER/I_MSSAI_SKID_BUF/sig_data_reg_out_reg[17]/C
                         clock pessimism              0.201    12.729    
                         clock uncertainty           -0.160    12.569    
    SLICE_X29Y63         FDRE (Setup_HFF_SLICEM_C_CE)
                                                     -0.081    12.488    system_i/dma/U0/I_PRMRY_DATAMOVER/GEN_S2MM_FULL.I_S2MM_FULL_WRAPPER/GEN_INCLUDE_REALIGNER.I_S2MM_REALIGNER/GEN_INCLUDE_SCATTER.I_S2MM_SCATTER/I_MSSAI_SKID_BUF/sig_data_reg_out_reg[17]
  -------------------------------------------------------------------
                         required time                         12.488    
                         arrival time                          -6.888    
  -------------------------------------------------------------------
                         slack                                  5.599    

Slack (MET) :             5.599ns  (required time - arrival time)
  Source:                 system_i/dma/U0/I_PRMRY_DATAMOVER/GEN_S2MM_FULL.I_S2MM_FULL_WRAPPER/GEN_ENABLE_INDET_BTT_SF.I_INDET_BTT/I_DATA_FIFO/BLK_MEM.I_SYNC_FIFOGEN_FIFO/xpm_fifo_base_inst/gen_pntr_flags_cc.gen_full_rst_val.ram_full_i_reg/C
                            (rising edge-triggered cell FDSE clocked by clk_pl_0  {rise@0.000ns fall@5.000ns period=10.000ns})
  Destination:            system_i/dma/U0/I_PRMRY_DATAMOVER/GEN_S2MM_FULL.I_S2MM_FULL_WRAPPER/GEN_INCLUDE_REALIGNER.I_S2MM_REALIGNER/GEN_INCLUDE_SCATTER.I_S2MM_SCATTER/I_MSSAI_SKID_BUF/sig_data_reg_out_reg[24]/CE
                            (rising edge-triggered cell FDRE clocked by clk_pl_0  {rise@0.000ns fall@5.000ns period=10.000ns})
  Path Group:             clk_pl_0
  Path Type:              Setup (Max at Slow Process Corner)
  Requirement:            10.000ns  (clk_pl_0 rise@10.000ns - clk_pl_0 rise@0.000ns)
  Data Path Delay:        4.056ns  (logic 0.413ns (10.183%)  route 3.643ns (89.817%))
  Logic Levels:           3  (LUT2=1 LUT3=1 LUT5=1)
  Clock Path Skew:        -0.104ns (DCD - SCD + CPR)
    Destination Clock Delay (DCD):    2.528ns = ( 12.528 - 10.000 ) 
    Source Clock Delay      (SCD):    2.833ns
    Clock Pessimism Removal (CPR):    0.201ns
  Clock Uncertainty:      0.160ns  ((TSJ^2 + DJ^2)^1/2) / 2 + PE
    Total System Jitter     (TSJ):    0.071ns
    Discrete Jitter          (DJ):    0.312ns
    Phase Error              (PE):    0.000ns
  Clock Net Delay (Source):      2.566ns (routing 1.045ns, distribution 1.521ns)
  Clock Net Delay (Destination): 2.312ns (routing 0.955ns, distribution 1.357ns)

    Location             Delay type                Incr(ns)  Path(ns)    Netlist Resource(s)
  -------------------------------------------------------------------    -------------------
                         (clock clk_pl_0 rise edge)
                                                      0.000     0.000 r  
    PS8_X0Y0             PS8                          0.000     0.000 r  system_i/ps/inst/PS8_i/PLCLK[0]
                         net (fo=1, routed)           0.229     0.229    system_i/ps/inst/pl_clk_unbuffered[0]
    BUFG_PS_X0Y80        BUFG_PS (Prop_BUFG_PS_I_O)
                                                      0.038     0.267 r  system_i/ps/inst/buffer_pl_clk_0.PL_CLK_0_BUFG/O
    X0Y1 (CLOCK_ROOT)    net (fo=8144, routed)        2.566     2.833    system_i/dma/U0/I_PRMRY_DATAMOVER/GEN_S2MM_FULL.I_S2MM_FULL_WRAPPER/GEN_ENABLE_INDET_BTT_SF.I_INDET_BTT/I_DATA_FIFO/BLK_MEM.I_SYNC_FIFOGEN_FIFO/xpm_fifo_base_inst/wr_clk
    SLICE_X26Y61         FDSE                                         r  system_i/dma/U0/I_PRMRY_DATAMOVER/GEN_S2MM_FULL.I_S2MM_FULL_WRAPPER/GEN_ENABLE_INDET_BTT_SF.I_INDET_BTT/I_DATA_FIFO/BLK_MEM.I_SYNC_FIFOGEN_FIFO/xpm_fifo_base_inst/gen_pntr_flags_cc.gen_full_rst_val.ram_full_i_reg/C
  -------------------------------------------------------------------    -------------------
    SLICE_X26Y61         FDSE (Prop_DFF_SLICEL_C_Q)
                                                      0.114     2.947 f  system_i/dma/U0/I_PRMRY_DATAMOVER/GEN_S2MM_FULL.I_S2MM_FULL_WRAPPER/GEN_ENABLE_INDET_BTT_SF.I_INDET_BTT/I_DATA_FIFO/BLK_MEM.I_SYNC_FIFOGEN_FIFO/xpm_fifo_base_inst/gen_pntr_flags_cc.gen_full_rst_val.ram_full_i_reg/Q
                         net (fo=5, routed)           1.226     4.173    system_i/dma/U0/I_PRMRY_DATAMOVER/GEN_S2MM_FULL.I_S2MM_FULL_WRAPPER/GEN_ENABLE_INDET_BTT_SF.I_INDET_BTT/I_XD_FIFO/full
    SLICE_X15Y91         LUT5 (Prop_H6LUT_SLICEL_I0_O)
                                                      0.153     4.326 f  system_i/dma/U0/I_PRMRY_DATAMOVER/GEN_S2MM_FULL.I_S2MM_FULL_WRAPPER/GEN_ENABLE_INDET_BTT_SF.I_INDET_BTT/I_XD_FIFO/sig_eop_sent_reg_i_3/O
                         net (fo=5, routed)           0.294     4.619    system_i/dma/U0/I_PRMRY_DATAMOVER/GEN_S2MM_FULL.I_S2MM_FULL_WRAPPER/GEN_INCLUDE_REALIGNER.I_S2MM_REALIGNER/GEN_INCLUDE_SCATTER.I_S2MM_SCATTER/I_MSSAI_SKID_BUF/sig_eop_sent_reg_reg
    SLICE_X16Y88         LUT3 (Prop_D5LUT_SLICEL_I2_O)
                                                      0.088     4.707 r  system_i/dma/U0/I_PRMRY_DATAMOVER/GEN_S2MM_FULL.I_S2MM_FULL_WRAPPER/GEN_INCLUDE_REALIGNER.I_S2MM_REALIGNER/GEN_INCLUDE_SCATTER.I_S2MM_SCATTER/I_MSSAI_SKID_BUF/sig_s_ready_dup_i_2__0/O
                         net (fo=3, routed)           0.193     4.900    system_i/dma/U0/I_PRMRY_DATAMOVER/GEN_S2MM_FULL.I_S2MM_FULL_WRAPPER/GEN_INCLUDE_REALIGNER.I_S2MM_REALIGNER/GEN_INCLUDE_SCATTER.I_S2MM_SCATTER/I_MSSAI_SKID_BUF/sig_s_ready_dup_i_2__0_n_0
    SLICE_X16Y88         LUT2 (Prop_A6LUT_SLICEL_I0_O)
                                                      0.058     4.958 r  system_i/dma/U0/I_PRMRY_DATAMOVER/GEN_S2MM_FULL.I_S2MM_FULL_WRAPPER/GEN_INCLUDE_REALIGNER.I_S2MM_REALIGNER/GEN_INCLUDE_SCATTER.I_S2MM_SCATTER/I_MSSAI_SKID_BUF/sig_data_reg_out[63]_i_1__0/O
                         net (fo=76, routed)          1.930     6.888    system_i/dma/U0/I_PRMRY_DATAMOVER/GEN_S2MM_FULL.I_S2MM_FULL_WRAPPER/GEN_INCLUDE_REALIGNER.I_S2MM_REALIGNER/GEN_INCLUDE_SCATTER.I_S2MM_SCATTER/I_MSSAI_SKID_BUF/sig_data_reg_out_en
    SLICE_X29Y63         FDRE                                         r  system_i/dma/U0/I_PRMRY_DATAMOVER/GEN_S2MM_FULL.I_S2MM_FULL_WRAPPER/GEN_INCLUDE_REALIGNER.I_S2MM_REALIGNER/GEN_INCLUDE_SCATTER.I_S2MM_SCATTER/I_MSSAI_SKID_BUF/sig_data_reg_out_reg[24]/CE
  -------------------------------------------------------------------    -------------------

                         (clock clk_pl_0 rise edge)
                                                     10.000    10.000 r  
    PS8_X0Y0             PS8                          0.000    10.000 r  system_i/ps/inst/PS8_i/PLCLK[0]
                         net (fo=1, routed)           0.181    10.181    system_i/ps/inst/pl_clk_unbuffered[0]
    BUFG_PS_X0Y80        BUFG_PS (Prop_BUFG_PS_I_O)
                                                      0.035    10.216 r  system_i/ps/inst/buffer_pl_clk_0.PL_CLK_0_BUFG/O
    X0Y1 (CLOCK_ROOT)    net (fo=8144, routed)        2.312    12.528    system_i/dma/U0/I_PRMRY_DATAMOVER/GEN_S2MM_FULL.I_S2MM_FULL_WRAPPER/GEN_INCLUDE_REALIGNER.I_S2MM_REALIGNER/GEN_INCLUDE_SCATTER.I_S2MM_SCATTER/I_MSSAI_SKID_BUF/s_axi_lite_aclk
    SLICE_X29Y63         FDRE                                         r  system_i/dma/U0/I_PRMRY_DATAMOVER/GEN_S2MM_FULL.I_S2MM_FULL_WRAPPER/GEN_INCLUDE_REALIGNER.I_S2MM_REALIGNER/GEN_INCLUDE_SCATTER.I_S2MM_SCATTER/I_MSSAI_SKID_BUF/sig_data_reg_out_reg[24]/C
                         clock pessimism              0.201    12.729    
                         clock uncertainty           -0.160    12.569    
    SLICE_X29Y63         FDRE (Setup_GFF_SLICEM_C_CE)
                                                     -0.081    12.488    system_i/dma/U0/I_PRMRY_DATAMOVER/GEN_S2MM_FULL.I_S2MM_FULL_WRAPPER/GEN_INCLUDE_REALIGNER.I_S2MM_REALIGNER/GEN_INCLUDE_SCATTER.I_S2MM_SCATTER/I_MSSAI_SKID_BUF/sig_data_reg_out_reg[24]
  -------------------------------------------------------------------
                         required time                         12.488    
                         arrival time                          -6.888    
  -------------------------------------------------------------------
                         slack                                  5.599    

Slack (MET) :             5.599ns  (required time - arrival time)
  Source:                 system_i/dma/U0/I_PRMRY_DATAMOVER/GEN_S2MM_FULL.I_S2MM_FULL_WRAPPER/GEN_ENABLE_INDET_BTT_SF.I_INDET_BTT/I_DATA_FIFO/BLK_MEM.I_SYNC_FIFOGEN_FIFO/xpm_fifo_base_inst/gen_pntr_flags_cc.gen_full_rst_val.ram_full_i_reg/C
                            (rising edge-triggered cell FDSE clocked by clk_pl_0  {rise@0.000ns fall@5.000ns period=10.000ns})
  Destination:            system_i/dma/U0/I_PRMRY_DATAMOVER/GEN_S2MM_FULL.I_S2MM_FULL_WRAPPER/GEN_INCLUDE_REALIGNER.I_S2MM_REALIGNER/GEN_INCLUDE_SCATTER.I_S2MM_SCATTER/I_MSSAI_SKID_BUF/sig_data_reg_out_reg[26]/CE
                            (rising edge-triggered cell FDRE clocked by clk_pl_0  {rise@0.000ns fall@5.000ns period=10.000ns})
  Path Group:             clk_pl_0
  Path Type:              Setup (Max at Slow Process Corner)
  Requirement:            10.000ns  (clk_pl_0 rise@10.000ns - clk_pl_0 rise@0.000ns)
  Data Path Delay:        4.056ns  (logic 0.413ns (10.183%)  route 3.643ns (89.817%))
  Logic Levels:           3  (LUT2=1 LUT3=1 LUT5=1)
  Clock Path Skew:        -0.104ns (DCD - SCD + CPR)
    Destination Clock Delay (DCD):    2.528ns = ( 12.528 - 10.000 ) 
    Source Clock Delay      (SCD):    2.833ns
    Clock Pessimism Removal (CPR):    0.201ns
  Clock Uncertainty:      0.160ns  ((TSJ^2 + DJ^2)^1/2) / 2 + PE
    Total System Jitter     (TSJ):    0.071ns
    Discrete Jitter          (DJ):    0.312ns
    Phase Error              (PE):    0.000ns
  Clock Net Delay (Source):      2.566ns (routing 1.045ns, distribution 1.521ns)
  Clock Net Delay (Destination): 2.312ns (routing 0.955ns, distribution 1.357ns)

    Location             Delay type                Incr(ns)  Path(ns)    Netlist Resource(s)
  -------------------------------------------------------------------    -------------------
                         (clock clk_pl_0 rise edge)
                                                      0.000     0.000 r  
    PS8_X0Y0             PS8                          0.000     0.000 r  system_i/ps/inst/PS8_i/PLCLK[0]
                         net (fo=1, routed)           0.229     0.229    system_i/ps/inst/pl_clk_unbuffered[0]
    BUFG_PS_X0Y80        BUFG_PS (Prop_BUFG_PS_I_O)
                                                      0.038     0.267 r  system_i/ps/inst/buffer_pl_clk_0.PL_CLK_0_BUFG/O
    X0Y1 (CLOCK_ROOT)    net (fo=8144, routed)        2.566     2.833    system_i/dma/U0/I_PRMRY_DATAMOVER/GEN_S2MM_FULL.I_S2MM_FULL_WRAPPER/GEN_ENABLE_INDET_BTT_SF.I_INDET_BTT/I_DATA_FIFO/BLK_MEM.I_SYNC_FIFOGEN_FIFO/xpm_fifo_base_inst/wr_clk
    SLICE_X26Y61         FDSE                                         r  system_i/dma/U0/I_PRMRY_DATAMOVER/GEN_S2MM_FULL.I_S2MM_FULL_WRAPPER/GEN_ENABLE_INDET_BTT_SF.I_INDET_BTT/I_DATA_FIFO/BLK_MEM.I_SYNC_FIFOGEN_FIFO/xpm_fifo_base_inst/gen_pntr_flags_cc.gen_full_rst_val.ram_full_i_reg/C
  -------------------------------------------------------------------    -------------------
    SLICE_X26Y61         FDSE (Prop_DFF_SLICEL_C_Q)
                                                      0.114     2.947 f  system_i/dma/U0/I_PRMRY_DATAMOVER/GEN_S2MM_FULL.I_S2MM_FULL_WRAPPER/GEN_ENABLE_INDET_BTT_SF.I_INDET_BTT/I_DATA_FIFO/BLK_MEM.I_SYNC_FIFOGEN_FIFO/xpm_fifo_base_inst/gen_pntr_flags_cc.gen_full_rst_val.ram_full_i_reg/Q
                         net (fo=5, routed)           1.226     4.173    system_i/dma/U0/I_PRMRY_DATAMOVER/GEN_S2MM_FULL.I_S2MM_FULL_WRAPPER/GEN_ENABLE_INDET_BTT_SF.I_INDET_BTT/I_XD_FIFO/full
    SLICE_X15Y91         LUT5 (Prop_H6LUT_SLICEL_I0_O)
                                                      0.153     4.326 f  system_i/dma/U0/I_PRMRY_DATAMOVER/GEN_S2MM_FULL.I_S2MM_FULL_WRAPPER/GEN_ENABLE_INDET_BTT_SF.I_INDET_BTT/I_XD_FIFO/sig_eop_sent_reg_i_3/O
                         net (fo=5, routed)           0.294     4.619    system_i/dma/U0/I_PRMRY_DATAMOVER/GEN_S2MM_FULL.I_S2MM_FULL_WRAPPER/GEN_INCLUDE_REALIGNER.I_S2MM_REALIGNER/GEN_INCLUDE_SCATTER.I_S2MM_SCATTER/I_MSSAI_SKID_BUF/sig_eop_sent_reg_reg
    SLICE_X16Y88         LUT3 (Prop_D5LUT_SLICEL_I2_O)
                                                      0.088     4.707 r  system_i/dma/U0/I_PRMRY_DATAMOVER/GEN_S2MM_FULL.I_S2MM_FULL_WRAPPER/GEN_INCLUDE_REALIGNER.I_S2MM_REALIGNER/GEN_INCLUDE_SCATTER.I_S2MM_SCATTER/I_MSSAI_SKID_BUF/sig_s_ready_dup_i_2__0/O
                         net (fo=3, routed)           0.193     4.900    system_i/dma/U0/I_PRMRY_DATAMOVER/GEN_S2MM_FULL.I_S2MM_FULL_WRAPPER/GEN_INCLUDE_REALIGNER.I_S2MM_REALIGNER/GEN_INCLUDE_SCATTER.I_S2MM_SCATTER/I_MSSAI_SKID_BUF/sig_s_ready_dup_i_2__0_n_0
    SLICE_X16Y88         LUT2 (Prop_A6LUT_SLICEL_I0_O)
                                                      0.058     4.958 r  system_i/dma/U0/I_PRMRY_DATAMOVER/GEN_S2MM_FULL.I_S2MM_FULL_WRAPPER/GEN_INCLUDE_REALIGNER.I_S2MM_REALIGNER/GEN_INCLUDE_SCATTER.I_S2MM_SCATTER/I_MSSAI_SKID_BUF/sig_data_reg_out[63]_i_1__0/O
                         net (fo=76, routed)          1.930     6.888    system_i/dma/U0/I_PRMRY_DATAMOVER/GEN_S2MM_FULL.I_S2MM_FULL_WRAPPER/GEN_INCLUDE_REALIGNER.I_S2MM_REALIGNER/GEN_INCLUDE_SCATTER.I_S2MM_SCATTER/I_MSSAI_SKID_BUF/sig_data_reg_out_en
    SLICE_X29Y63         FDRE                                         r  system_i/dma/U0/I_PRMRY_DATAMOVER/GEN_S2MM_FULL.I_S2MM_FULL_WRAPPER/GEN_INCLUDE_REALIGNER.I_S2MM_REALIGNER/GEN_INCLUDE_SCATTER.I_S2MM_SCATTER/I_MSSAI_SKID_BUF/sig_data_reg_out_reg[26]/CE
  -------------------------------------------------------------------    -------------------

                         (clock clk_pl_0 rise edge)
                                                     10.000    10.000 r  
    PS8_X0Y0             PS8                          0.000    10.000 r  system_i/ps/inst/PS8_i/PLCLK[0]
                         net (fo=1, routed)           0.181    10.181    system_i/ps/inst/pl_clk_unbuffered[0]
    BUFG_PS_X0Y80        BUFG_PS (Prop_BUFG_PS_I_O)
                                                      0.035    10.216 r  system_i/ps/inst/buffer_pl_clk_0.PL_CLK_0_BUFG/O
    X0Y1 (CLOCK_ROOT)    net (fo=8144, routed)        2.312    12.528    system_i/dma/U0/I_PRMRY_DATAMOVER/GEN_S2MM_FULL.I_S2MM_FULL_WRAPPER/GEN_INCLUDE_REALIGNER.I_S2MM_REALIGNER/GEN_INCLUDE_SCATTER.I_S2MM_SCATTER/I_MSSAI_SKID_BUF/s_axi_lite_aclk
    SLICE_X29Y63         FDRE                                         r  system_i/dma/U0/I_PRMRY_DATAMOVER/GEN_S2MM_FULL.I_S2MM_FULL_WRAPPER/GEN_INCLUDE_REALIGNER.I_S2MM_REALIGNER/GEN_INCLUDE_SCATTER.I_S2MM_SCATTER/I_MSSAI_SKID_BUF/sig_data_reg_out_reg[26]/C
                         clock pessimism              0.201    12.729    
                         clock uncertainty           -0.160    12.569    
    SLICE_X29Y63         FDRE (Setup_FFF_SLICEM_C_CE)
                                                     -0.081    12.488    system_i/dma/U0/I_PRMRY_DATAMOVER/GEN_S2MM_FULL.I_S2MM_FULL_WRAPPER/GEN_INCLUDE_REALIGNER.I_S2MM_REALIGNER/GEN_INCLUDE_SCATTER.I_S2MM_SCATTER/I_MSSAI_SKID_BUF/sig_data_reg_out_reg[26]
  -------------------------------------------------------------------
                         required time                         12.488    
                         arrival time                          -6.888    
  -------------------------------------------------------------------
                         slack                                  5.599    

Slack (MET) :             5.599ns  (required time - arrival time)
  Source:                 system_i/dma/U0/I_PRMRY_DATAMOVER/GEN_S2MM_FULL.I_S2MM_FULL_WRAPPER/GEN_ENABLE_INDET_BTT_SF.I_INDET_BTT/I_DATA_FIFO/BLK_MEM.I_SYNC_FIFOGEN_FIFO/xpm_fifo_base_inst/gen_pntr_flags_cc.gen_full_rst_val.ram_full_i_reg/C
                            (rising edge-triggered cell FDSE clocked by clk_pl_0  {rise@0.000ns fall@5.000ns period=10.000ns})
  Destination:            system_i/dma/U0/I_PRMRY_DATAMOVER/GEN_S2MM_FULL.I_S2MM_FULL_WRAPPER/GEN_INCLUDE_REALIGNER.I_S2MM_REALIGNER/GEN_INCLUDE_SCATTER.I_S2MM_SCATTER/I_MSSAI_SKID_BUF/sig_data_reg_out_reg[44]/CE
                            (rising edge-triggered cell FDRE clocked by clk_pl_0  {rise@0.000ns fall@5.000ns period=10.000ns})
  Path Group:             clk_pl_0
  Path Type:              Setup (Max at Slow Process Corner)
  Requirement:            10.000ns  (clk_pl_0 rise@10.000ns - clk_pl_0 rise@0.000ns)
  Data Path Delay:        4.056ns  (logic 0.413ns (10.183%)  route 3.643ns (89.817%))
  Logic Levels:           3  (LUT2=1 LUT3=1 LUT5=1)
  Clock Path Skew:        -0.104ns (DCD - SCD + CPR)
    Destination Clock Delay (DCD):    2.528ns = ( 12.528 - 10.000 ) 
    Source Clock Delay      (SCD):    2.833ns
    Clock Pessimism Removal (CPR):    0.201ns
  Clock Uncertainty:      0.160ns  ((TSJ^2 + DJ^2)^1/2) / 2 + PE
    Total System Jitter     (TSJ):    0.071ns
    Discrete Jitter          (DJ):    0.312ns
    Phase Error              (PE):    0.000ns
  Clock Net Delay (Source):      2.566ns (routing 1.045ns, distribution 1.521ns)
  Clock Net Delay (Destination): 2.312ns (routing 0.955ns, distribution 1.357ns)

    Location             Delay type                Incr(ns)  Path(ns)    Netlist Resource(s)
  -------------------------------------------------------------------    -------------------
                         (clock clk_pl_0 rise edge)
                                                      0.000     0.000 r  
    PS8_X0Y0             PS8                          0.000     0.000 r  system_i/ps/inst/PS8_i/PLCLK[0]
                         net (fo=1, routed)           0.229     0.229    system_i/ps/inst/pl_clk_unbuffered[0]
    BUFG_PS_X0Y80        BUFG_PS (Prop_BUFG_PS_I_O)
                                                      0.038     0.267 r  system_i/ps/inst/buffer_pl_clk_0.PL_CLK_0_BUFG/O
    X0Y1 (CLOCK_ROOT)    net (fo=8144, routed)        2.566     2.833    system_i/dma/U0/I_PRMRY_DATAMOVER/GEN_S2MM_FULL.I_S2MM_FULL_WRAPPER/GEN_ENABLE_INDET_BTT_SF.I_INDET_BTT/I_DATA_FIFO/BLK_MEM.I_SYNC_FIFOGEN_FIFO/xpm_fifo_base_inst/wr_clk
    SLICE_X26Y61         FDSE                                         r  system_i/dma/U0/I_PRMRY_DATAMOVER/GEN_S2MM_FULL.I_S2MM_FULL_WRAPPER/GEN_ENABLE_INDET_BTT_SF.I_INDET_BTT/I_DATA_FIFO/BLK_MEM.I_SYNC_FIFOGEN_FIFO/xpm_fifo_base_inst/gen_pntr_flags_cc.gen_full_rst_val.ram_full_i_reg/C
  -------------------------------------------------------------------    -------------------
    SLICE_X26Y61         FDSE (Prop_DFF_SLICEL_C_Q)
                                                      0.114     2.947 f  system_i/dma/U0/I_PRMRY_DATAMOVER/GEN_S2MM_FULL.I_S2MM_FULL_WRAPPER/GEN_ENABLE_INDET_BTT_SF.I_INDET_BTT/I_DATA_FIFO/BLK_MEM.I_SYNC_FIFOGEN_FIFO/xpm_fifo_base_inst/gen_pntr_flags_cc.gen_full_rst_val.ram_full_i_reg/Q
                         net (fo=5, routed)           1.226     4.173    system_i/dma/U0/I_PRMRY_DATAMOVER/GEN_S2MM_FULL.I_S2MM_FULL_WRAPPER/GEN_ENABLE_INDET_BTT_SF.I_INDET_BTT/I_XD_FIFO/full
    SLICE_X15Y91         LUT5 (Prop_H6LUT_SLICEL_I0_O)
                                                      0.153     4.326 f  system_i/dma/U0/I_PRMRY_DATAMOVER/GEN_S2MM_FULL.I_S2MM_FULL_WRAPPER/GEN_ENABLE_INDET_BTT_SF.I_INDET_BTT/I_XD_FIFO/sig_eop_sent_reg_i_3/O
                         net (fo=5, routed)           0.294     4.619    system_i/dma/U0/I_PRMRY_DATAMOVER/GEN_S2MM_FULL.I_S2MM_FULL_WRAPPER/GEN_INCLUDE_REALIGNER.I_S2MM_REALIGNER/GEN_INCLUDE_SCATTER.I_S2MM_SCATTER/I_MSSAI_SKID_BUF/sig_eop_sent_reg_reg
    SLICE_X16Y88         LUT3 (Prop_D5LUT_SLICEL_I2_O)
                                                      0.088     4.707 r  system_i/dma/U0/I_PRMRY_DATAMOVER/GEN_S2MM_FULL.I_S2MM_FULL_WRAPPER/GEN_INCLUDE_REALIGNER.I_S2MM_REALIGNER/GEN_INCLUDE_SCATTER.I_S2MM_SCATTER/I_MSSAI_SKID_BUF/sig_s_ready_dup_i_2__0/O
                         net (fo=3, routed)           0.193     4.900    system_i/dma/U0/I_PRMRY_DATAMOVER/GEN_S2MM_FULL.I_S2MM_FULL_WRAPPER/GEN_INCLUDE_REALIGNER.I_S2MM_REALIGNER/GEN_INCLUDE_SCATTER.I_S2MM_SCATTER/I_MSSAI_SKID_BUF/sig_s_ready_dup_i_2__0_n_0
    SLICE_X16Y88         LUT2 (Prop_A6LUT_SLICEL_I0_O)
                                                      0.058     4.958 r  system_i/dma/U0/I_PRMRY_DATAMOVER/GEN_S2MM_FULL.I_S2MM_FULL_WRAPPER/GEN_INCLUDE_REALIGNER.I_S2MM_REALIGNER/GEN_INCLUDE_SCATTER.I_S2MM_SCATTER/I_MSSAI_SKID_BUF/sig_data_reg_out[63]_i_1__0/O
                         net (fo=76, routed)          1.930     6.888    system_i/dma/U0/I_PRMRY_DATAMOVER/GEN_S2MM_FULL.I_S2MM_FULL_WRAPPER/GEN_INCLUDE_REALIGNER.I_S2MM_REALIGNER/GEN_INCLUDE_SCATTER.I_S2MM_SCATTER/I_MSSAI_SKID_BUF/sig_data_reg_out_en
    SLICE_X29Y63         FDRE                                         r  system_i/dma/U0/I_PRMRY_DATAMOVER/GEN_S2MM_FULL.I_S2MM_FULL_WRAPPER/GEN_INCLUDE_REALIGNER.I_S2MM_REALIGNER/GEN_INCLUDE_SCATTER.I_S2MM_SCATTER/I_MSSAI_SKID_BUF/sig_data_reg_out_reg[44]/CE
  -------------------------------------------------------------------    -------------------

                         (clock clk_pl_0 rise edge)
                                                     10.000    10.000 r  
    PS8_X0Y0             PS8                          0.000    10.000 r  system_i/ps/inst/PS8_i/PLCLK[0]
                         net (fo=1, routed)           0.181    10.181    system_i/ps/inst/pl_clk_unbuffered[0]
    BUFG_PS_X0Y80        BUFG_PS (Prop_BUFG_PS_I_O)
                                                      0.035    10.216 r  system_i/ps/inst/buffer_pl_clk_0.PL_CLK_0_BUFG/O
    X0Y1 (CLOCK_ROOT)    net (fo=8144, routed)        2.312    12.528    system_i/dma/U0/I_PRMRY_DATAMOVER/GEN_S2MM_FULL.I_S2MM_FULL_WRAPPER/GEN_INCLUDE_REALIGNER.I_S2MM_REALIGNER/GEN_INCLUDE_SCATTER.I_S2MM_SCATTER/I_MSSAI_SKID_BUF/s_axi_lite_aclk
    SLICE_X29Y63         FDRE                                         r  system_i/dma/U0/I_PRMRY_DATAMOVER/GEN_S2MM_FULL.I_S2MM_FULL_WRAPPER/GEN_INCLUDE_REALIGNER.I_S2MM_REALIGNER/GEN_INCLUDE_SCATTER.I_S2MM_SCATTER/I_MSSAI_SKID_BUF/sig_data_reg_out_reg[44]/C
                         clock pessimism              0.201    12.729    
                         clock uncertainty           -0.160    12.569    
    SLICE_X29Y63         FDRE (Setup_EFF_SLICEM_C_CE)
                                                     -0.081    12.488    system_i/dma/U0/I_PRMRY_DATAMOVER/GEN_S2MM_FULL.I_S2MM_FULL_WRAPPER/GEN_INCLUDE_REALIGNER.I_S2MM_REALIGNER/GEN_INCLUDE_SCATTER.I_S2MM_SCATTER/I_MSSAI_SKID_BUF/sig_data_reg_out_reg[44]
  -------------------------------------------------------------------
                         required time                         12.488    
                         arrival time                          -6.888    
  -------------------------------------------------------------------
                         slack                                  5.599    

Slack (MET) :             5.600ns  (required time - arrival time)
  Source:                 system_i/dma/U0/I_PRMRY_DATAMOVER/GEN_S2MM_FULL.I_S2MM_FULL_WRAPPER/GEN_ENABLE_INDET_BTT_SF.I_INDET_BTT/I_DATA_FIFO/BLK_MEM.I_SYNC_FIFOGEN_FIFO/xpm_fifo_base_inst/gen_pntr_flags_cc.gen_full_rst_val.ram_full_i_reg/C
                            (rising edge-triggered cell FDSE clocked by clk_pl_0  {rise@0.000ns fall@5.000ns period=10.000ns})
  Destination:            system_i/dma/U0/I_PRMRY_DATAMOVER/GEN_S2MM_FULL.I_S2MM_FULL_WRAPPER/GEN_INCLUDE_REALIGNER.I_S2MM_REALIGNER/GEN_INCLUDE_SCATTER.I_S2MM_SCATTER/I_MSSAI_SKID_BUF/sig_data_reg_out_reg[18]/CE
                            (rising edge-triggered cell FDRE clocked by clk_pl_0  {rise@0.000ns fall@5.000ns period=10.000ns})
  Path Group:             clk_pl_0
  Path Type:              Setup (Max at Slow Process Corner)
  Requirement:            10.000ns  (clk_pl_0 rise@10.000ns - clk_pl_0 rise@0.000ns)
  Data Path Delay:        4.053ns  (logic 0.413ns (10.190%)  route 3.640ns (89.810%))
  Logic Levels:           3  (LUT2=1 LUT3=1 LUT5=1)
  Clock Path Skew:        -0.107ns (DCD - SCD + CPR)
    Destination Clock Delay (DCD):    2.525ns = ( 12.525 - 10.000 ) 
    Source Clock Delay      (SCD):    2.833ns
    Clock Pessimism Removal (CPR):    0.201ns
  Clock Uncertainty:      0.160ns  ((TSJ^2 + DJ^2)^1/2) / 2 + PE
    Total System Jitter     (TSJ):    0.071ns
    Discrete Jitter          (DJ):    0.312ns
    Phase Error              (PE):    0.000ns
  Clock Net Delay (Source):      2.566ns (routing 1.045ns, distribution 1.521ns)
  Clock Net Delay (Destination): 2.309ns (routing 0.955ns, distribution 1.354ns)

    Location             Delay type                Incr(ns)  Path(ns)    Netlist Resource(s)
  -------------------------------------------------------------------    -------------------
                         (clock clk_pl_0 rise edge)
                                                      0.000     0.000 r  
    PS8_X0Y0             PS8                          0.000     0.000 r  system_i/ps/inst/PS8_i/PLCLK[0]
                         net (fo=1, routed)           0.229     0.229    system_i/ps/inst/pl_clk_unbuffered[0]
    BUFG_PS_X0Y80        BUFG_PS (Prop_BUFG_PS_I_O)
                                                      0.038     0.267 r  system_i/ps/inst/buffer_pl_clk_0.PL_CLK_0_BUFG/O
    X0Y1 (CLOCK_ROOT)    net (fo=8144, routed)        2.566     2.833    system_i/dma/U0/I_PRMRY_DATAMOVER/GEN_S2MM_FULL.I_S2MM_FULL_WRAPPER/GEN_ENABLE_INDET_BTT_SF.I_INDET_BTT/I_DATA_FIFO/BLK_MEM.I_SYNC_FIFOGEN_FIFO/xpm_fifo_base_inst/wr_clk
    SLICE_X26Y61         FDSE                                         r  system_i/dma/U0/I_PRMRY_DATAMOVER/GEN_S2MM_FULL.I_S2MM_FULL_WRAPPER/GEN_ENABLE_INDET_BTT_SF.I_INDET_BTT/I_DATA_FIFO/BLK_MEM.I_SYNC_FIFOGEN_FIFO/xpm_fifo_base_inst/gen_pntr_flags_cc.gen_full_rst_val.ram_full_i_reg/C
  -------------------------------------------------------------------    -------------------
    SLICE_X26Y61         FDSE (Prop_DFF_SLICEL_C_Q)
                                                      0.114     2.947 f  system_i/dma/U0/I_PRMRY_DATAMOVER/GEN_S2MM_FULL.I_S2MM_FULL_WRAPPER/GEN_ENABLE_INDET_BTT_SF.I_INDET_BTT/I_DATA_FIFO/BLK_MEM.I_SYNC_FIFOGEN_FIFO/xpm_fifo_base_inst/gen_pntr_flags_cc.gen_full_rst_val.ram_full_i_reg/Q
                         net (fo=5, routed)           1.226     4.173    system_i/dma/U0/I_PRMRY_DATAMOVER/GEN_S2MM_FULL.I_S2MM_FULL_WRAPPER/GEN_ENABLE_INDET_BTT_SF.I_INDET_BTT/I_XD_FIFO/full
    SLICE_X15Y91         LUT5 (Prop_H6LUT_SLICEL_I0_O)
                                                      0.153     4.326 f  system_i/dma/U0/I_PRMRY_DATAMOVER/GEN_S2MM_FULL.I_S2MM_FULL_WRAPPER/GEN_ENABLE_INDET_BTT_SF.I_INDET_BTT/I_XD_FIFO/sig_eop_sent_reg_i_3/O
                         net (fo=5, routed)           0.294     4.619    system_i/dma/U0/I_PRMRY_DATAMOVER/GEN_S2MM_FULL.I_S2MM_FULL_WRAPPER/GEN_INCLUDE_REALIGNER.I_S2MM_REALIGNER/GEN_INCLUDE_SCATTER.I_S2MM_SCATTER/I_MSSAI_SKID_BUF/sig_eop_sent_reg_reg
    SLICE_X16Y88         LUT3 (Prop_D5LUT_SLICEL_I2_O)
                                                      0.088     4.707 r  system_i/dma/U0/I_PRMRY_DATAMOVER/GEN_S2MM_FULL.I_S2MM_FULL_WRAPPER/GEN_INCLUDE_REALIGNER.I_S2MM_REALIGNER/GEN_INCLUDE_SCATTER.I_S2MM_SCATTER/I_MSSAI_SKID_BUF/sig_s_ready_dup_i_2__0/O
                         net (fo=3, routed)           0.193     4.900    system_i/dma/U0/I_PRMRY_DATAMOVER/GEN_S2MM_FULL.I_S2MM_FULL_WRAPPER/GEN_INCLUDE_REALIGNER.I_S2MM_REALIGNER/GEN_INCLUDE_SCATTER.I_S2MM_SCATTER/I_MSSAI_SKID_BUF/sig_s_ready_dup_i_2__0_n_0
    SLICE_X16Y88         LUT2 (Prop_A6LUT_SLICEL_I0_O)
                                                      0.058     4.958 r  system_i/dma/U0/I_PRMRY_DATAMOVER/GEN_S2MM_FULL.I_S2MM_FULL_WRAPPER/GEN_INCLUDE_REALIGNER.I_S2MM_REALIGNER/GEN_INCLUDE_SCATTER.I_S2MM_SCATTER/I_MSSAI_SKID_BUF/sig_data_reg_out[63]_i_1__0/O
                         net (fo=76, routed)          1.928     6.886    system_i/dma/U0/I_PRMRY_DATAMOVER/GEN_S2MM_FULL.I_S2MM_FULL_WRAPPER/GEN_INCLUDE_REALIGNER.I_S2MM_REALIGNER/GEN_INCLUDE_SCATTER.I_S2MM_SCATTER/I_MSSAI_SKID_BUF/sig_data_reg_out_en
    SLICE_X28Y61         FDRE                                         r  system_i/dma/U0/I_PRMRY_DATAMOVER/GEN_S2MM_FULL.I_S2MM_FULL_WRAPPER/GEN_INCLUDE_REALIGNER.I_S2MM_REALIGNER/GEN_INCLUDE_SCATTER.I_S2MM_SCATTER/I_MSSAI_SKID_BUF/sig_data_reg_out_reg[18]/CE
  -------------------------------------------------------------------    -------------------

                         (clock clk_pl_0 rise edge)
                                                     10.000    10.000 r  
    PS8_X0Y0             PS8                          0.000    10.000 r  system_i/ps/inst/PS8_i/PLCLK[0]
                         net (fo=1, routed)           0.181    10.181    system_i/ps/inst/pl_clk_unbuffered[0]
    BUFG_PS_X0Y80        BUFG_PS (Prop_BUFG_PS_I_O)
                                                      0.035    10.216 r  system_i/ps/inst/buffer_pl_clk_0.PL_CLK_0_BUFG/O
    X0Y1 (CLOCK_ROOT)    net (fo=8144, routed)        2.309    12.525    system_i/dma/U0/I_PRMRY_DATAMOVER/GEN_S2MM_FULL.I_S2MM_FULL_WRAPPER/GEN_INCLUDE_REALIGNER.I_S2MM_REALIGNER/GEN_INCLUDE_SCATTER.I_S2MM_SCATTER/I_MSSAI_SKID_BUF/s_axi_lite_aclk
    SLICE_X28Y61         FDRE                                         r  system_i/dma/U0/I_PRMRY_DATAMOVER/GEN_S2MM_FULL.I_S2MM_FULL_WRAPPER/GEN_INCLUDE_REALIGNER.I_S2MM_REALIGNER/GEN_INCLUDE_SCATTER.I_S2MM_SCATTER/I_MSSAI_SKID_BUF/sig_data_reg_out_reg[18]/C
                         clock pessimism              0.201    12.726    
                         clock uncertainty           -0.160    12.566    
    SLICE_X28Y61         FDRE (Setup_DFF_SLICEM_C_CE)
                                                     -0.080    12.486    system_i/dma/U0/I_PRMRY_DATAMOVER/GEN_S2MM_FULL.I_S2MM_FULL_WRAPPER/GEN_INCLUDE_REALIGNER.I_S2MM_REALIGNER/GEN_INCLUDE_SCATTER.I_S2MM_SCATTER/I_MSSAI_SKID_BUF/sig_data_reg_out_reg[18]
  -------------------------------------------------------------------
                         required time                         12.486    
                         arrival time                          -6.886    
  -------------------------------------------------------------------
                         slack                                  5.600    

Slack (MET) :             5.600ns  (required time - arrival time)
  Source:                 system_i/dma/U0/I_PRMRY_DATAMOVER/GEN_S2MM_FULL.I_S2MM_FULL_WRAPPER/GEN_ENABLE_INDET_BTT_SF.I_INDET_BTT/I_DATA_FIFO/BLK_MEM.I_SYNC_FIFOGEN_FIFO/xpm_fifo_base_inst/gen_pntr_flags_cc.gen_full_rst_val.ram_full_i_reg/C
                            (rising edge-triggered cell FDSE clocked by clk_pl_0  {rise@0.000ns fall@5.000ns period=10.000ns})
  Destination:            system_i/dma/U0/I_PRMRY_DATAMOVER/GEN_S2MM_FULL.I_S2MM_FULL_WRAPPER/GEN_INCLUDE_REALIGNER.I_S2MM_REALIGNER/GEN_INCLUDE_SCATTER.I_S2MM_SCATTER/I_MSSAI_SKID_BUF/sig_data_reg_out_reg[42]/CE
                            (rising edge-triggered cell FDRE clocked by clk_pl_0  {rise@0.000ns fall@5.000ns period=10.000ns})
  Path Group:             clk_pl_0
  Path Type:              Setup (Max at Slow Process Corner)
  Requirement:            10.000ns  (clk_pl_0 rise@10.000ns - clk_pl_0 rise@0.000ns)
  Data Path Delay:        4.053ns  (logic 0.413ns (10.190%)  route 3.640ns (89.810%))
  Logic Levels:           3  (LUT2=1 LUT3=1 LUT5=1)
  Clock Path Skew:        -0.107ns (DCD - SCD + CPR)
    Destination Clock Delay (DCD):    2.525ns = ( 12.525 - 10.000 ) 
    Source Clock Delay      (SCD):    2.833ns
    Clock Pessimism Removal (CPR):    0.201ns
  Clock Uncertainty:      0.160ns  ((TSJ^2 + DJ^2)^1/2) / 2 + PE
    Total System Jitter     (TSJ):    0.071ns
    Discrete Jitter          (DJ):    0.312ns
    Phase Error              (PE):    0.000ns
  Clock Net Delay (Source):      2.566ns (routing 1.045ns, distribution 1.521ns)
  Clock Net Delay (Destination): 2.309ns (routing 0.955ns, distribution 1.354ns)

    Location             Delay type                Incr(ns)  Path(ns)    Netlist Resource(s)
  -------------------------------------------------------------------    -------------------
                         (clock clk_pl_0 rise edge)
                                                      0.000     0.000 r  
    PS8_X0Y0             PS8                          0.000     0.000 r  system_i/ps/inst/PS8_i/PLCLK[0]
                         net (fo=1, routed)           0.229     0.229    system_i/ps/inst/pl_clk_unbuffered[0]
    BUFG_PS_X0Y80        BUFG_PS (Prop_BUFG_PS_I_O)
                                                      0.038     0.267 r  system_i/ps/inst/buffer_pl_clk_0.PL_CLK_0_BUFG/O
    X0Y1 (CLOCK_ROOT)    net (fo=8144, routed)        2.566     2.833    system_i/dma/U0/I_PRMRY_DATAMOVER/GEN_S2MM_FULL.I_S2MM_FULL_WRAPPER/GEN_ENABLE_INDET_BTT_SF.I_INDET_BTT/I_DATA_FIFO/BLK_MEM.I_SYNC_FIFOGEN_FIFO/xpm_fifo_base_inst/wr_clk
    SLICE_X26Y61         FDSE                                         r  system_i/dma/U0/I_PRMRY_DATAMOVER/GEN_S2MM_FULL.I_S2MM_FULL_WRAPPER/GEN_ENABLE_INDET_BTT_SF.I_INDET_BTT/I_DATA_FIFO/BLK_MEM.I_SYNC_FIFOGEN_FIFO/xpm_fifo_base_inst/gen_pntr_flags_cc.gen_full_rst_val.ram_full_i_reg/C
  -------------------------------------------------------------------    -------------------
    SLICE_X26Y61         FDSE (Prop_DFF_SLICEL_C_Q)
                                                      0.114     2.947 f  system_i/dma/U0/I_PRMRY_DATAMOVER/GEN_S2MM_FULL.I_S2MM_FULL_WRAPPER/GEN_ENABLE_INDET_BTT_SF.I_INDET_BTT/I_DATA_FIFO/BLK_MEM.I_SYNC_FIFOGEN_FIFO/xpm_fifo_base_inst/gen_pntr_flags_cc.gen_full_rst_val.ram_full_i_reg/Q
                         net (fo=5, routed)           1.226     4.173    system_i/dma/U0/I_PRMRY_DATAMOVER/GEN_S2MM_FULL.I_S2MM_FULL_WRAPPER/GEN_ENABLE_INDET_BTT_SF.I_INDET_BTT/I_XD_FIFO/full
    SLICE_X15Y91         LUT5 (Prop_H6LUT_SLICEL_I0_O)
                                                      0.153     4.326 f  system_i/dma/U0/I_PRMRY_DATAMOVER/GEN_S2MM_FULL.I_S2MM_FULL_WRAPPER/GEN_ENABLE_INDET_BTT_SF.I_INDET_BTT/I_XD_FIFO/sig_eop_sent_reg_i_3/O
                         net (fo=5, routed)           0.294     4.619    system_i/dma/U0/I_PRMRY_DATAMOVER/GEN_S2MM_FULL.I_S2MM_FULL_WRAPPER/GEN_INCLUDE_REALIGNER.I_S2MM_REALIGNER/GEN_INCLUDE_SCATTER.I_S2MM_SCATTER/I_MSSAI_SKID_BUF/sig_eop_sent_reg_reg
    SLICE_X16Y88         LUT3 (Prop_D5LUT_SLICEL_I2_O)
                                                      0.088     4.707 r  system_i/dma/U0/I_PRMRY_DATAMOVER/GEN_S2MM_FULL.I_S2MM_FULL_WRAPPER/GEN_INCLUDE_REALIGNER.I_S2MM_REALIGNER/GEN_INCLUDE_SCATTER.I_S2MM_SCATTER/I_MSSAI_SKID_BUF/sig_s_ready_dup_i_2__0/O
                         net (fo=3, routed)           0.193     4.900    system_i/dma/U0/I_PRMRY_DATAMOVER/GEN_S2MM_FULL.I_S2MM_FULL_WRAPPER/GEN_INCLUDE_REALIGNER.I_S2MM_REALIGNER/GEN_INCLUDE_SCATTER.I_S2MM_SCATTER/I_MSSAI_SKID_BUF/sig_s_ready_dup_i_2__0_n_0
    SLICE_X16Y88         LUT2 (Prop_A6LUT_SLICEL_I0_O)
                                                      0.058     4.958 r  system_i/dma/U0/I_PRMRY_DATAMOVER/GEN_S2MM_FULL.I_S2MM_FULL_WRAPPER/GEN_INCLUDE_REALIGNER.I_S2MM_REALIGNER/GEN_INCLUDE_SCATTER.I_S2MM_SCATTER/I_MSSAI_SKID_BUF/sig_data_reg_out[63]_i_1__0/O
                         net (fo=76, routed)          1.928     6.886    system_i/dma/U0/I_PRMRY_DATAMOVER/GEN_S2MM_FULL.I_S2MM_FULL_WRAPPER/GEN_INCLUDE_REALIGNER.I_S2MM_REALIGNER/GEN_INCLUDE_SCATTER.I_S2MM_SCATTER/I_MSSAI_SKID_BUF/sig_data_reg_out_en
    SLICE_X28Y61         FDRE                                         r  system_i/dma/U0/I_PRMRY_DATAMOVER/GEN_S2MM_FULL.I_S2MM_FULL_WRAPPER/GEN_INCLUDE_REALIGNER.I_S2MM_REALIGNER/GEN_INCLUDE_SCATTER.I_S2MM_SCATTER/I_MSSAI_SKID_BUF/sig_data_reg_out_reg[42]/CE
  -------------------------------------------------------------------    -------------------

                         (clock clk_pl_0 rise edge)
                                                     10.000    10.000 r  
    PS8_X0Y0             PS8                          0.000    10.000 r  system_i/ps/inst/PS8_i/PLCLK[0]
                         net (fo=1, routed)           0.181    10.181    system_i/ps/inst/pl_clk_unbuffered[0]
    BUFG_PS_X0Y80        BUFG_PS (Prop_BUFG_PS_I_O)
                                                      0.035    10.216 r  system_i/ps/inst/buffer_pl_clk_0.PL_CLK_0_BUFG/O
    X0Y1 (CLOCK_ROOT)    net (fo=8144, routed)        2.309    12.525    system_i/dma/U0/I_PRMRY_DATAMOVER/GEN_S2MM_FULL.I_S2MM_FULL_WRAPPER/GEN_INCLUDE_REALIGNER.I_S2MM_REALIGNER/GEN_INCLUDE_SCATTER.I_S2MM_SCATTER/I_MSSAI_SKID_BUF/s_axi_lite_aclk
    SLICE_X28Y61         FDRE                                         r  system_i/dma/U0/I_PRMRY_DATAMOVER/GEN_S2MM_FULL.I_S2MM_FULL_WRAPPER/GEN_INCLUDE_REALIGNER.I_S2MM_REALIGNER/GEN_INCLUDE_SCATTER.I_S2MM_SCATTER/I_MSSAI_SKID_BUF/sig_data_reg_out_reg[42]/C
                         clock pessimism              0.201    12.726    
                         clock uncertainty           -0.160    12.566    
    SLICE_X28Y61         FDRE (Setup_CFF_SLICEM_C_CE)
                                                     -0.080    12.486    system_i/dma/U0/I_PRMRY_DATAMOVER/GEN_S2MM_FULL.I_S2MM_FULL_WRAPPER/GEN_INCLUDE_REALIGNER.I_S2MM_REALIGNER/GEN_INCLUDE_SCATTER.I_S2MM_SCATTER/I_MSSAI_SKID_BUF/sig_data_reg_out_reg[42]
  -------------------------------------------------------------------
                         required time                         12.486    
                         arrival time                          -6.886    
  -------------------------------------------------------------------
                         slack                                  5.600    

Slack (MET) :             5.600ns  (required time - arrival time)
  Source:                 system_i/dma/U0/I_PRMRY_DATAMOVER/GEN_S2MM_FULL.I_S2MM_FULL_WRAPPER/GEN_ENABLE_INDET_BTT_SF.I_INDET_BTT/I_DATA_FIFO/BLK_MEM.I_SYNC_FIFOGEN_FIFO/xpm_fifo_base_inst/gen_pntr_flags_cc.gen_full_rst_val.ram_full_i_reg/C
                            (rising edge-triggered cell FDSE clocked by clk_pl_0  {rise@0.000ns fall@5.000ns period=10.000ns})
  Destination:            system_i/dma/U0/I_PRMRY_DATAMOVER/GEN_S2MM_FULL.I_S2MM_FULL_WRAPPER/GEN_INCLUDE_REALIGNER.I_S2MM_REALIGNER/GEN_INCLUDE_SCATTER.I_S2MM_SCATTER/I_MSSAI_SKID_BUF/sig_data_reg_out_reg[50]/CE
                            (rising edge-triggered cell FDRE clocked by clk_pl_0  {rise@0.000ns fall@5.000ns period=10.000ns})
  Path Group:             clk_pl_0
  Path Type:              Setup (Max at Slow Process Corner)
  Requirement:            10.000ns  (clk_pl_0 rise@10.000ns - clk_pl_0 rise@0.000ns)
  Data Path Delay:        4.053ns  (logic 0.413ns (10.190%)  route 3.640ns (89.810%))
  Logic Levels:           3  (LUT2=1 LUT3=1 LUT5=1)
  Clock Path Skew:        -0.107ns (DCD - SCD + CPR)
    Destination Clock Delay (DCD):    2.525ns = ( 12.525 - 10.000 ) 
    Source Clock Delay      (SCD):    2.833ns
    Clock Pessimism Removal (CPR):    0.201ns
  Clock Uncertainty:      0.160ns  ((TSJ^2 + DJ^2)^1/2) / 2 + PE
    Total System Jitter     (TSJ):    0.071ns
    Discrete Jitter          (DJ):    0.312ns
    Phase Error              (PE):    0.000ns
  Clock Net Delay (Source):      2.566ns (routing 1.045ns, distribution 1.521ns)
  Clock Net Delay (Destination): 2.309ns (routing 0.955ns, distribution 1.354ns)

    Location             Delay type                Incr(ns)  Path(ns)    Netlist Resource(s)
  -------------------------------------------------------------------    -------------------
                         (clock clk_pl_0 rise edge)
                                                      0.000     0.000 r  
    PS8_X0Y0             PS8                          0.000     0.000 r  system_i/ps/inst/PS8_i/PLCLK[0]
                         net (fo=1, routed)           0.229     0.229    system_i/ps/inst/pl_clk_unbuffered[0]
    BUFG_PS_X0Y80        BUFG_PS (Prop_BUFG_PS_I_O)
                                                      0.038     0.267 r  system_i/ps/inst/buffer_pl_clk_0.PL_CLK_0_BUFG/O
    X0Y1 (CLOCK_ROOT)    net (fo=8144, routed)        2.566     2.833    system_i/dma/U0/I_PRMRY_DATAMOVER/GEN_S2MM_FULL.I_S2MM_FULL_WRAPPER/GEN_ENABLE_INDET_BTT_SF.I_INDET_BTT/I_DATA_FIFO/BLK_MEM.I_SYNC_FIFOGEN_FIFO/xpm_fifo_base_inst/wr_clk
    SLICE_X26Y61         FDSE                                         r  system_i/dma/U0/I_PRMRY_DATAMOVER/GEN_S2MM_FULL.I_S2MM_FULL_WRAPPER/GEN_ENABLE_INDET_BTT_SF.I_INDET_BTT/I_DATA_FIFO/BLK_MEM.I_SYNC_FIFOGEN_FIFO/xpm_fifo_base_inst/gen_pntr_flags_cc.gen_full_rst_val.ram_full_i_reg/C
  -------------------------------------------------------------------    -------------------
    SLICE_X26Y61         FDSE (Prop_DFF_SLICEL_C_Q)
                                                      0.114     2.947 f  system_i/dma/U0/I_PRMRY_DATAMOVER/GEN_S2MM_FULL.I_S2MM_FULL_WRAPPER/GEN_ENABLE_INDET_BTT_SF.I_INDET_BTT/I_DATA_FIFO/BLK_MEM.I_SYNC_FIFOGEN_FIFO/xpm_fifo_base_inst/gen_pntr_flags_cc.gen_full_rst_val.ram_full_i_reg/Q
                         net (fo=5, routed)           1.226     4.173    system_i/dma/U0/I_PRMRY_DATAMOVER/GEN_S2MM_FULL.I_S2MM_FULL_WRAPPER/GEN_ENABLE_INDET_BTT_SF.I_INDET_BTT/I_XD_FIFO/full
    SLICE_X15Y91         LUT5 (Prop_H6LUT_SLICEL_I0_O)
                                                      0.153     4.326 f  system_i/dma/U0/I_PRMRY_DATAMOVER/GEN_S2MM_FULL.I_S2MM_FULL_WRAPPER/GEN_ENABLE_INDET_BTT_SF.I_INDET_BTT/I_XD_FIFO/sig_eop_sent_reg_i_3/O
                         net (fo=5, routed)           0.294     4.619    system_i/dma/U0/I_PRMRY_DATAMOVER/GEN_S2MM_FULL.I_S2MM_FULL_WRAPPER/GEN_INCLUDE_REALIGNER.I_S2MM_REALIGNER/GEN_INCLUDE_SCATTER.I_S2MM_SCATTER/I_MSSAI_SKID_BUF/sig_eop_sent_reg_reg
    SLICE_X16Y88         LUT3 (Prop_D5LUT_SLICEL_I2_O)
                                                      0.088     4.707 r  system_i/dma/U0/I_PRMRY_DATAMOVER/GEN_S2MM_FULL.I_S2MM_FULL_WRAPPER/GEN_INCLUDE_REALIGNER.I_S2MM_REALIGNER/GEN_INCLUDE_SCATTER.I_S2MM_SCATTER/I_MSSAI_SKID_BUF/sig_s_ready_dup_i_2__0/O
                         net (fo=3, routed)           0.193     4.900    system_i/dma/U0/I_PRMRY_DATAMOVER/GEN_S2MM_FULL.I_S2MM_FULL_WRAPPER/GEN_INCLUDE_REALIGNER.I_S2MM_REALIGNER/GEN_INCLUDE_SCATTER.I_S2MM_SCATTER/I_MSSAI_SKID_BUF/sig_s_ready_dup_i_2__0_n_0
    SLICE_X16Y88         LUT2 (Prop_A6LUT_SLICEL_I0_O)
                                                      0.058     4.958 r  system_i/dma/U0/I_PRMRY_DATAMOVER/GEN_S2MM_FULL.I_S2MM_FULL_WRAPPER/GEN_INCLUDE_REALIGNER.I_S2MM_REALIGNER/GEN_INCLUDE_SCATTER.I_S2MM_SCATTER/I_MSSAI_SKID_BUF/sig_data_reg_out[63]_i_1__0/O
                         net (fo=76, routed)          1.928     6.886    system_i/dma/U0/I_PRMRY_DATAMOVER/GEN_S2MM_FULL.I_S2MM_FULL_WRAPPER/GEN_INCLUDE_REALIGNER.I_S2MM_REALIGNER/GEN_INCLUDE_SCATTER.I_S2MM_SCATTER/I_MSSAI_SKID_BUF/sig_data_reg_out_en
    SLICE_X28Y61         FDRE                                         r  system_i/dma/U0/I_PRMRY_DATAMOVER/GEN_S2MM_FULL.I_S2MM_FULL_WRAPPER/GEN_INCLUDE_REALIGNER.I_S2MM_REALIGNER/GEN_INCLUDE_SCATTER.I_S2MM_SCATTER/I_MSSAI_SKID_BUF/sig_data_reg_out_reg[50]/CE
  -------------------------------------------------------------------    -------------------

                         (clock clk_pl_0 rise edge)
                                                     10.000    10.000 r  
    PS8_X0Y0             PS8                          0.000    10.000 r  system_i/ps/inst/PS8_i/PLCLK[0]
                         net (fo=1, routed)           0.181    10.181    system_i/ps/inst/pl_clk_unbuffered[0]
    BUFG_PS_X0Y80        BUFG_PS (Prop_BUFG_PS_I_O)
                                                      0.035    10.216 r  system_i/ps/inst/buffer_pl_clk_0.PL_CLK_0_BUFG/O
    X0Y1 (CLOCK_ROOT)    net (fo=8144, routed)        2.309    12.525    system_i/dma/U0/I_PRMRY_DATAMOVER/GEN_S2MM_FULL.I_S2MM_FULL_WRAPPER/GEN_INCLUDE_REALIGNER.I_S2MM_REALIGNER/GEN_INCLUDE_SCATTER.I_S2MM_SCATTER/I_MSSAI_SKID_BUF/s_axi_lite_aclk
    SLICE_X28Y61         FDRE                                         r  system_i/dma/U0/I_PRMRY_DATAMOVER/GEN_S2MM_FULL.I_S2MM_FULL_WRAPPER/GEN_INCLUDE_REALIGNER.I_S2MM_REALIGNER/GEN_INCLUDE_SCATTER.I_S2MM_SCATTER/I_MSSAI_SKID_BUF/sig_data_reg_out_reg[50]/C
                         clock pessimism              0.201    12.726    
                         clock uncertainty           -0.160    12.566    
    SLICE_X28Y61         FDRE (Setup_BFF_SLICEM_C_CE)
                                                     -0.080    12.486    system_i/dma/U0/I_PRMRY_DATAMOVER/GEN_S2MM_FULL.I_S2MM_FULL_WRAPPER/GEN_INCLUDE_REALIGNER.I_S2MM_REALIGNER/GEN_INCLUDE_SCATTER.I_S2MM_SCATTER/I_MSSAI_SKID_BUF/sig_data_reg_out_reg[50]
  -------------------------------------------------------------------
                         required time                         12.486    
                         arrival time                          -6.886    
  -------------------------------------------------------------------
                         slack                                  5.600    

Slack (MET) :             5.600ns  (required time - arrival time)
  Source:                 system_i/dma/U0/I_PRMRY_DATAMOVER/GEN_S2MM_FULL.I_S2MM_FULL_WRAPPER/GEN_ENABLE_INDET_BTT_SF.I_INDET_BTT/I_DATA_FIFO/BLK_MEM.I_SYNC_FIFOGEN_FIFO/xpm_fifo_base_inst/gen_pntr_flags_cc.gen_full_rst_val.ram_full_i_reg/C
                            (rising edge-triggered cell FDSE clocked by clk_pl_0  {rise@0.000ns fall@5.000ns period=10.000ns})
  Destination:            system_i/dma/U0/I_PRMRY_DATAMOVER/GEN_S2MM_FULL.I_S2MM_FULL_WRAPPER/GEN_INCLUDE_REALIGNER.I_S2MM_REALIGNER/GEN_INCLUDE_SCATTER.I_S2MM_SCATTER/I_MSSAI_SKID_BUF/sig_data_reg_out_reg[60]/CE
                            (rising edge-triggered cell FDRE clocked by clk_pl_0  {rise@0.000ns fall@5.000ns period=10.000ns})
  Path Group:             clk_pl_0
  Path Type:              Setup (Max at Slow Process Corner)
  Requirement:            10.000ns  (clk_pl_0 rise@10.000ns - clk_pl_0 rise@0.000ns)
  Data Path Delay:        4.053ns  (logic 0.413ns (10.190%)  route 3.640ns (89.810%))
  Logic Levels:           3  (LUT2=1 LUT3=1 LUT5=1)
  Clock Path Skew:        -0.107ns (DCD - SCD + CPR)
    Destination Clock Delay (DCD):    2.525ns = ( 12.525 - 10.000 ) 
    Source Clock Delay      (SCD):    2.833ns
    Clock Pessimism Removal (CPR):    0.201ns
  Clock Uncertainty:      0.160ns  ((TSJ^2 + DJ^2)^1/2) / 2 + PE
    Total System Jitter     (TSJ):    0.071ns
    Discrete Jitter          (DJ):    0.312ns
    Phase Error              (PE):    0.000ns
  Clock Net Delay (Source):      2.566ns (routing 1.045ns, distribution 1.521ns)
  Clock Net Delay (Destination): 2.309ns (routing 0.955ns, distribution 1.354ns)

    Location             Delay type                Incr(ns)  Path(ns)    Netlist Resource(s)
  -------------------------------------------------------------------    -------------------
                         (clock clk_pl_0 rise edge)
                                                      0.000     0.000 r  
    PS8_X0Y0             PS8                          0.000     0.000 r  system_i/ps/inst/PS8_i/PLCLK[0]
                         net (fo=1, routed)           0.229     0.229    system_i/ps/inst/pl_clk_unbuffered[0]
    BUFG_PS_X0Y80        BUFG_PS (Prop_BUFG_PS_I_O)
                                                      0.038     0.267 r  system_i/ps/inst/buffer_pl_clk_0.PL_CLK_0_BUFG/O
    X0Y1 (CLOCK_ROOT)    net (fo=8144, routed)        2.566     2.833    system_i/dma/U0/I_PRMRY_DATAMOVER/GEN_S2MM_FULL.I_S2MM_FULL_WRAPPER/GEN_ENABLE_INDET_BTT_SF.I_INDET_BTT/I_DATA_FIFO/BLK_MEM.I_SYNC_FIFOGEN_FIFO/xpm_fifo_base_inst/wr_clk
    SLICE_X26Y61         FDSE                                         r  system_i/dma/U0/I_PRMRY_DATAMOVER/GEN_S2MM_FULL.I_S2MM_FULL_WRAPPER/GEN_ENABLE_INDET_BTT_SF.I_INDET_BTT/I_DATA_FIFO/BLK_MEM.I_SYNC_FIFOGEN_FIFO/xpm_fifo_base_inst/gen_pntr_flags_cc.gen_full_rst_val.ram_full_i_reg/C
  -------------------------------------------------------------------    -------------------
    SLICE_X26Y61         FDSE (Prop_DFF_SLICEL_C_Q)
                                                      0.114     2.947 f  system_i/dma/U0/I_PRMRY_DATAMOVER/GEN_S2MM_FULL.I_S2MM_FULL_WRAPPER/GEN_ENABLE_INDET_BTT_SF.I_INDET_BTT/I_DATA_FIFO/BLK_MEM.I_SYNC_FIFOGEN_FIFO/xpm_fifo_base_inst/gen_pntr_flags_cc.gen_full_rst_val.ram_full_i_reg/Q
                         net (fo=5, routed)           1.226     4.173    system_i/dma/U0/I_PRMRY_DATAMOVER/GEN_S2MM_FULL.I_S2MM_FULL_WRAPPER/GEN_ENABLE_INDET_BTT_SF.I_INDET_BTT/I_XD_FIFO/full
    SLICE_X15Y91         LUT5 (Prop_H6LUT_SLICEL_I0_O)
                                                      0.153     4.326 f  system_i/dma/U0/I_PRMRY_DATAMOVER/GEN_S2MM_FULL.I_S2MM_FULL_WRAPPER/GEN_ENABLE_INDET_BTT_SF.I_INDET_BTT/I_XD_FIFO/sig_eop_sent_reg_i_3/O
                         net (fo=5, routed)           0.294     4.619    system_i/dma/U0/I_PRMRY_DATAMOVER/GEN_S2MM_FULL.I_S2MM_FULL_WRAPPER/GEN_INCLUDE_REALIGNER.I_S2MM_REALIGNER/GEN_INCLUDE_SCATTER.I_S2MM_SCATTER/I_MSSAI_SKID_BUF/sig_eop_sent_reg_reg
    SLICE_X16Y88         LUT3 (Prop_D5LUT_SLICEL_I2_O)
                                                      0.088     4.707 r  system_i/dma/U0/I_PRMRY_DATAMOVER/GEN_S2MM_FULL.I_S2MM_FULL_WRAPPER/GEN_INCLUDE_REALIGNER.I_S2MM_REALIGNER/GEN_INCLUDE_SCATTER.I_S2MM_SCATTER/I_MSSAI_SKID_BUF/sig_s_ready_dup_i_2__0/O
                         net (fo=3, routed)           0.193     4.900    system_i/dma/U0/I_PRMRY_DATAMOVER/GEN_S2MM_FULL.I_S2MM_FULL_WRAPPER/GEN_INCLUDE_REALIGNER.I_S2MM_REALIGNER/GEN_INCLUDE_SCATTER.I_S2MM_SCATTER/I_MSSAI_SKID_BUF/sig_s_ready_dup_i_2__0_n_0
    SLICE_X16Y88         LUT2 (Prop_A6LUT_SLICEL_I0_O)
                                                      0.058     4.958 r  system_i/dma/U0/I_PRMRY_DATAMOVER/GEN_S2MM_FULL.I_S2MM_FULL_WRAPPER/GEN_INCLUDE_REALIGNER.I_S2MM_REALIGNER/GEN_INCLUDE_SCATTER.I_S2MM_SCATTER/I_MSSAI_SKID_BUF/sig_data_reg_out[63]_i_1__0/O
                         net (fo=76, routed)          1.928     6.886    system_i/dma/U0/I_PRMRY_DATAMOVER/GEN_S2MM_FULL.I_S2MM_FULL_WRAPPER/GEN_INCLUDE_REALIGNER.I_S2MM_REALIGNER/GEN_INCLUDE_SCATTER.I_S2MM_SCATTER/I_MSSAI_SKID_BUF/sig_data_reg_out_en
    SLICE_X28Y61         FDRE                                         r  system_i/dma/U0/I_PRMRY_DATAMOVER/GEN_S2MM_FULL.I_S2MM_FULL_WRAPPER/GEN_INCLUDE_REALIGNER.I_S2MM_REALIGNER/GEN_INCLUDE_SCATTER.I_S2MM_SCATTER/I_MSSAI_SKID_BUF/sig_data_reg_out_reg[60]/CE
  -------------------------------------------------------------------    -------------------

                         (clock clk_pl_0 rise edge)
                                                     10.000    10.000 r  
    PS8_X0Y0             PS8                          0.000    10.000 r  system_i/ps/inst/PS8_i/PLCLK[0]
                         net (fo=1, routed)           0.181    10.181    system_i/ps/inst/pl_clk_unbuffered[0]
    BUFG_PS_X0Y80        BUFG_PS (Prop_BUFG_PS_I_O)
                                                      0.035    10.216 r  system_i/ps/inst/buffer_pl_clk_0.PL_CLK_0_BUFG/O
    X0Y1 (CLOCK_ROOT)    net (fo=8144, routed)        2.309    12.525    system_i/dma/U0/I_PRMRY_DATAMOVER/GEN_S2MM_FULL.I_S2MM_FULL_WRAPPER/GEN_INCLUDE_REALIGNER.I_S2MM_REALIGNER/GEN_INCLUDE_SCATTER.I_S2MM_SCATTER/I_MSSAI_SKID_BUF/s_axi_lite_aclk
    SLICE_X28Y61         FDRE                                         r  system_i/dma/U0/I_PRMRY_DATAMOVER/GEN_S2MM_FULL.I_S2MM_FULL_WRAPPER/GEN_INCLUDE_REALIGNER.I_S2MM_REALIGNER/GEN_INCLUDE_SCATTER.I_S2MM_SCATTER/I_MSSAI_SKID_BUF/sig_data_reg_out_reg[60]/C
                         clock pessimism              0.201    12.726    
                         clock uncertainty           -0.160    12.566    
    SLICE_X28Y61         FDRE (Setup_AFF_SLICEM_C_CE)
                                                     -0.080    12.486    system_i/dma/U0/I_PRMRY_DATAMOVER/GEN_S2MM_FULL.I_S2MM_FULL_WRAPPER/GEN_INCLUDE_REALIGNER.I_S2MM_REALIGNER/GEN_INCLUDE_SCATTER.I_S2MM_SCATTER/I_MSSAI_SKID_BUF/sig_data_reg_out_reg[60]
  -------------------------------------------------------------------
                         required time                         12.486    
                         arrival time                          -6.886    
  -------------------------------------------------------------------
                         slack                                  5.600    

Slack (MET) :             5.642ns  (required time - arrival time)
  Source:                 system_i/dma/U0/I_PRMRY_DATAMOVER/GEN_S2MM_FULL.I_S2MM_FULL_WRAPPER/GEN_ENABLE_INDET_BTT_SF.I_INDET_BTT/I_DATA_FIFO/BLK_MEM.I_SYNC_FIFOGEN_FIFO/xpm_fifo_base_inst/gen_pntr_flags_cc.gen_full_rst_val.ram_full_i_reg/C
                            (rising edge-triggered cell FDSE clocked by clk_pl_0  {rise@0.000ns fall@5.000ns period=10.000ns})
  Destination:            system_i/dma/U0/I_PRMRY_DATAMOVER/GEN_S2MM_FULL.I_S2MM_FULL_WRAPPER/GEN_INCLUDE_REALIGNER.I_S2MM_REALIGNER/GEN_INCLUDE_SCATTER.I_S2MM_SCATTER/I_MSSAI_SKID_BUF/sig_data_reg_out_reg[0]/CE
                            (rising edge-triggered cell FDRE clocked by clk_pl_0  {rise@0.000ns fall@5.000ns period=10.000ns})
  Path Group:             clk_pl_0
  Path Type:              Setup (Max at Slow Process Corner)
  Requirement:            10.000ns  (clk_pl_0 rise@10.000ns - clk_pl_0 rise@0.000ns)
  Data Path Delay:        4.010ns  (logic 0.413ns (10.300%)  route 3.597ns (89.700%))
  Logic Levels:           3  (LUT2=1 LUT3=1 LUT5=1)
  Clock Path Skew:        -0.107ns (DCD - SCD + CPR)
    Destination Clock Delay (DCD):    2.525ns = ( 12.525 - 10.000 ) 
    Source Clock Delay      (SCD):    2.833ns
    Clock Pessimism Removal (CPR):    0.201ns
  Clock Uncertainty:      0.160ns  ((TSJ^2 + DJ^2)^1/2) / 2 + PE
    Total System Jitter     (TSJ):    0.071ns
    Discrete Jitter          (DJ):    0.312ns
    Phase Error              (PE):    0.000ns
  Clock Net Delay (Source):      2.566ns (routing 1.045ns, distribution 1.521ns)
  Clock Net Delay (Destination): 2.309ns (routing 0.955ns, distribution 1.354ns)

    Location             Delay type                Incr(ns)  Path(ns)    Netlist Resource(s)
  -------------------------------------------------------------------    -------------------
                         (clock clk_pl_0 rise edge)
                                                      0.000     0.000 r  
    PS8_X0Y0             PS8                          0.000     0.000 r  system_i/ps/inst/PS8_i/PLCLK[0]
                         net (fo=1, routed)           0.229     0.229    system_i/ps/inst/pl_clk_unbuffered[0]
    BUFG_PS_X0Y80        BUFG_PS (Prop_BUFG_PS_I_O)
                                                      0.038     0.267 r  system_i/ps/inst/buffer_pl_clk_0.PL_CLK_0_BUFG/O
    X0Y1 (CLOCK_ROOT)    net (fo=8144, routed)        2.566     2.833    system_i/dma/U0/I_PRMRY_DATAMOVER/GEN_S2MM_FULL.I_S2MM_FULL_WRAPPER/GEN_ENABLE_INDET_BTT_SF.I_INDET_BTT/I_DATA_FIFO/BLK_MEM.I_SYNC_FIFOGEN_FIFO/xpm_fifo_base_inst/wr_clk
    SLICE_X26Y61         FDSE                                         r  system_i/dma/U0/I_PRMRY_DATAMOVER/GEN_S2MM_FULL.I_S2MM_FULL_WRAPPER/GEN_ENABLE_INDET_BTT_SF.I_INDET_BTT/I_DATA_FIFO/BLK_MEM.I_SYNC_FIFOGEN_FIFO/xpm_fifo_base_inst/gen_pntr_flags_cc.gen_full_rst_val.ram_full_i_reg/C
  -------------------------------------------------------------------    -------------------
    SLICE_X26Y61         FDSE (Prop_DFF_SLICEL_C_Q)
                                                      0.114     2.947 f  system_i/dma/U0/I_PRMRY_DATAMOVER/GEN_S2MM_FULL.I_S2MM_FULL_WRAPPER/GEN_ENABLE_INDET_BTT_SF.I_INDET_BTT/I_DATA_FIFO/BLK_MEM.I_SYNC_FIFOGEN_FIFO/xpm_fifo_base_inst/gen_pntr_flags_cc.gen_full_rst_val.ram_full_i_reg/Q
                         net (fo=5, routed)           1.226     4.173    system_i/dma/U0/I_PRMRY_DATAMOVER/GEN_S2MM_FULL.I_S2MM_FULL_WRAPPER/GEN_ENABLE_INDET_BTT_SF.I_INDET_BTT/I_XD_FIFO/full
    SLICE_X15Y91         LUT5 (Prop_H6LUT_SLICEL_I0_O)
                                                      0.153     4.326 f  system_i/dma/U0/I_PRMRY_DATAMOVER/GEN_S2MM_FULL.I_S2MM_FULL_WRAPPER/GEN_ENABLE_INDET_BTT_SF.I_INDET_BTT/I_XD_FIFO/sig_eop_sent_reg_i_3/O
                         net (fo=5, routed)           0.294     4.619    system_i/dma/U0/I_PRMRY_DATAMOVER/GEN_S2MM_FULL.I_S2MM_FULL_WRAPPER/GEN_INCLUDE_REALIGNER.I_S2MM_REALIGNER/GEN_INCLUDE_SCATTER.I_S2MM_SCATTER/I_MSSAI_SKID_BUF/sig_eop_sent_reg_reg
    SLICE_X16Y88         LUT3 (Prop_D5LUT_SLICEL_I2_O)
                                                      0.088     4.707 r  system_i/dma/U0/I_PRMRY_DATAMOVER/GEN_S2MM_FULL.I_S2MM_FULL_WRAPPER/GEN_INCLUDE_REALIGNER.I_S2MM_REALIGNER/GEN_INCLUDE_SCATTER.I_S2MM_SCATTER/I_MSSAI_SKID_BUF/sig_s_ready_dup_i_2__0/O
                         net (fo=3, routed)           0.193     4.900    system_i/dma/U0/I_PRMRY_DATAMOVER/GEN_S2MM_FULL.I_S2MM_FULL_WRAPPER/GEN_INCLUDE_REALIGNER.I_S2MM_REALIGNER/GEN_INCLUDE_SCATTER.I_S2MM_SCATTER/I_MSSAI_SKID_BUF/sig_s_ready_dup_i_2__0_n_0
    SLICE_X16Y88         LUT2 (Prop_A6LUT_SLICEL_I0_O)
                                                      0.058     4.958 r  system_i/dma/U0/I_PRMRY_DATAMOVER/GEN_S2MM_FULL.I_S2MM_FULL_WRAPPER/GEN_INCLUDE_REALIGNER.I_S2MM_REALIGNER/GEN_INCLUDE_SCATTER.I_S2MM_SCATTER/I_MSSAI_SKID_BUF/sig_data_reg_out[63]_i_1__0/O
                         net (fo=76, routed)          1.884     6.842    system_i/dma/U0/I_PRMRY_DATAMOVER/GEN_S2MM_FULL.I_S2MM_FULL_WRAPPER/GEN_INCLUDE_REALIGNER.I_S2MM_REALIGNER/GEN_INCLUDE_SCATTER.I_S2MM_SCATTER/I_MSSAI_SKID_BUF/sig_data_reg_out_en
    SLICE_X28Y61         FDRE                                         r  system_i/dma/U0/I_PRMRY_DATAMOVER/GEN_S2MM_FULL.I_S2MM_FULL_WRAPPER/GEN_INCLUDE_REALIGNER.I_S2MM_REALIGNER/GEN_INCLUDE_SCATTER.I_S2MM_SCATTER/I_MSSAI_SKID_BUF/sig_data_reg_out_reg[0]/CE
  -------------------------------------------------------------------    -------------------

                         (clock clk_pl_0 rise edge)
                                                     10.000    10.000 r  
    PS8_X0Y0             PS8                          0.000    10.000 r  system_i/ps/inst/PS8_i/PLCLK[0]
                         net (fo=1, routed)           0.181    10.181    system_i/ps/inst/pl_clk_unbuffered[0]
    BUFG_PS_X0Y80        BUFG_PS (Prop_BUFG_PS_I_O)
                                                      0.035    10.216 r  system_i/ps/inst/buffer_pl_clk_0.PL_CLK_0_BUFG/O
    X0Y1 (CLOCK_ROOT)    net (fo=8144, routed)        2.309    12.525    system_i/dma/U0/I_PRMRY_DATAMOVER/GEN_S2MM_FULL.I_S2MM_FULL_WRAPPER/GEN_INCLUDE_REALIGNER.I_S2MM_REALIGNER/GEN_INCLUDE_SCATTER.I_S2MM_SCATTER/I_MSSAI_SKID_BUF/s_axi_lite_aclk
    SLICE_X28Y61         FDRE                                         r  system_i/dma/U0/I_PRMRY_DATAMOVER/GEN_S2MM_FULL.I_S2MM_FULL_WRAPPER/GEN_INCLUDE_REALIGNER.I_S2MM_REALIGNER/GEN_INCLUDE_SCATTER.I_S2MM_SCATTER/I_MSSAI_SKID_BUF/sig_data_reg_out_reg[0]/C
                         clock pessimism              0.201    12.726    
                         clock uncertainty           -0.160    12.566    
    SLICE_X28Y61         FDRE (Setup_EFF_SLICEM_C_CE)
                                                     -0.081    12.485    system_i/dma/U0/I_PRMRY_DATAMOVER/GEN_S2MM_FULL.I_S2MM_FULL_WRAPPER/GEN_INCLUDE_REALIGNER.I_S2MM_REALIGNER/GEN_INCLUDE_SCATTER.I_S2MM_SCATTER/I_MSSAI_SKID_BUF/sig_data_reg_out_reg[0]
  -------------------------------------------------------------------
                         required time                         12.485    
                         arrival time                          -6.842    
  -------------------------------------------------------------------
                         slack                                  5.642    

Slack (MET) :             5.642ns  (required time - arrival time)
  Source:                 system_i/dma/U0/I_PRMRY_DATAMOVER/GEN_S2MM_FULL.I_S2MM_FULL_WRAPPER/GEN_ENABLE_INDET_BTT_SF.I_INDET_BTT/I_DATA_FIFO/BLK_MEM.I_SYNC_FIFOGEN_FIFO/xpm_fifo_base_inst/gen_pntr_flags_cc.gen_full_rst_val.ram_full_i_reg/C
                            (rising edge-triggered cell FDSE clocked by clk_pl_0  {rise@0.000ns fall@5.000ns period=10.000ns})
  Destination:            system_i/dma/U0/I_PRMRY_DATAMOVER/GEN_S2MM_FULL.I_S2MM_FULL_WRAPPER/GEN_INCLUDE_REALIGNER.I_S2MM_REALIGNER/GEN_INCLUDE_SCATTER.I_S2MM_SCATTER/I_MSSAI_SKID_BUF/sig_data_reg_out_reg[10]/CE
                            (rising edge-triggered cell FDRE clocked by clk_pl_0  {rise@0.000ns fall@5.000ns period=10.000ns})
  Path Group:             clk_pl_0
  Path Type:              Setup (Max at Slow Process Corner)
  Requirement:            10.000ns  (clk_pl_0 rise@10.000ns - clk_pl_0 rise@0.000ns)
  Data Path Delay:        4.010ns  (logic 0.413ns (10.300%)  route 3.597ns (89.700%))
  Logic Levels:           3  (LUT2=1 LUT3=1 LUT5=1)
  Clock Path Skew:        -0.107ns (DCD - SCD + CPR)
    Destination Clock Delay (DCD):    2.525ns = ( 12.525 - 10.000 ) 
    Source Clock Delay      (SCD):    2.833ns
    Clock Pessimism Removal (CPR):    0.201ns
  Clock Uncertainty:      0.160ns  ((TSJ^2 + DJ^2)^1/2) / 2 + PE
    Total System Jitter     (TSJ):    0.071ns
    Discrete Jitter          (DJ):    0.312ns
    Phase Error              (PE):    0.000ns
  Clock Net Delay (Source):      2.566ns (routing 1.045ns, distribution 1.521ns)
  Clock Net Delay (Destination): 2.309ns (routing 0.955ns, distribution 1.354ns)

    Location             Delay type                Incr(ns)  Path(ns)    Netlist Resource(s)
  -------------------------------------------------------------------    -------------------
                         (clock clk_pl_0 rise edge)
                                                      0.000     0.000 r  
    PS8_X0Y0             PS8                          0.000     0.000 r  system_i/ps/inst/PS8_i/PLCLK[0]
                         net (fo=1, routed)           0.229     0.229    system_i/ps/inst/pl_clk_unbuffered[0]
    BUFG_PS_X0Y80        BUFG_PS (Prop_BUFG_PS_I_O)
                                                      0.038     0.267 r  system_i/ps/inst/buffer_pl_clk_0.PL_CLK_0_BUFG/O
    X0Y1 (CLOCK_ROOT)    net (fo=8144, routed)        2.566     2.833    system_i/dma/U0/I_PRMRY_DATAMOVER/GEN_S2MM_FULL.I_S2MM_FULL_WRAPPER/GEN_ENABLE_INDET_BTT_SF.I_INDET_BTT/I_DATA_FIFO/BLK_MEM.I_SYNC_FIFOGEN_FIFO/xpm_fifo_base_inst/wr_clk
    SLICE_X26Y61         FDSE                                         r  system_i/dma/U0/I_PRMRY_DATAMOVER/GEN_S2MM_FULL.I_S2MM_FULL_WRAPPER/GEN_ENABLE_INDET_BTT_SF.I_INDET_BTT/I_DATA_FIFO/BLK_MEM.I_SYNC_FIFOGEN_FIFO/xpm_fifo_base_inst/gen_pntr_flags_cc.gen_full_rst_val.ram_full_i_reg/C
  -------------------------------------------------------------------    -------------------
    SLICE_X26Y61         FDSE (Prop_DFF_SLICEL_C_Q)
                                                      0.114     2.947 f  system_i/dma/U0/I_PRMRY_DATAMOVER/GEN_S2MM_FULL.I_S2MM_FULL_WRAPPER/GEN_ENABLE_INDET_BTT_SF.I_INDET_BTT/I_DATA_FIFO/BLK_MEM.I_SYNC_FIFOGEN_FIFO/xpm_fifo_base_inst/gen_pntr_flags_cc.gen_full_rst_val.ram_full_i_reg/Q
                         net (fo=5, routed)           1.226     4.173    system_i/dma/U0/I_PRMRY_DATAMOVER/GEN_S2MM_FULL.I_S2MM_FULL_WRAPPER/GEN_ENABLE_INDET_BTT_SF.I_INDET_BTT/I_XD_FIFO/full
    SLICE_X15Y91         LUT5 (Prop_H6LUT_SLICEL_I0_O)
                                                      0.153     4.326 f  system_i/dma/U0/I_PRMRY_DATAMOVER/GEN_S2MM_FULL.I_S2MM_FULL_WRAPPER/GEN_ENABLE_INDET_BTT_SF.I_INDET_BTT/I_XD_FIFO/sig_eop_sent_reg_i_3/O
                         net (fo=5, routed)           0.294     4.619    system_i/dma/U0/I_PRMRY_DATAMOVER/GEN_S2MM_FULL.I_S2MM_FULL_WRAPPER/GEN_INCLUDE_REALIGNER.I_S2MM_REALIGNER/GEN_INCLUDE_SCATTER.I_S2MM_SCATTER/I_MSSAI_SKID_BUF/sig_eop_sent_reg_reg
    SLICE_X16Y88         LUT3 (Prop_D5LUT_SLICEL_I2_O)
                                                      0.088     4.707 r  system_i/dma/U0/I_PRMRY_DATAMOVER/GEN_S2MM_FULL.I_S2MM_FULL_WRAPPER/GEN_INCLUDE_REALIGNER.I_S2MM_REALIGNER/GEN_INCLUDE_SCATTER.I_S2MM_SCATTER/I_MSSAI_SKID_BUF/sig_s_ready_dup_i_2__0/O
                         net (fo=3, routed)           0.193     4.900    system_i/dma/U0/I_PRMRY_DATAMOVER/GEN_S2MM_FULL.I_S2MM_FULL_WRAPPER/GEN_INCLUDE_REALIGNER.I_S2MM_REALIGNER/GEN_INCLUDE_SCATTER.I_S2MM_SCATTER/I_MSSAI_SKID_BUF/sig_s_ready_dup_i_2__0_n_0
    SLICE_X16Y88         LUT2 (Prop_A6LUT_SLICEL_I0_O)
                                                      0.058     4.958 r  system_i/dma/U0/I_PRMRY_DATAMOVER/GEN_S2MM_FULL.I_S2MM_FULL_WRAPPER/GEN_INCLUDE_REALIGNER.I_S2MM_REALIGNER/GEN_INCLUDE_SCATTER.I_S2MM_SCATTER/I_MSSAI_SKID_BUF/sig_data_reg_out[63]_i_1__0/O
                         net (fo=76, routed)          1.884     6.842    system_i/dma/U0/I_PRMRY_DATAMOVER/GEN_S2MM_FULL.I_S2MM_FULL_WRAPPER/GEN_INCLUDE_REALIGNER.I_S2MM_REALIGNER/GEN_INCLUDE_SCATTER.I_S2MM_SCATTER/I_MSSAI_SKID_BUF/sig_data_reg_out_en
    SLICE_X28Y61         FDRE                                         r  system_i/dma/U0/I_PRMRY_DATAMOVER/GEN_S2MM_FULL.I_S2MM_FULL_WRAPPER/GEN_INCLUDE_REALIGNER.I_S2MM_REALIGNER/GEN_INCLUDE_SCATTER.I_S2MM_SCATTER/I_MSSAI_SKID_BUF/sig_data_reg_out_reg[10]/CE
  -------------------------------------------------------------------    -------------------

                         (clock clk_pl_0 rise edge)
                                                     10.000    10.000 r  
    PS8_X0Y0             PS8                          0.000    10.000 r  system_i/ps/inst/PS8_i/PLCLK[0]
                         net (fo=1, routed)           0.181    10.181    system_i/ps/inst/pl_clk_unbuffered[0]
    BUFG_PS_X0Y80        BUFG_PS (Prop_BUFG_PS_I_O)
                                                      0.035    10.216 r  system_i/ps/inst/buffer_pl_clk_0.PL_CLK_0_BUFG/O
    X0Y1 (CLOCK_ROOT)    net (fo=8144, routed)        2.309    12.525    system_i/dma/U0/I_PRMRY_DATAMOVER/GEN_S2MM_FULL.I_S2MM_FULL_WRAPPER/GEN_INCLUDE_REALIGNER.I_S2MM_REALIGNER/GEN_INCLUDE_SCATTER.I_S2MM_SCATTER/I_MSSAI_SKID_BUF/s_axi_lite_aclk
    SLICE_X28Y61         FDRE                                         r  system_i/dma/U0/I_PRMRY_DATAMOVER/GEN_S2MM_FULL.I_S2MM_FULL_WRAPPER/GEN_INCLUDE_REALIGNER.I_S2MM_REALIGNER/GEN_INCLUDE_SCATTER.I_S2MM_SCATTER/I_MSSAI_SKID_BUF/sig_data_reg_out_reg[10]/C
                         clock pessimism              0.201    12.726    
                         clock uncertainty           -0.160    12.566    
    SLICE_X28Y61         FDRE (Setup_HFF_SLICEM_C_CE)
                                                     -0.081    12.485    system_i/dma/U0/I_PRMRY_DATAMOVER/GEN_S2MM_FULL.I_S2MM_FULL_WRAPPER/GEN_INCLUDE_REALIGNER.I_S2MM_REALIGNER/GEN_INCLUDE_SCATTER.I_S2MM_SCATTER/I_MSSAI_SKID_BUF/sig_data_reg_out_reg[10]
  -------------------------------------------------------------------
                         required time                         12.485    
                         arrival time                          -6.842    
  -------------------------------------------------------------------
                         slack                                  5.642    

Slack (MET) :             5.642ns  (required time - arrival time)
  Source:                 system_i/dma/U0/I_PRMRY_DATAMOVER/GEN_S2MM_FULL.I_S2MM_FULL_WRAPPER/GEN_ENABLE_INDET_BTT_SF.I_INDET_BTT/I_DATA_FIFO/BLK_MEM.I_SYNC_FIFOGEN_FIFO/xpm_fifo_base_inst/gen_pntr_flags_cc.gen_full_rst_val.ram_full_i_reg/C
                            (rising edge-triggered cell FDSE clocked by clk_pl_0  {rise@0.000ns fall@5.000ns period=10.000ns})
  Destination:            system_i/dma/U0/I_PRMRY_DATAMOVER/GEN_S2MM_FULL.I_S2MM_FULL_WRAPPER/GEN_INCLUDE_REALIGNER.I_S2MM_REALIGNER/GEN_INCLUDE_SCATTER.I_S2MM_SCATTER/I_MSSAI_SKID_BUF/sig_data_reg_out_reg[20]/CE
                            (rising edge-triggered cell FDRE clocked by clk_pl_0  {rise@0.000ns fall@5.000ns period=10.000ns})
  Path Group:             clk_pl_0
  Path Type:              Setup (Max at Slow Process Corner)
  Requirement:            10.000ns  (clk_pl_0 rise@10.000ns - clk_pl_0 rise@0.000ns)
  Data Path Delay:        4.010ns  (logic 0.413ns (10.300%)  route 3.597ns (89.700%))
  Logic Levels:           3  (LUT2=1 LUT3=1 LUT5=1)
  Clock Path Skew:        -0.107ns (DCD - SCD + CPR)
    Destination Clock Delay (DCD):    2.525ns = ( 12.525 - 10.000 ) 
    Source Clock Delay      (SCD):    2.833ns
    Clock Pessimism Removal (CPR):    0.201ns
  Clock Uncertainty:      0.160ns  ((TSJ^2 + DJ^2)^1/2) / 2 + PE
    Total System Jitter     (TSJ):    0.071ns
    Discrete Jitter          (DJ):    0.312ns
    Phase Error              (PE):    0.000ns
  Clock Net Delay (Source):      2.566ns (routing 1.045ns, distribution 1.521ns)
  Clock Net Delay (Destination): 2.309ns (routing 0.955ns, distribution 1.354ns)

    Location             Delay type                Incr(ns)  Path(ns)    Netlist Resource(s)
  -------------------------------------------------------------------    -------------------
                         (clock clk_pl_0 rise edge)
                                                      0.000     0.000 r  
    PS8_X0Y0             PS8                          0.000     0.000 r  system_i/ps/inst/PS8_i/PLCLK[0]
                         net (fo=1, routed)           0.229     0.229    system_i/ps/inst/pl_clk_unbuffered[0]
    BUFG_PS_X0Y80        BUFG_PS (Prop_BUFG_PS_I_O)
                                                      0.038     0.267 r  system_i/ps/inst/buffer_pl_clk_0.PL_CLK_0_BUFG/O
    X0Y1 (CLOCK_ROOT)    net (fo=8144, routed)        2.566     2.833    system_i/dma/U0/I_PRMRY_DATAMOVER/GEN_S2MM_FULL.I_S2MM_FULL_WRAPPER/GEN_ENABLE_INDET_BTT_SF.I_INDET_BTT/I_DATA_FIFO/BLK_MEM.I_SYNC_FIFOGEN_FIFO/xpm_fifo_base_inst/wr_clk
    SLICE_X26Y61         FDSE                                         r  system_i/dma/U0/I_PRMRY_DATAMOVER/GEN_S2MM_FULL.I_S2MM_FULL_WRAPPER/GEN_ENABLE_INDET_BTT_SF.I_INDET_BTT/I_DATA_FIFO/BLK_MEM.I_SYNC_FIFOGEN_FIFO/xpm_fifo_base_inst/gen_pntr_flags_cc.gen_full_rst_val.ram_full_i_reg/C
  -------------------------------------------------------------------    -------------------
    SLICE_X26Y61         FDSE (Prop_DFF_SLICEL_C_Q)
                                                      0.114     2.947 f  system_i/dma/U0/I_PRMRY_DATAMOVER/GEN_S2MM_FULL.I_S2MM_FULL_WRAPPER/GEN_ENABLE_INDET_BTT_SF.I_INDET_BTT/I_DATA_FIFO/BLK_MEM.I_SYNC_FIFOGEN_FIFO/xpm_fifo_base_inst/gen_pntr_flags_cc.gen_full_rst_val.ram_full_i_reg/Q
                         net (fo=5, routed)           1.226     4.173    system_i/dma/U0/I_PRMRY_DATAMOVER/GEN_S2MM_FULL.I_S2MM_FULL_WRAPPER/GEN_ENABLE_INDET_BTT_SF.I_INDET_BTT/I_XD_FIFO/full
    SLICE_X15Y91         LUT5 (Prop_H6LUT_SLICEL_I0_O)
                                                      0.153     4.326 f  system_i/dma/U0/I_PRMRY_DATAMOVER/GEN_S2MM_FULL.I_S2MM_FULL_WRAPPER/GEN_ENABLE_INDET_BTT_SF.I_INDET_BTT/I_XD_FIFO/sig_eop_sent_reg_i_3/O
                         net (fo=5, routed)           0.294     4.619    system_i/dma/U0/I_PRMRY_DATAMOVER/GEN_S2MM_FULL.I_S2MM_FULL_WRAPPER/GEN_INCLUDE_REALIGNER.I_S2MM_REALIGNER/GEN_INCLUDE_SCATTER.I_S2MM_SCATTER/I_MSSAI_SKID_BUF/sig_eop_sent_reg_reg
    SLICE_X16Y88         LUT3 (Prop_D5LUT_SLICEL_I2_O)
                                                      0.088     4.707 r  system_i/dma/U0/I_PRMRY_DATAMOVER/GEN_S2MM_FULL.I_S2MM_FULL_WRAPPER/GEN_INCLUDE_REALIGNER.I_S2MM_REALIGNER/GEN_INCLUDE_SCATTER.I_S2MM_SCATTER/I_MSSAI_SKID_BUF/sig_s_ready_dup_i_2__0/O
                         net (fo=3, routed)           0.193     4.900    system_i/dma/U0/I_PRMRY_DATAMOVER/GEN_S2MM_FULL.I_S2MM_FULL_WRAPPER/GEN_INCLUDE_REALIGNER.I_S2MM_REALIGNER/GEN_INCLUDE_SCATTER.I_S2MM_SCATTER/I_MSSAI_SKID_BUF/sig_s_ready_dup_i_2__0_n_0
    SLICE_X16Y88         LUT2 (Prop_A6LUT_SLICEL_I0_O)
                                                      0.058     4.958 r  system_i/dma/U0/I_PRMRY_DATAMOVER/GEN_S2MM_FULL.I_S2MM_FULL_WRAPPER/GEN_INCLUDE_REALIGNER.I_S2MM_REALIGNER/GEN_INCLUDE_SCATTER.I_S2MM_SCATTER/I_MSSAI_SKID_BUF/sig_data_reg_out[63]_i_1__0/O
                         net (fo=76, routed)          1.884     6.842    system_i/dma/U0/I_PRMRY_DATAMOVER/GEN_S2MM_FULL.I_S2MM_FULL_WRAPPER/GEN_INCLUDE_REALIGNER.I_S2MM_REALIGNER/GEN_INCLUDE_SCATTER.I_S2MM_SCATTER/I_MSSAI_SKID_BUF/sig_data_reg_out_en
    SLICE_X28Y61         FDRE                                         r  system_i/dma/U0/I_PRMRY_DATAMOVER/GEN_S2MM_FULL.I_S2MM_FULL_WRAPPER/GEN_INCLUDE_REALIGNER.I_S2MM_REALIGNER/GEN_INCLUDE_SCATTER.I_S2MM_SCATTER/I_MSSAI_SKID_BUF/sig_data_reg_out_reg[20]/CE
  -------------------------------------------------------------------    -------------------

                         (clock clk_pl_0 rise edge)
                                                     10.000    10.000 r  
    PS8_X0Y0             PS8                          0.000    10.000 r  system_i/ps/inst/PS8_i/PLCLK[0]
                         net (fo=1, routed)           0.181    10.181    system_i/ps/inst/pl_clk_unbuffered[0]
    BUFG_PS_X0Y80        BUFG_PS (Prop_BUFG_PS_I_O)
                                                      0.035    10.216 r  system_i/ps/inst/buffer_pl_clk_0.PL_CLK_0_BUFG/O
    X0Y1 (CLOCK_ROOT)    net (fo=8144, routed)        2.309    12.525    system_i/dma/U0/I_PRMRY_DATAMOVER/GEN_S2MM_FULL.I_S2MM_FULL_WRAPPER/GEN_INCLUDE_REALIGNER.I_S2MM_REALIGNER/GEN_INCLUDE_SCATTER.I_S2MM_SCATTER/I_MSSAI_SKID_BUF/s_axi_lite_aclk
    SLICE_X28Y61         FDRE                                         r  system_i/dma/U0/I_PRMRY_DATAMOVER/GEN_S2MM_FULL.I_S2MM_FULL_WRAPPER/GEN_INCLUDE_REALIGNER.I_S2MM_REALIGNER/GEN_INCLUDE_SCATTER.I_S2MM_SCATTER/I_MSSAI_SKID_BUF/sig_data_reg_out_reg[20]/C
                         clock pessimism              0.201    12.726    
                         clock uncertainty           -0.160    12.566    
    SLICE_X28Y61         FDRE (Setup_GFF_SLICEM_C_CE)
                                                     -0.081    12.485    system_i/dma/U0/I_PRMRY_DATAMOVER/GEN_S2MM_FULL.I_S2MM_FULL_WRAPPER/GEN_INCLUDE_REALIGNER.I_S2MM_REALIGNER/GEN_INCLUDE_SCATTER.I_S2MM_SCATTER/I_MSSAI_SKID_BUF/sig_data_reg_out_reg[20]
  -------------------------------------------------------------------
                         required time                         12.485    
                         arrival time                          -6.842    
  -------------------------------------------------------------------
                         slack                                  5.642    

Slack (MET) :             5.642ns  (required time - arrival time)
  Source:                 system_i/dma/U0/I_PRMRY_DATAMOVER/GEN_S2MM_FULL.I_S2MM_FULL_WRAPPER/GEN_ENABLE_INDET_BTT_SF.I_INDET_BTT/I_DATA_FIFO/BLK_MEM.I_SYNC_FIFOGEN_FIFO/xpm_fifo_base_inst/gen_pntr_flags_cc.gen_full_rst_val.ram_full_i_reg/C
                            (rising edge-triggered cell FDSE clocked by clk_pl_0  {rise@0.000ns fall@5.000ns period=10.000ns})
  Destination:            system_i/dma/U0/I_PRMRY_DATAMOVER/GEN_S2MM_FULL.I_S2MM_FULL_WRAPPER/GEN_INCLUDE_REALIGNER.I_S2MM_REALIGNER/GEN_INCLUDE_SCATTER.I_S2MM_SCATTER/I_MSSAI_SKID_BUF/sig_data_reg_out_reg[6]/CE
                            (rising edge-triggered cell FDRE clocked by clk_pl_0  {rise@0.000ns fall@5.000ns period=10.000ns})
  Path Group:             clk_pl_0
  Path Type:              Setup (Max at Slow Process Corner)
  Requirement:            10.000ns  (clk_pl_0 rise@10.000ns - clk_pl_0 rise@0.000ns)
  Data Path Delay:        4.010ns  (logic 0.413ns (10.300%)  route 3.597ns (89.700%))
  Logic Levels:           3  (LUT2=1 LUT3=1 LUT5=1)
  Clock Path Skew:        -0.107ns (DCD - SCD + CPR)
    Destination Clock Delay (DCD):    2.525ns = ( 12.525 - 10.000 ) 
    Source Clock Delay      (SCD):    2.833ns
    Clock Pessimism Removal (CPR):    0.201ns
  Clock Uncertainty:      0.160ns  ((TSJ^2 + DJ^2)^1/2) / 2 + PE
    Total System Jitter     (TSJ):    0.071ns
    Discrete Jitter          (DJ):    0.312ns
    Phase Error              (PE):    0.000ns
  Clock Net Delay (Source):      2.566ns (routing 1.045ns, distribution 1.521ns)
  Clock Net Delay (Destination): 2.309ns (routing 0.955ns, distribution 1.354ns)

    Location             Delay type                Incr(ns)  Path(ns)    Netlist Resource(s)
  -------------------------------------------------------------------    -------------------
                         (clock clk_pl_0 rise edge)
                                                      0.000     0.000 r  
    PS8_X0Y0             PS8                          0.000     0.000 r  system_i/ps/inst/PS8_i/PLCLK[0]
                         net (fo=1, routed)           0.229     0.229    system_i/ps/inst/pl_clk_unbuffered[0]
    BUFG_PS_X0Y80        BUFG_PS (Prop_BUFG_PS_I_O)
                                                      0.038     0.267 r  system_i/ps/inst/buffer_pl_clk_0.PL_CLK_0_BUFG/O
    X0Y1 (CLOCK_ROOT)    net (fo=8144, routed)        2.566     2.833    system_i/dma/U0/I_PRMRY_DATAMOVER/GEN_S2MM_FULL.I_S2MM_FULL_WRAPPER/GEN_ENABLE_INDET_BTT_SF.I_INDET_BTT/I_DATA_FIFO/BLK_MEM.I_SYNC_FIFOGEN_FIFO/xpm_fifo_base_inst/wr_clk
    SLICE_X26Y61         FDSE                                         r  system_i/dma/U0/I_PRMRY_DATAMOVER/GEN_S2MM_FULL.I_S2MM_FULL_WRAPPER/GEN_ENABLE_INDET_BTT_SF.I_INDET_BTT/I_DATA_FIFO/BLK_MEM.I_SYNC_FIFOGEN_FIFO/xpm_fifo_base_inst/gen_pntr_flags_cc.gen_full_rst_val.ram_full_i_reg/C
  -------------------------------------------------------------------    -------------------
    SLICE_X26Y61         FDSE (Prop_DFF_SLICEL_C_Q)
                                                      0.114     2.947 f  system_i/dma/U0/I_PRMRY_DATAMOVER/GEN_S2MM_FULL.I_S2MM_FULL_WRAPPER/GEN_ENABLE_INDET_BTT_SF.I_INDET_BTT/I_DATA_FIFO/BLK_MEM.I_SYNC_FIFOGEN_FIFO/xpm_fifo_base_inst/gen_pntr_flags_cc.gen_full_rst_val.ram_full_i_reg/Q
                         net (fo=5, routed)           1.226     4.173    system_i/dma/U0/I_PRMRY_DATAMOVER/GEN_S2MM_FULL.I_S2MM_FULL_WRAPPER/GEN_ENABLE_INDET_BTT_SF.I_INDET_BTT/I_XD_FIFO/full
    SLICE_X15Y91         LUT5 (Prop_H6LUT_SLICEL_I0_O)
                                                      0.153     4.326 f  system_i/dma/U0/I_PRMRY_DATAMOVER/GEN_S2MM_FULL.I_S2MM_FULL_WRAPPER/GEN_ENABLE_INDET_BTT_SF.I_INDET_BTT/I_XD_FIFO/sig_eop_sent_reg_i_3/O
                         net (fo=5, routed)           0.294     4.619    system_i/dma/U0/I_PRMRY_DATAMOVER/GEN_S2MM_FULL.I_S2MM_FULL_WRAPPER/GEN_INCLUDE_REALIGNER.I_S2MM_REALIGNER/GEN_INCLUDE_SCATTER.I_S2MM_SCATTER/I_MSSAI_SKID_BUF/sig_eop_sent_reg_reg
    SLICE_X16Y88         LUT3 (Prop_D5LUT_SLICEL_I2_O)
                                                      0.088     4.707 r  system_i/dma/U0/I_PRMRY_DATAMOVER/GEN_S2MM_FULL.I_S2MM_FULL_WRAPPER/GEN_INCLUDE_REALIGNER.I_S2MM_REALIGNER/GEN_INCLUDE_SCATTER.I_S2MM_SCATTER/I_MSSAI_SKID_BUF/sig_s_ready_dup_i_2__0/O
                         net (fo=3, routed)           0.193     4.900    system_i/dma/U0/I_PRMRY_DATAMOVER/GEN_S2MM_FULL.I_S2MM_FULL_WRAPPER/GEN_INCLUDE_REALIGNER.I_S2MM_REALIGNER/GEN_INCLUDE_SCATTER.I_S2MM_SCATTER/I_MSSAI_SKID_BUF/sig_s_ready_dup_i_2__0_n_0
    SLICE_X16Y88         LUT2 (Prop_A6LUT_SLICEL_I0_O)
                                                      0.058     4.958 r  system_i/dma/U0/I_PRMRY_DATAMOVER/GEN_S2MM_FULL.I_S2MM_FULL_WRAPPER/GEN_INCLUDE_REALIGNER.I_S2MM_REALIGNER/GEN_INCLUDE_SCATTER.I_S2MM_SCATTER/I_MSSAI_SKID_BUF/sig_data_reg_out[63]_i_1__0/O
                         net (fo=76, routed)          1.884     6.842    system_i/dma/U0/I_PRMRY_DATAMOVER/GEN_S2MM_FULL.I_S2MM_FULL_WRAPPER/GEN_INCLUDE_REALIGNER.I_S2MM_REALIGNER/GEN_INCLUDE_SCATTER.I_S2MM_SCATTER/I_MSSAI_SKID_BUF/sig_data_reg_out_en
    SLICE_X28Y61         FDRE                                         r  system_i/dma/U0/I_PRMRY_DATAMOVER/GEN_S2MM_FULL.I_S2MM_FULL_WRAPPER/GEN_INCLUDE_REALIGNER.I_S2MM_REALIGNER/GEN_INCLUDE_SCATTER.I_S2MM_SCATTER/I_MSSAI_SKID_BUF/sig_data_reg_out_reg[6]/CE
  -------------------------------------------------------------------    -------------------

                         (clock clk_pl_0 rise edge)
                                                     10.000    10.000 r  
    PS8_X0Y0             PS8                          0.000    10.000 r  system_i/ps/inst/PS8_i/PLCLK[0]
                         net (fo=1, routed)           0.181    10.181    system_i/ps/inst/pl_clk_unbuffered[0]
    BUFG_PS_X0Y80        BUFG_PS (Prop_BUFG_PS_I_O)
                                                      0.035    10.216 r  system_i/ps/inst/buffer_pl_clk_0.PL_CLK_0_BUFG/O
    X0Y1 (CLOCK_ROOT)    net (fo=8144, routed)        2.309    12.525    system_i/dma/U0/I_PRMRY_DATAMOVER/GEN_S2MM_FULL.I_S2MM_FULL_WRAPPER/GEN_INCLUDE_REALIGNER.I_S2MM_REALIGNER/GEN_INCLUDE_SCATTER.I_S2MM_SCATTER/I_MSSAI_SKID_BUF/s_axi_lite_aclk
    SLICE_X28Y61         FDRE                                         r  system_i/dma/U0/I_PRMRY_DATAMOVER/GEN_S2MM_FULL.I_S2MM_FULL_WRAPPER/GEN_INCLUDE_REALIGNER.I_S2MM_REALIGNER/GEN_INCLUDE_SCATTER.I_S2MM_SCATTER/I_MSSAI_SKID_BUF/sig_data_reg_out_reg[6]/C
                         clock pessimism              0.201    12.726    
                         clock uncertainty           -0.160    12.566    
    SLICE_X28Y61         FDRE (Setup_FFF_SLICEM_C_CE)
                                                     -0.081    12.485    system_i/dma/U0/I_PRMRY_DATAMOVER/GEN_S2MM_FULL.I_S2MM_FULL_WRAPPER/GEN_INCLUDE_REALIGNER.I_S2MM_REALIGNER/GEN_INCLUDE_SCATTER.I_S2MM_SCATTER/I_MSSAI_SKID_BUF/sig_data_reg_out_reg[6]
  -------------------------------------------------------------------
                         required time                         12.485    
                         arrival time                          -6.842    
  -------------------------------------------------------------------
                         slack                                  5.642    

Slack (MET) :             5.708ns  (required time - arrival time)
  Source:                 system_i/dma/U0/I_PRMRY_DATAMOVER/GEN_S2MM_FULL.I_S2MM_FULL_WRAPPER/GEN_ENABLE_INDET_BTT_SF.I_INDET_BTT/I_DATA_FIFO/BLK_MEM.I_SYNC_FIFOGEN_FIFO/xpm_fifo_base_inst/gen_pntr_flags_cc.gen_full_rst_val.ram_full_i_reg/C
                            (rising edge-triggered cell FDSE clocked by clk_pl_0  {rise@0.000ns fall@5.000ns period=10.000ns})
  Destination:            system_i/dma/U0/I_PRMRY_DATAMOVER/GEN_S2MM_FULL.I_S2MM_FULL_WRAPPER/GEN_ENABLE_INDET_BTT_SF.I_INDET_BTT/I_DATA_FIFO/BLK_MEM.I_SYNC_FIFOGEN_FIFO/xpm_fifo_base_inst/gen_sdpram.xpm_memory_base_inst/gen_wr_a.gen_word_narrow.mem_reg_0/WEBWE[1]
                            (rising edge-triggered cell RAMB36E2 clocked by clk_pl_0  {rise@0.000ns fall@5.000ns period=10.000ns})
  Path Group:             clk_pl_0
  Path Type:              Setup (Max at Slow Process Corner)
  Requirement:            10.000ns  (clk_pl_0 rise@10.000ns - clk_pl_0 rise@0.000ns)
  Data Path Delay:        3.455ns  (logic 0.483ns (13.980%)  route 2.972ns (86.020%))
  Logic Levels:           3  (LUT2=1 LUT4=1 LUT5=1)
  Clock Path Skew:        -0.066ns (DCD - SCD + CPR)
    Destination Clock Delay (DCD):    2.563ns = ( 12.563 - 10.000 ) 
    Source Clock Delay      (SCD):    2.833ns
    Clock Pessimism Removal (CPR):    0.204ns
  Clock Uncertainty:      0.160ns  ((TSJ^2 + DJ^2)^1/2) / 2 + PE
    Total System Jitter     (TSJ):    0.071ns
    Discrete Jitter          (DJ):    0.312ns
    Phase Error              (PE):    0.000ns
  Clock Net Delay (Source):      2.566ns (routing 1.045ns, distribution 1.521ns)
  Clock Net Delay (Destination): 2.347ns (routing 0.955ns, distribution 1.392ns)

    Location             Delay type                Incr(ns)  Path(ns)    Netlist Resource(s)
  -------------------------------------------------------------------    -------------------
                         (clock clk_pl_0 rise edge)
                                                      0.000     0.000 r  
    PS8_X0Y0             PS8                          0.000     0.000 r  system_i/ps/inst/PS8_i/PLCLK[0]
                         net (fo=1, routed)           0.229     0.229    system_i/ps/inst/pl_clk_unbuffered[0]
    BUFG_PS_X0Y80        BUFG_PS (Prop_BUFG_PS_I_O)
                                                      0.038     0.267 r  system_i/ps/inst/buffer_pl_clk_0.PL_CLK_0_BUFG/O
    X0Y1 (CLOCK_ROOT)    net (fo=8144, routed)        2.566     2.833    system_i/dma/U0/I_PRMRY_DATAMOVER/GEN_S2MM_FULL.I_S2MM_FULL_WRAPPER/GEN_ENABLE_INDET_BTT_SF.I_INDET_BTT/I_DATA_FIFO/BLK_MEM.I_SYNC_FIFOGEN_FIFO/xpm_fifo_base_inst/wr_clk
    SLICE_X26Y61         FDSE                                         r  system_i/dma/U0/I_PRMRY_DATAMOVER/GEN_S2MM_FULL.I_S2MM_FULL_WRAPPER/GEN_ENABLE_INDET_BTT_SF.I_INDET_BTT/I_DATA_FIFO/BLK_MEM.I_SYNC_FIFOGEN_FIFO/xpm_fifo_base_inst/gen_pntr_flags_cc.gen_full_rst_val.ram_full_i_reg/C
  -------------------------------------------------------------------    -------------------
    SLICE_X26Y61         FDSE (Prop_DFF_SLICEL_C_Q)
                                                      0.114     2.947 f  system_i/dma/U0/I_PRMRY_DATAMOVER/GEN_S2MM_FULL.I_S2MM_FULL_WRAPPER/GEN_ENABLE_INDET_BTT_SF.I_INDET_BTT/I_DATA_FIFO/BLK_MEM.I_SYNC_FIFOGEN_FIFO/xpm_fifo_base_inst/gen_pntr_flags_cc.gen_full_rst_val.ram_full_i_reg/Q
                         net (fo=5, routed)           1.226     4.173    system_i/dma/U0/I_PRMRY_DATAMOVER/GEN_S2MM_FULL.I_S2MM_FULL_WRAPPER/GEN_ENABLE_INDET_BTT_SF.I_INDET_BTT/I_XD_FIFO/full
    SLICE_X15Y91         LUT5 (Prop_H6LUT_SLICEL_I0_O)
                                                      0.153     4.326 f  system_i/dma/U0/I_PRMRY_DATAMOVER/GEN_S2MM_FULL.I_S2MM_FULL_WRAPPER/GEN_ENABLE_INDET_BTT_SF.I_INDET_BTT/I_XD_FIFO/sig_eop_sent_reg_i_3/O
                         net (fo=5, routed)           0.294     4.619    system_i/dma/U0/I_PRMRY_DATAMOVER/GEN_S2MM_FULL.I_S2MM_FULL_WRAPPER/GEN_INCLUDE_REALIGNER.I_S2MM_REALIGNER/GEN_INCLUDE_SCATTER.I_S2MM_SCATTER/I_MSSAI_SKID_BUF/sig_eop_sent_reg_reg
    SLICE_X16Y88         LUT2 (Prop_D6LUT_SLICEL_I1_O)
                                                      0.081     4.700 r  system_i/dma/U0/I_PRMRY_DATAMOVER/GEN_S2MM_FULL.I_S2MM_FULL_WRAPPER/GEN_INCLUDE_REALIGNER.I_S2MM_REALIGNER/GEN_INCLUDE_SCATTER.I_S2MM_SCATTER/I_MSSAI_SKID_BUF/BLK_MEM.I_SYNC_FIFOGEN_FIFO_i_1__0/O
                         net (fo=33, routed)          1.027     5.728    system_i/dma/U0/I_PRMRY_DATAMOVER/GEN_S2MM_FULL.I_S2MM_FULL_WRAPPER/GEN_ENABLE_INDET_BTT_SF.I_INDET_BTT/I_DATA_FIFO/BLK_MEM.I_SYNC_FIFOGEN_FIFO/xpm_fifo_base_inst/xpm_fifo_rst_inst/wr_en
    SLICE_X26Y61         LUT4 (Prop_C5LUT_SLICEL_I0_O)
                                                      0.135     5.863 r  system_i/dma/U0/I_PRMRY_DATAMOVER/GEN_S2MM_FULL.I_S2MM_FULL_WRAPPER/GEN_ENABLE_INDET_BTT_SF.I_INDET_BTT/I_DATA_FIFO/BLK_MEM.I_SYNC_FIFOGEN_FIFO/xpm_fifo_base_inst/xpm_fifo_rst_inst/gen_sdpram.xpm_memory_base_inst_i_1/O
                         net (fo=28, routed)          0.425     6.288    system_i/dma/U0/I_PRMRY_DATAMOVER/GEN_S2MM_FULL.I_S2MM_FULL_WRAPPER/GEN_ENABLE_INDET_BTT_SF.I_INDET_BTT/I_DATA_FIFO/BLK_MEM.I_SYNC_FIFOGEN_FIFO/xpm_fifo_base_inst/gen_sdpram.xpm_memory_base_inst/wea[0]
    RAMB36_X0Y12         RAMB36E2                                     r  system_i/dma/U0/I_PRMRY_DATAMOVER/GEN_S2MM_FULL.I_S2MM_FULL_WRAPPER/GEN_ENABLE_INDET_BTT_SF.I_INDET_BTT/I_DATA_FIFO/BLK_MEM.I_SYNC_FIFOGEN_FIFO/xpm_fifo_base_inst/gen_sdpram.xpm_memory_base_inst/gen_wr_a.gen_word_narrow.mem_reg_0/WEBWE[1]
  -------------------------------------------------------------------    -------------------

                         (clock clk_pl_0 rise edge)
                                                     10.000    10.000 r  
    PS8_X0Y0             PS8                          0.000    10.000 r  system_i/ps/inst/PS8_i/PLCLK[0]
                         net (fo=1, routed)           0.181    10.181    system_i/ps/inst/pl_clk_unbuffered[0]
    BUFG_PS_X0Y80        BUFG_PS (Prop_BUFG_PS_I_O)
                                                      0.035    10.216 r  system_i/ps/inst/buffer_pl_clk_0.PL_CLK_0_BUFG/O
    X0Y1 (CLOCK_ROOT)    net (fo=8144, routed)        2.347    12.563    system_i/dma/U0/I_PRMRY_DATAMOVER/GEN_S2MM_FULL.I_S2MM_FULL_WRAPPER/GEN_ENABLE_INDET_BTT_SF.I_INDET_BTT/I_DATA_FIFO/BLK_MEM.I_SYNC_FIFOGEN_FIFO/xpm_fifo_base_inst/gen_sdpram.xpm_memory_base_inst/clka
    RAMB36_X0Y12         RAMB36E2                                     r  system_i/dma/U0/I_PRMRY_DATAMOVER/GEN_S2MM_FULL.I_S2MM_FULL_WRAPPER/GEN_ENABLE_INDET_BTT_SF.I_INDET_BTT/I_DATA_FIFO/BLK_MEM.I_SYNC_FIFOGEN_FIFO/xpm_fifo_base_inst/gen_sdpram.xpm_memory_base_inst/gen_wr_a.gen_word_narrow.mem_reg_0/CLKBWRCLK
                         clock pessimism              0.204    12.766    
                         clock uncertainty           -0.160    12.606    
    RAMB36_X0Y12         RAMB36E2 (Setup_RAMB36E2_RAMB36_CLKBWRCLK_WEBWE[1])
                                                     -0.611    11.995    system_i/dma/U0/I_PRMRY_DATAMOVER/GEN_S2MM_FULL.I_S2MM_FULL_WRAPPER/GEN_ENABLE_INDET_BTT_SF.I_INDET_BTT/I_DATA_FIFO/BLK_MEM.I_SYNC_FIFOGEN_FIFO/xpm_fifo_base_inst/gen_sdpram.xpm_memory_base_inst/gen_wr_a.gen_word_narrow.mem_reg_0
  -------------------------------------------------------------------
                         required time                         11.995    
                         arrival time                          -6.288    
  -------------------------------------------------------------------
                         slack                                  5.708    

Slack (MET) :             5.719ns  (required time - arrival time)
  Source:                 system_i/dma/U0/I_PRMRY_DATAMOVER/GEN_S2MM_FULL.I_S2MM_FULL_WRAPPER/GEN_ENABLE_INDET_BTT_SF.I_INDET_BTT/I_DATA_FIFO/BLK_MEM.I_SYNC_FIFOGEN_FIFO/xpm_fifo_base_inst/gen_pntr_flags_cc.gen_full_rst_val.ram_full_i_reg/C
                            (rising edge-triggered cell FDSE clocked by clk_pl_0  {rise@0.000ns fall@5.000ns period=10.000ns})
  Destination:            system_i/dma/U0/I_PRMRY_DATAMOVER/GEN_S2MM_FULL.I_S2MM_FULL_WRAPPER/GEN_ENABLE_INDET_BTT_SF.I_INDET_BTT/I_DATA_FIFO/BLK_MEM.I_SYNC_FIFOGEN_FIFO/xpm_fifo_base_inst/gen_sdpram.xpm_memory_base_inst/gen_wr_a.gen_word_narrow.mem_reg_0/WEBWE[2]
                            (rising edge-triggered cell RAMB36E2 clocked by clk_pl_0  {rise@0.000ns fall@5.000ns period=10.000ns})
  Path Group:             clk_pl_0
  Path Type:              Setup (Max at Slow Process Corner)
  Requirement:            10.000ns  (clk_pl_0 rise@10.000ns - clk_pl_0 rise@0.000ns)
  Data Path Delay:        3.444ns  (logic 0.483ns (14.025%)  route 2.961ns (85.975%))
  Logic Levels:           3  (LUT2=1 LUT4=1 LUT5=1)
  Clock Path Skew:        -0.066ns (DCD - SCD + CPR)
    Destination Clock Delay (DCD):    2.563ns = ( 12.563 - 10.000 ) 
    Source Clock Delay      (SCD):    2.833ns
    Clock Pessimism Removal (CPR):    0.204ns
  Clock Uncertainty:      0.160ns  ((TSJ^2 + DJ^2)^1/2) / 2 + PE
    Total System Jitter     (TSJ):    0.071ns
    Discrete Jitter          (DJ):    0.312ns
    Phase Error              (PE):    0.000ns
  Clock Net Delay (Source):      2.566ns (routing 1.045ns, distribution 1.521ns)
  Clock Net Delay (Destination): 2.347ns (routing 0.955ns, distribution 1.392ns)

    Location             Delay type                Incr(ns)  Path(ns)    Netlist Resource(s)
  -------------------------------------------------------------------    -------------------
                         (clock clk_pl_0 rise edge)
                                                      0.000     0.000 r  
    PS8_X0Y0             PS8                          0.000     0.000 r  system_i/ps/inst/PS8_i/PLCLK[0]
                         net (fo=1, routed)           0.229     0.229    system_i/ps/inst/pl_clk_unbuffered[0]
    BUFG_PS_X0Y80        BUFG_PS (Prop_BUFG_PS_I_O)
                                                      0.038     0.267 r  system_i/ps/inst/buffer_pl_clk_0.PL_CLK_0_BUFG/O
    X0Y1 (CLOCK_ROOT)    net (fo=8144, routed)        2.566     2.833    system_i/dma/U0/I_PRMRY_DATAMOVER/GEN_S2MM_FULL.I_S2MM_FULL_WRAPPER/GEN_ENABLE_INDET_BTT_SF.I_INDET_BTT/I_DATA_FIFO/BLK_MEM.I_SYNC_FIFOGEN_FIFO/xpm_fifo_base_inst/wr_clk
    SLICE_X26Y61         FDSE                                         r  system_i/dma/U0/I_PRMRY_DATAMOVER/GEN_S2MM_FULL.I_S2MM_FULL_WRAPPER/GEN_ENABLE_INDET_BTT_SF.I_INDET_BTT/I_DATA_FIFO/BLK_MEM.I_SYNC_FIFOGEN_FIFO/xpm_fifo_base_inst/gen_pntr_flags_cc.gen_full_rst_val.ram_full_i_reg/C
  -------------------------------------------------------------------    -------------------
    SLICE_X26Y61         FDSE (Prop_DFF_SLICEL_C_Q)
                                                      0.114     2.947 f  system_i/dma/U0/I_PRMRY_DATAMOVER/GEN_S2MM_FULL.I_S2MM_FULL_WRAPPER/GEN_ENABLE_INDET_BTT_SF.I_INDET_BTT/I_DATA_FIFO/BLK_MEM.I_SYNC_FIFOGEN_FIFO/xpm_fifo_base_inst/gen_pntr_flags_cc.gen_full_rst_val.ram_full_i_reg/Q
                         net (fo=5, routed)           1.226     4.173    system_i/dma/U0/I_PRMRY_DATAMOVER/GEN_S2MM_FULL.I_S2MM_FULL_WRAPPER/GEN_ENABLE_INDET_BTT_SF.I_INDET_BTT/I_XD_FIFO/full
    SLICE_X15Y91         LUT5 (Prop_H6LUT_SLICEL_I0_O)
                                                      0.153     4.326 f  system_i/dma/U0/I_PRMRY_DATAMOVER/GEN_S2MM_FULL.I_S2MM_FULL_WRAPPER/GEN_ENABLE_INDET_BTT_SF.I_INDET_BTT/I_XD_FIFO/sig_eop_sent_reg_i_3/O
                         net (fo=5, routed)           0.294     4.619    system_i/dma/U0/I_PRMRY_DATAMOVER/GEN_S2MM_FULL.I_S2MM_FULL_WRAPPER/GEN_INCLUDE_REALIGNER.I_S2MM_REALIGNER/GEN_INCLUDE_SCATTER.I_S2MM_SCATTER/I_MSSAI_SKID_BUF/sig_eop_sent_reg_reg
    SLICE_X16Y88         LUT2 (Prop_D6LUT_SLICEL_I1_O)
                                                      0.081     4.700 r  system_i/dma/U0/I_PRMRY_DATAMOVER/GEN_S2MM_FULL.I_S2MM_FULL_WRAPPER/GEN_INCLUDE_REALIGNER.I_S2MM_REALIGNER/GEN_INCLUDE_SCATTER.I_S2MM_SCATTER/I_MSSAI_SKID_BUF/BLK_MEM.I_SYNC_FIFOGEN_FIFO_i_1__0/O
                         net (fo=33, routed)          1.027     5.728    system_i/dma/U0/I_PRMRY_DATAMOVER/GEN_S2MM_FULL.I_S2MM_FULL_WRAPPER/GEN_ENABLE_INDET_BTT_SF.I_INDET_BTT/I_DATA_FIFO/BLK_MEM.I_SYNC_FIFOGEN_FIFO/xpm_fifo_base_inst/xpm_fifo_rst_inst/wr_en
    SLICE_X26Y61         LUT4 (Prop_C5LUT_SLICEL_I0_O)
                                                      0.135     5.863 r  system_i/dma/U0/I_PRMRY_DATAMOVER/GEN_S2MM_FULL.I_S2MM_FULL_WRAPPER/GEN_ENABLE_INDET_BTT_SF.I_INDET_BTT/I_DATA_FIFO/BLK_MEM.I_SYNC_FIFOGEN_FIFO/xpm_fifo_base_inst/xpm_fifo_rst_inst/gen_sdpram.xpm_memory_base_inst_i_1/O
                         net (fo=28, routed)          0.414     6.277    system_i/dma/U0/I_PRMRY_DATAMOVER/GEN_S2MM_FULL.I_S2MM_FULL_WRAPPER/GEN_ENABLE_INDET_BTT_SF.I_INDET_BTT/I_DATA_FIFO/BLK_MEM.I_SYNC_FIFOGEN_FIFO/xpm_fifo_base_inst/gen_sdpram.xpm_memory_base_inst/wea[0]
    RAMB36_X0Y12         RAMB36E2                                     r  system_i/dma/U0/I_PRMRY_DATAMOVER/GEN_S2MM_FULL.I_S2MM_FULL_WRAPPER/GEN_ENABLE_INDET_BTT_SF.I_INDET_BTT/I_DATA_FIFO/BLK_MEM.I_SYNC_FIFOGEN_FIFO/xpm_fifo_base_inst/gen_sdpram.xpm_memory_base_inst/gen_wr_a.gen_word_narrow.mem_reg_0/WEBWE[2]
  -------------------------------------------------------------------    -------------------

                         (clock clk_pl_0 rise edge)
                                                     10.000    10.000 r  
    PS8_X0Y0             PS8                          0.000    10.000 r  system_i/ps/inst/PS8_i/PLCLK[0]
                         net (fo=1, routed)           0.181    10.181    system_i/ps/inst/pl_clk_unbuffered[0]
    BUFG_PS_X0Y80        BUFG_PS (Prop_BUFG_PS_I_O)
                                                      0.035    10.216 r  system_i/ps/inst/buffer_pl_clk_0.PL_CLK_0_BUFG/O
    X0Y1 (CLOCK_ROOT)    net (fo=8144, routed)        2.347    12.563    system_i/dma/U0/I_PRMRY_DATAMOVER/GEN_S2MM_FULL.I_S2MM_FULL_WRAPPER/GEN_ENABLE_INDET_BTT_SF.I_INDET_BTT/I_DATA_FIFO/BLK_MEM.I_SYNC_FIFOGEN_FIFO/xpm_fifo_base_inst/gen_sdpram.xpm_memory_base_inst/clka
    RAMB36_X0Y12         RAMB36E2                                     r  system_i/dma/U0/I_PRMRY_DATAMOVER/GEN_S2MM_FULL.I_S2MM_FULL_WRAPPER/GEN_ENABLE_INDET_BTT_SF.I_INDET_BTT/I_DATA_FIFO/BLK_MEM.I_SYNC_FIFOGEN_FIFO/xpm_fifo_base_inst/gen_sdpram.xpm_memory_base_inst/gen_wr_a.gen_word_narrow.mem_reg_0/CLKBWRCLK
                         clock pessimism              0.204    12.766    
                         clock uncertainty           -0.160    12.606    
    RAMB36_X0Y12         RAMB36E2 (Setup_RAMB36E2_RAMB36_CLKBWRCLK_WEBWE[2])
                                                     -0.611    11.995    system_i/dma/U0/I_PRMRY_DATAMOVER/GEN_S2MM_FULL.I_S2MM_FULL_WRAPPER/GEN_ENABLE_INDET_BTT_SF.I_INDET_BTT/I_DATA_FIFO/BLK_MEM.I_SYNC_FIFOGEN_FIFO/xpm_fifo_base_inst/gen_sdpram.xpm_memory_base_inst/gen_wr_a.gen_word_narrow.mem_reg_0
  -------------------------------------------------------------------
                         required time                         11.995    
                         arrival time                          -6.277    
  -------------------------------------------------------------------
                         slack                                  5.719    

Slack (MET) :             5.719ns  (required time - arrival time)
  Source:                 system_i/dma/U0/I_PRMRY_DATAMOVER/GEN_S2MM_FULL.I_S2MM_FULL_WRAPPER/GEN_ENABLE_INDET_BTT_SF.I_INDET_BTT/I_DATA_FIFO/BLK_MEM.I_SYNC_FIFOGEN_FIFO/xpm_fifo_base_inst/gen_pntr_flags_cc.gen_full_rst_val.ram_full_i_reg/C
                            (rising edge-triggered cell FDSE clocked by clk_pl_0  {rise@0.000ns fall@5.000ns period=10.000ns})
  Destination:            system_i/dma/U0/I_PRMRY_DATAMOVER/GEN_S2MM_FULL.I_S2MM_FULL_WRAPPER/GEN_INCLUDE_REALIGNER.I_S2MM_REALIGNER/GEN_INCLUDE_SCATTER.I_S2MM_SCATTER/I_MSSAI_SKID_BUF/sig_data_reg_out_reg[19]/CE
                            (rising edge-triggered cell FDRE clocked by clk_pl_0  {rise@0.000ns fall@5.000ns period=10.000ns})
  Path Group:             clk_pl_0
  Path Type:              Setup (Max at Slow Process Corner)
  Requirement:            10.000ns  (clk_pl_0 rise@10.000ns - clk_pl_0 rise@0.000ns)
  Data Path Delay:        3.937ns  (logic 0.413ns (10.490%)  route 3.524ns (89.510%))
  Logic Levels:           3  (LUT2=1 LUT3=1 LUT5=1)
  Clock Path Skew:        -0.104ns (DCD - SCD + CPR)
    Destination Clock Delay (DCD):    2.528ns = ( 12.528 - 10.000 ) 
    Source Clock Delay      (SCD):    2.833ns
    Clock Pessimism Removal (CPR):    0.201ns
  Clock Uncertainty:      0.160ns  ((TSJ^2 + DJ^2)^1/2) / 2 + PE
    Total System Jitter     (TSJ):    0.071ns
    Discrete Jitter          (DJ):    0.312ns
    Phase Error              (PE):    0.000ns
  Clock Net Delay (Source):      2.566ns (routing 1.045ns, distribution 1.521ns)
  Clock Net Delay (Destination): 2.312ns (routing 0.955ns, distribution 1.357ns)

    Location             Delay type                Incr(ns)  Path(ns)    Netlist Resource(s)
  -------------------------------------------------------------------    -------------------
                         (clock clk_pl_0 rise edge)
                                                      0.000     0.000 r  
    PS8_X0Y0             PS8                          0.000     0.000 r  system_i/ps/inst/PS8_i/PLCLK[0]
                         net (fo=1, routed)           0.229     0.229    system_i/ps/inst/pl_clk_unbuffered[0]
    BUFG_PS_X0Y80        BUFG_PS (Prop_BUFG_PS_I_O)
                                                      0.038     0.267 r  system_i/ps/inst/buffer_pl_clk_0.PL_CLK_0_BUFG/O
    X0Y1 (CLOCK_ROOT)    net (fo=8144, routed)        2.566     2.833    system_i/dma/U0/I_PRMRY_DATAMOVER/GEN_S2MM_FULL.I_S2MM_FULL_WRAPPER/GEN_ENABLE_INDET_BTT_SF.I_INDET_BTT/I_DATA_FIFO/BLK_MEM.I_SYNC_FIFOGEN_FIFO/xpm_fifo_base_inst/wr_clk
    SLICE_X26Y61         FDSE                                         r  system_i/dma/U0/I_PRMRY_DATAMOVER/GEN_S2MM_FULL.I_S2MM_FULL_WRAPPER/GEN_ENABLE_INDET_BTT_SF.I_INDET_BTT/I_DATA_FIFO/BLK_MEM.I_SYNC_FIFOGEN_FIFO/xpm_fifo_base_inst/gen_pntr_flags_cc.gen_full_rst_val.ram_full_i_reg/C
  -------------------------------------------------------------------    -------------------
    SLICE_X26Y61         FDSE (Prop_DFF_SLICEL_C_Q)
                                                      0.114     2.947 f  system_i/dma/U0/I_PRMRY_DATAMOVER/GEN_S2MM_FULL.I_S2MM_FULL_WRAPPER/GEN_ENABLE_INDET_BTT_SF.I_INDET_BTT/I_DATA_FIFO/BLK_MEM.I_SYNC_FIFOGEN_FIFO/xpm_fifo_base_inst/gen_pntr_flags_cc.gen_full_rst_val.ram_full_i_reg/Q
                         net (fo=5, routed)           1.226     4.173    system_i/dma/U0/I_PRMRY_DATAMOVER/GEN_S2MM_FULL.I_S2MM_FULL_WRAPPER/GEN_ENABLE_INDET_BTT_SF.I_INDET_BTT/I_XD_FIFO/full
    SLICE_X15Y91         LUT5 (Prop_H6LUT_SLICEL_I0_O)
                                                      0.153     4.326 f  system_i/dma/U0/I_PRMRY_DATAMOVER/GEN_S2MM_FULL.I_S2MM_FULL_WRAPPER/GEN_ENABLE_INDET_BTT_SF.I_INDET_BTT/I_XD_FIFO/sig_eop_sent_reg_i_3/O
                         net (fo=5, routed)           0.294     4.619    system_i/dma/U0/I_PRMRY_DATAMOVER/GEN_S2MM_FULL.I_S2MM_FULL_WRAPPER/GEN_INCLUDE_REALIGNER.I_S2MM_REALIGNER/GEN_INCLUDE_SCATTER.I_S2MM_SCATTER/I_MSSAI_SKID_BUF/sig_eop_sent_reg_reg
    SLICE_X16Y88         LUT3 (Prop_D5LUT_SLICEL_I2_O)
                                                      0.088     4.707 r  system_i/dma/U0/I_PRMRY_DATAMOVER/GEN_S2MM_FULL.I_S2MM_FULL_WRAPPER/GEN_INCLUDE_REALIGNER.I_S2MM_REALIGNER/GEN_INCLUDE_SCATTER.I_S2MM_SCATTER/I_MSSAI_SKID_BUF/sig_s_ready_dup_i_2__0/O
                         net (fo=3, routed)           0.193     4.900    system_i/dma/U0/I_PRMRY_DATAMOVER/GEN_S2MM_FULL.I_S2MM_FULL_WRAPPER/GEN_INCLUDE_REALIGNER.I_S2MM_REALIGNER/GEN_INCLUDE_SCATTER.I_S2MM_SCATTER/I_MSSAI_SKID_BUF/sig_s_ready_dup_i_2__0_n_0
    SLICE_X16Y88         LUT2 (Prop_A6LUT_SLICEL_I0_O)
                                                      0.058     4.958 r  system_i/dma/U0/I_PRMRY_DATAMOVER/GEN_S2MM_FULL.I_S2MM_FULL_WRAPPER/GEN_INCLUDE_REALIGNER.I_S2MM_REALIGNER/GEN_INCLUDE_SCATTER.I_S2MM_SCATTER/I_MSSAI_SKID_BUF/sig_data_reg_out[63]_i_1__0/O
                         net (fo=76, routed)          1.812     6.770    system_i/dma/U0/I_PRMRY_DATAMOVER/GEN_S2MM_FULL.I_S2MM_FULL_WRAPPER/GEN_INCLUDE_REALIGNER.I_S2MM_REALIGNER/GEN_INCLUDE_SCATTER.I_S2MM_SCATTER/I_MSSAI_SKID_BUF/sig_data_reg_out_en
    SLICE_X29Y63         FDRE                                         r  system_i/dma/U0/I_PRMRY_DATAMOVER/GEN_S2MM_FULL.I_S2MM_FULL_WRAPPER/GEN_INCLUDE_REALIGNER.I_S2MM_REALIGNER/GEN_INCLUDE_SCATTER.I_S2MM_SCATTER/I_MSSAI_SKID_BUF/sig_data_reg_out_reg[19]/CE
  -------------------------------------------------------------------    -------------------

                         (clock clk_pl_0 rise edge)
                                                     10.000    10.000 r  
    PS8_X0Y0             PS8                          0.000    10.000 r  system_i/ps/inst/PS8_i/PLCLK[0]
                         net (fo=1, routed)           0.181    10.181    system_i/ps/inst/pl_clk_unbuffered[0]
    BUFG_PS_X0Y80        BUFG_PS (Prop_BUFG_PS_I_O)
                                                      0.035    10.216 r  system_i/ps/inst/buffer_pl_clk_0.PL_CLK_0_BUFG/O
    X0Y1 (CLOCK_ROOT)    net (fo=8144, routed)        2.312    12.528    system_i/dma/U0/I_PRMRY_DATAMOVER/GEN_S2MM_FULL.I_S2MM_FULL_WRAPPER/GEN_INCLUDE_REALIGNER.I_S2MM_REALIGNER/GEN_INCLUDE_SCATTER.I_S2MM_SCATTER/I_MSSAI_SKID_BUF/s_axi_lite_aclk
    SLICE_X29Y63         FDRE                                         r  system_i/dma/U0/I_PRMRY_DATAMOVER/GEN_S2MM_FULL.I_S2MM_FULL_WRAPPER/GEN_INCLUDE_REALIGNER.I_S2MM_REALIGNER/GEN_INCLUDE_SCATTER.I_S2MM_SCATTER/I_MSSAI_SKID_BUF/sig_data_reg_out_reg[19]/C
                         clock pessimism              0.201    12.729    
                         clock uncertainty           -0.160    12.569    
    SLICE_X29Y63         FDRE (Setup_DFF_SLICEM_C_CE)
                                                     -0.080    12.489    system_i/dma/U0/I_PRMRY_DATAMOVER/GEN_S2MM_FULL.I_S2MM_FULL_WRAPPER/GEN_INCLUDE_REALIGNER.I_S2MM_REALIGNER/GEN_INCLUDE_SCATTER.I_S2MM_SCATTER/I_MSSAI_SKID_BUF/sig_data_reg_out_reg[19]
  -------------------------------------------------------------------
                         required time                         12.489    
                         arrival time                          -6.770    
  -------------------------------------------------------------------
                         slack                                  5.719    

Slack (MET) :             5.719ns  (required time - arrival time)
  Source:                 system_i/dma/U0/I_PRMRY_DATAMOVER/GEN_S2MM_FULL.I_S2MM_FULL_WRAPPER/GEN_ENABLE_INDET_BTT_SF.I_INDET_BTT/I_DATA_FIFO/BLK_MEM.I_SYNC_FIFOGEN_FIFO/xpm_fifo_base_inst/gen_pntr_flags_cc.gen_full_rst_val.ram_full_i_reg/C
                            (rising edge-triggered cell FDSE clocked by clk_pl_0  {rise@0.000ns fall@5.000ns period=10.000ns})
  Destination:            system_i/dma/U0/I_PRMRY_DATAMOVER/GEN_S2MM_FULL.I_S2MM_FULL_WRAPPER/GEN_INCLUDE_REALIGNER.I_S2MM_REALIGNER/GEN_INCLUDE_SCATTER.I_S2MM_SCATTER/I_MSSAI_SKID_BUF/sig_data_reg_out_reg[31]/CE
                            (rising edge-triggered cell FDRE clocked by clk_pl_0  {rise@0.000ns fall@5.000ns period=10.000ns})
  Path Group:             clk_pl_0
  Path Type:              Setup (Max at Slow Process Corner)
  Requirement:            10.000ns  (clk_pl_0 rise@10.000ns - clk_pl_0 rise@0.000ns)
  Data Path Delay:        3.937ns  (logic 0.413ns (10.490%)  route 3.524ns (89.510%))
  Logic Levels:           3  (LUT2=1 LUT3=1 LUT5=1)
  Clock Path Skew:        -0.104ns (DCD - SCD + CPR)
    Destination Clock Delay (DCD):    2.528ns = ( 12.528 - 10.000 ) 
    Source Clock Delay      (SCD):    2.833ns
    Clock Pessimism Removal (CPR):    0.201ns
  Clock Uncertainty:      0.160ns  ((TSJ^2 + DJ^2)^1/2) / 2 + PE
    Total System Jitter     (TSJ):    0.071ns
    Discrete Jitter          (DJ):    0.312ns
    Phase Error              (PE):    0.000ns
  Clock Net Delay (Source):      2.566ns (routing 1.045ns, distribution 1.521ns)
  Clock Net Delay (Destination): 2.312ns (routing 0.955ns, distribution 1.357ns)

    Location             Delay type                Incr(ns)  Path(ns)    Netlist Resource(s)
  -------------------------------------------------------------------    -------------------
                         (clock clk_pl_0 rise edge)
                                                      0.000     0.000 r  
    PS8_X0Y0             PS8                          0.000     0.000 r  system_i/ps/inst/PS8_i/PLCLK[0]
                         net (fo=1, routed)           0.229     0.229    system_i/ps/inst/pl_clk_unbuffered[0]
    BUFG_PS_X0Y80        BUFG_PS (Prop_BUFG_PS_I_O)
                                                      0.038     0.267 r  system_i/ps/inst/buffer_pl_clk_0.PL_CLK_0_BUFG/O
    X0Y1 (CLOCK_ROOT)    net (fo=8144, routed)        2.566     2.833    system_i/dma/U0/I_PRMRY_DATAMOVER/GEN_S2MM_FULL.I_S2MM_FULL_WRAPPER/GEN_ENABLE_INDET_BTT_SF.I_INDET_BTT/I_DATA_FIFO/BLK_MEM.I_SYNC_FIFOGEN_FIFO/xpm_fifo_base_inst/wr_clk
    SLICE_X26Y61         FDSE                                         r  system_i/dma/U0/I_PRMRY_DATAMOVER/GEN_S2MM_FULL.I_S2MM_FULL_WRAPPER/GEN_ENABLE_INDET_BTT_SF.I_INDET_BTT/I_DATA_FIFO/BLK_MEM.I_SYNC_FIFOGEN_FIFO/xpm_fifo_base_inst/gen_pntr_flags_cc.gen_full_rst_val.ram_full_i_reg/C
  -------------------------------------------------------------------    -------------------
    SLICE_X26Y61         FDSE (Prop_DFF_SLICEL_C_Q)
                                                      0.114     2.947 f  system_i/dma/U0/I_PRMRY_DATAMOVER/GEN_S2MM_FULL.I_S2MM_FULL_WRAPPER/GEN_ENABLE_INDET_BTT_SF.I_INDET_BTT/I_DATA_FIFO/BLK_MEM.I_SYNC_FIFOGEN_FIFO/xpm_fifo_base_inst/gen_pntr_flags_cc.gen_full_rst_val.ram_full_i_reg/Q
                         net (fo=5, routed)           1.226     4.173    system_i/dma/U0/I_PRMRY_DATAMOVER/GEN_S2MM_FULL.I_S2MM_FULL_WRAPPER/GEN_ENABLE_INDET_BTT_SF.I_INDET_BTT/I_XD_FIFO/full
    SLICE_X15Y91         LUT5 (Prop_H6LUT_SLICEL_I0_O)
                                                      0.153     4.326 f  system_i/dma/U0/I_PRMRY_DATAMOVER/GEN_S2MM_FULL.I_S2MM_FULL_WRAPPER/GEN_ENABLE_INDET_BTT_SF.I_INDET_BTT/I_XD_FIFO/sig_eop_sent_reg_i_3/O
                         net (fo=5, routed)           0.294     4.619    system_i/dma/U0/I_PRMRY_DATAMOVER/GEN_S2MM_FULL.I_S2MM_FULL_WRAPPER/GEN_INCLUDE_REALIGNER.I_S2MM_REALIGNER/GEN_INCLUDE_SCATTER.I_S2MM_SCATTER/I_MSSAI_SKID_BUF/sig_eop_sent_reg_reg
    SLICE_X16Y88         LUT3 (Prop_D5LUT_SLICEL_I2_O)
                                                      0.088     4.707 r  system_i/dma/U0/I_PRMRY_DATAMOVER/GEN_S2MM_FULL.I_S2MM_FULL_WRAPPER/GEN_INCLUDE_REALIGNER.I_S2MM_REALIGNER/GEN_INCLUDE_SCATTER.I_S2MM_SCATTER/I_MSSAI_SKID_BUF/sig_s_ready_dup_i_2__0/O
                         net (fo=3, routed)           0.193     4.900    system_i/dma/U0/I_PRMRY_DATAMOVER/GEN_S2MM_FULL.I_S2MM_FULL_WRAPPER/GEN_INCLUDE_REALIGNER.I_S2MM_REALIGNER/GEN_INCLUDE_SCATTER.I_S2MM_SCATTER/I_MSSAI_SKID_BUF/sig_s_ready_dup_i_2__0_n_0
    SLICE_X16Y88         LUT2 (Prop_A6LUT_SLICEL_I0_O)
                                                      0.058     4.958 r  system_i/dma/U0/I_PRMRY_DATAMOVER/GEN_S2MM_FULL.I_S2MM_FULL_WRAPPER/GEN_INCLUDE_REALIGNER.I_S2MM_REALIGNER/GEN_INCLUDE_SCATTER.I_S2MM_SCATTER/I_MSSAI_SKID_BUF/sig_data_reg_out[63]_i_1__0/O
                         net (fo=76, routed)          1.812     6.770    system_i/dma/U0/I_PRMRY_DATAMOVER/GEN_S2MM_FULL.I_S2MM_FULL_WRAPPER/GEN_INCLUDE_REALIGNER.I_S2MM_REALIGNER/GEN_INCLUDE_SCATTER.I_S2MM_SCATTER/I_MSSAI_SKID_BUF/sig_data_reg_out_en
    SLICE_X29Y63         FDRE                                         r  system_i/dma/U0/I_PRMRY_DATAMOVER/GEN_S2MM_FULL.I_S2MM_FULL_WRAPPER/GEN_INCLUDE_REALIGNER.I_S2MM_REALIGNER/GEN_INCLUDE_SCATTER.I_S2MM_SCATTER/I_MSSAI_SKID_BUF/sig_data_reg_out_reg[31]/CE
  -------------------------------------------------------------------    -------------------

                         (clock clk_pl_0 rise edge)
                                                     10.000    10.000 r  
    PS8_X0Y0             PS8                          0.000    10.000 r  system_i/ps/inst/PS8_i/PLCLK[0]
                         net (fo=1, routed)           0.181    10.181    system_i/ps/inst/pl_clk_unbuffered[0]
    BUFG_PS_X0Y80        BUFG_PS (Prop_BUFG_PS_I_O)
                                                      0.035    10.216 r  system_i/ps/inst/buffer_pl_clk_0.PL_CLK_0_BUFG/O
    X0Y1 (CLOCK_ROOT)    net (fo=8144, routed)        2.312    12.528    system_i/dma/U0/I_PRMRY_DATAMOVER/GEN_S2MM_FULL.I_S2MM_FULL_WRAPPER/GEN_INCLUDE_REALIGNER.I_S2MM_REALIGNER/GEN_INCLUDE_SCATTER.I_S2MM_SCATTER/I_MSSAI_SKID_BUF/s_axi_lite_aclk
    SLICE_X29Y63         FDRE                                         r  system_i/dma/U0/I_PRMRY_DATAMOVER/GEN_S2MM_FULL.I_S2MM_FULL_WRAPPER/GEN_INCLUDE_REALIGNER.I_S2MM_REALIGNER/GEN_INCLUDE_SCATTER.I_S2MM_SCATTER/I_MSSAI_SKID_BUF/sig_data_reg_out_reg[31]/C
                         clock pessimism              0.201    12.729    
                         clock uncertainty           -0.160    12.569    
    SLICE_X29Y63         FDRE (Setup_CFF_SLICEM_C_CE)
                                                     -0.080    12.489    system_i/dma/U0/I_PRMRY_DATAMOVER/GEN_S2MM_FULL.I_S2MM_FULL_WRAPPER/GEN_INCLUDE_REALIGNER.I_S2MM_REALIGNER/GEN_INCLUDE_SCATTER.I_S2MM_SCATTER/I_MSSAI_SKID_BUF/sig_data_reg_out_reg[31]
  -------------------------------------------------------------------
                         required time                         12.489    
                         arrival time                          -6.770    
  -------------------------------------------------------------------
                         slack                                  5.719    





Min Delay Paths
--------------------------------------------------------------------------------------
Slack (MET) :             0.011ns  (arrival time - required time)
  Source:                 system_i/dma/U0/I_PRMRY_DATAMOVER/GEN_S2MM_FULL.I_S2MM_FULL_WRAPPER/GEN_INCLUDE_REALIGNER.I_S2MM_REALIGNER/GEN_INCLUDE_SCATTER.I_S2MM_SCATTER/I_MSSAI_SKID_BUF/sig_data_reg_out_reg[56]/C
                            (rising edge-triggered cell FDRE clocked by clk_pl_0  {rise@0.000ns fall@5.000ns period=10.000ns})
  Destination:            system_i/dma/U0/I_PRMRY_DATAMOVER/GEN_S2MM_FULL.I_S2MM_FULL_WRAPPER/GEN_ENABLE_INDET_BTT_SF.I_INDET_BTT/I_DATA_FIFO/BLK_MEM.I_SYNC_FIFOGEN_FIFO/xpm_fifo_base_inst/gen_sdpram.xpm_memory_base_inst/gen_wr_a.gen_word_narrow.mem_reg_0/DINBDIN[24]
                            (rising edge-triggered cell RAMB36E2 clocked by clk_pl_0  {rise@0.000ns fall@5.000ns period=10.000ns})
  Path Group:             clk_pl_0
  Path Type:              Hold (Min at Slow Process Corner)
  Requirement:            0.000ns  (clk_pl_0 rise@0.000ns - clk_pl_0 rise@0.000ns)
  Data Path Delay:        0.252ns  (logic 0.111ns (44.048%)  route 0.141ns (55.952%))
  Logic Levels:           0  
  Clock Path Skew:        0.289ns (DCD - SCD - CPR)
    Destination Clock Delay (DCD):    3.008ns
    Source Clock Delay      (SCD):    2.514ns
    Clock Pessimism Removal (CPR):    0.204ns
  Clock Net Delay (Source):      2.298ns (routing 0.955ns, distribution 1.343ns)
  Clock Net Delay (Destination): 2.741ns (routing 1.045ns, distribution 1.696ns)

    Location             Delay type                Incr(ns)  Path(ns)    Netlist Resource(s)
  -------------------------------------------------------------------    -------------------
                         (clock clk_pl_0 rise edge)
                                                      0.000     0.000 r  
    PS8_X0Y0             PS8                          0.000     0.000 r  system_i/ps/inst/PS8_i/PLCLK[0]
                         net (fo=1, routed)           0.181     0.181    system_i/ps/inst/pl_clk_unbuffered[0]
    BUFG_PS_X0Y80        BUFG_PS (Prop_BUFG_PS_I_O)
                                                      0.035     0.216 r  system_i/ps/inst/buffer_pl_clk_0.PL_CLK_0_BUFG/O
    X0Y1 (CLOCK_ROOT)    net (fo=8144, routed)        2.298     2.514    system_i/dma/U0/I_PRMRY_DATAMOVER/GEN_S2MM_FULL.I_S2MM_FULL_WRAPPER/GEN_INCLUDE_REALIGNER.I_S2MM_REALIGNER/GEN_INCLUDE_SCATTER.I_S2MM_SCATTER/I_MSSAI_SKID_BUF/s_axi_lite_aclk
    SLICE_X25Y63         FDRE                                         r  system_i/dma/U0/I_PRMRY_DATAMOVER/GEN_S2MM_FULL.I_S2MM_FULL_WRAPPER/GEN_INCLUDE_REALIGNER.I_S2MM_REALIGNER/GEN_INCLUDE_SCATTER.I_S2MM_SCATTER/I_MSSAI_SKID_BUF/sig_data_reg_out_reg[56]/C
  -------------------------------------------------------------------    -------------------
    SLICE_X25Y63         FDRE (Prop_FFF_SLICEM_C_Q)
                                                      0.111     2.625 r  system_i/dma/U0/I_PRMRY_DATAMOVER/GEN_S2MM_FULL.I_S2MM_FULL_WRAPPER/GEN_INCLUDE_REALIGNER.I_S2MM_REALIGNER/GEN_INCLUDE_SCATTER.I_S2MM_SCATTER/I_MSSAI_SKID_BUF/sig_data_reg_out_reg[56]/Q
                         net (fo=1, routed)           0.141     2.766    system_i/dma/U0/I_PRMRY_DATAMOVER/GEN_S2MM_FULL.I_S2MM_FULL_WRAPPER/GEN_ENABLE_INDET_BTT_SF.I_INDET_BTT/I_DATA_FIFO/BLK_MEM.I_SYNC_FIFOGEN_FIFO/xpm_fifo_base_inst/gen_sdpram.xpm_memory_base_inst/dina[56]
    RAMB36_X0Y12         RAMB36E2                                     r  system_i/dma/U0/I_PRMRY_DATAMOVER/GEN_S2MM_FULL.I_S2MM_FULL_WRAPPER/GEN_ENABLE_INDET_BTT_SF.I_INDET_BTT/I_DATA_FIFO/BLK_MEM.I_SYNC_FIFOGEN_FIFO/xpm_fifo_base_inst/gen_sdpram.xpm_memory_base_inst/gen_wr_a.gen_word_narrow.mem_reg_0/DINBDIN[24]
  -------------------------------------------------------------------    -------------------

                         (clock clk_pl_0 rise edge)
                                                      0.000     0.000 r  
    PS8_X0Y0             PS8                          0.000     0.000 r  system_i/ps/inst/PS8_i/PLCLK[0]
                         net (fo=1, routed)           0.229     0.229    system_i/ps/inst/pl_clk_unbuffered[0]
    BUFG_PS_X0Y80        BUFG_PS (Prop_BUFG_PS_I_O)
                                                      0.038     0.267 r  system_i/ps/inst/buffer_pl_clk_0.PL_CLK_0_BUFG/O
    X0Y1 (CLOCK_ROOT)    net (fo=8144, routed)        2.741     3.008    system_i/dma/U0/I_PRMRY_DATAMOVER/GEN_S2MM_FULL.I_S2MM_FULL_WRAPPER/GEN_ENABLE_INDET_BTT_SF.I_INDET_BTT/I_DATA_FIFO/BLK_MEM.I_SYNC_FIFOGEN_FIFO/xpm_fifo_base_inst/gen_sdpram.xpm_memory_base_inst/clka
    RAMB36_X0Y12         RAMB36E2                                     r  system_i/dma/U0/I_PRMRY_DATAMOVER/GEN_S2MM_FULL.I_S2MM_FULL_WRAPPER/GEN_ENABLE_INDET_BTT_SF.I_INDET_BTT/I_DATA_FIFO/BLK_MEM.I_SYNC_FIFOGEN_FIFO/xpm_fifo_base_inst/gen_sdpram.xpm_memory_base_inst/gen_wr_a.gen_word_narrow.mem_reg_0/CLKBWRCLK
                         clock pessimism             -0.204     2.804    
    RAMB36_X0Y12         RAMB36E2 (Hold_RAMB36E2_RAMB36_CLKBWRCLK_DINBDIN[24])
                                                     -0.048     2.756    system_i/dma/U0/I_PRMRY_DATAMOVER/GEN_S2MM_FULL.I_S2MM_FULL_WRAPPER/GEN_ENABLE_INDET_BTT_SF.I_INDET_BTT/I_DATA_FIFO/BLK_MEM.I_SYNC_FIFOGEN_FIFO/xpm_fifo_base_inst/gen_sdpram.xpm_memory_base_inst/gen_wr_a.gen_word_narrow.mem_reg_0
  -------------------------------------------------------------------
                         required time                         -2.756    
                         arrival time                           2.766    
  -------------------------------------------------------------------
                         slack                                  0.011    

Slack (MET) :             0.012ns  (arrival time - required time)
  Source:                 system_i/dma/U0/I_PRMRY_DATAMOVER/GEN_S2MM_FULL.I_S2MM_FULL_WRAPPER/GEN_INCLUDE_REALIGNER.I_S2MM_REALIGNER/GEN_INCLUDE_SCATTER.I_S2MM_SCATTER/I_MSSAI_SKID_BUF/sig_data_reg_out_reg[40]/C
                            (rising edge-triggered cell FDRE clocked by clk_pl_0  {rise@0.000ns fall@5.000ns period=10.000ns})
  Destination:            system_i/dma/U0/I_PRMRY_DATAMOVER/GEN_S2MM_FULL.I_S2MM_FULL_WRAPPER/GEN_ENABLE_INDET_BTT_SF.I_INDET_BTT/I_DATA_FIFO/BLK_MEM.I_SYNC_FIFOGEN_FIFO/xpm_fifo_base_inst/gen_sdpram.xpm_memory_base_inst/gen_wr_a.gen_word_narrow.mem_reg_0/DINBDIN[8]
                            (rising edge-triggered cell RAMB36E2 clocked by clk_pl_0  {rise@0.000ns fall@5.000ns period=10.000ns})
  Path Group:             clk_pl_0
  Path Type:              Hold (Min at Slow Process Corner)
  Requirement:            0.000ns  (clk_pl_0 rise@0.000ns - clk_pl_0 rise@0.000ns)
  Data Path Delay:        0.180ns  (logic 0.112ns (62.222%)  route 0.068ns (37.778%))
  Logic Levels:           0  
  Clock Path Skew:        0.216ns (DCD - SCD - CPR)
    Destination Clock Delay (DCD):    3.008ns
    Source Clock Delay      (SCD):    2.527ns
    Clock Pessimism Removal (CPR):    0.265ns
  Clock Net Delay (Source):      2.311ns (routing 0.955ns, distribution 1.356ns)
  Clock Net Delay (Destination): 2.741ns (routing 1.045ns, distribution 1.696ns)

    Location             Delay type                Incr(ns)  Path(ns)    Netlist Resource(s)
  -------------------------------------------------------------------    -------------------
                         (clock clk_pl_0 rise edge)
                                                      0.000     0.000 r  
    PS8_X0Y0             PS8                          0.000     0.000 r  system_i/ps/inst/PS8_i/PLCLK[0]
                         net (fo=1, routed)           0.181     0.181    system_i/ps/inst/pl_clk_unbuffered[0]
    BUFG_PS_X0Y80        BUFG_PS (Prop_BUFG_PS_I_O)
                                                      0.035     0.216 r  system_i/ps/inst/buffer_pl_clk_0.PL_CLK_0_BUFG/O
    X0Y1 (CLOCK_ROOT)    net (fo=8144, routed)        2.311     2.527    system_i/dma/U0/I_PRMRY_DATAMOVER/GEN_S2MM_FULL.I_S2MM_FULL_WRAPPER/GEN_INCLUDE_REALIGNER.I_S2MM_REALIGNER/GEN_INCLUDE_SCATTER.I_S2MM_SCATTER/I_MSSAI_SKID_BUF/s_axi_lite_aclk
    SLICE_X27Y61         FDRE                                         r  system_i/dma/U0/I_PRMRY_DATAMOVER/GEN_S2MM_FULL.I_S2MM_FULL_WRAPPER/GEN_INCLUDE_REALIGNER.I_S2MM_REALIGNER/GEN_INCLUDE_SCATTER.I_S2MM_SCATTER/I_MSSAI_SKID_BUF/sig_data_reg_out_reg[40]/C
  -------------------------------------------------------------------    -------------------
    SLICE_X27Y61         FDRE (Prop_AFF_SLICEL_C_Q)
                                                      0.112     2.639 r  system_i/dma/U0/I_PRMRY_DATAMOVER/GEN_S2MM_FULL.I_S2MM_FULL_WRAPPER/GEN_INCLUDE_REALIGNER.I_S2MM_REALIGNER/GEN_INCLUDE_SCATTER.I_S2MM_SCATTER/I_MSSAI_SKID_BUF/sig_data_reg_out_reg[40]/Q
                         net (fo=1, routed)           0.068     2.707    system_i/dma/U0/I_PRMRY_DATAMOVER/GEN_S2MM_FULL.I_S2MM_FULL_WRAPPER/GEN_ENABLE_INDET_BTT_SF.I_INDET_BTT/I_DATA_FIFO/BLK_MEM.I_SYNC_FIFOGEN_FIFO/xpm_fifo_base_inst/gen_sdpram.xpm_memory_base_inst/dina[40]
    RAMB36_X0Y12         RAMB36E2                                     r  system_i/dma/U0/I_PRMRY_DATAMOVER/GEN_S2MM_FULL.I_S2MM_FULL_WRAPPER/GEN_ENABLE_INDET_BTT_SF.I_INDET_BTT/I_DATA_FIFO/BLK_MEM.I_SYNC_FIFOGEN_FIFO/xpm_fifo_base_inst/gen_sdpram.xpm_memory_base_inst/gen_wr_a.gen_word_narrow.mem_reg_0/DINBDIN[8]
  -------------------------------------------------------------------    -------------------

                         (clock clk_pl_0 rise edge)
                                                      0.000     0.000 r  
    PS8_X0Y0             PS8                          0.000     0.000 r  system_i/ps/inst/PS8_i/PLCLK[0]
                         net (fo=1, routed)           0.229     0.229    system_i/ps/inst/pl_clk_unbuffered[0]
    BUFG_PS_X0Y80        BUFG_PS (Prop_BUFG_PS_I_O)
                                                      0.038     0.267 r  system_i/ps/inst/buffer_pl_clk_0.PL_CLK_0_BUFG/O
    X0Y1 (CLOCK_ROOT)    net (fo=8144, routed)        2.741     3.008    system_i/dma/U0/I_PRMRY_DATAMOVER/GEN_S2MM_FULL.I_S2MM_FULL_WRAPPER/GEN_ENABLE_INDET_BTT_SF.I_INDET_BTT/I_DATA_FIFO/BLK_MEM.I_SYNC_FIFOGEN_FIFO/xpm_fifo_base_inst/gen_sdpram.xpm_memory_base_inst/clka
    RAMB36_X0Y12         RAMB36E2                                     r  system_i/dma/U0/I_PRMRY_DATAMOVER/GEN_S2MM_FULL.I_S2MM_FULL_WRAPPER/GEN_ENABLE_INDET_BTT_SF.I_INDET_BTT/I_DATA_FIFO/BLK_MEM.I_SYNC_FIFOGEN_FIFO/xpm_fifo_base_inst/gen_sdpram.xpm_memory_base_inst/gen_wr_a.gen_word_narrow.mem_reg_0/CLKBWRCLK
                         clock pessimism             -0.265     2.743    
    RAMB36_X0Y12         RAMB36E2 (Hold_RAMB36E2_RAMB36_CLKBWRCLK_DINBDIN[8])
                                                     -0.048     2.695    system_i/dma/U0/I_PRMRY_DATAMOVER/GEN_S2MM_FULL.I_S2MM_FULL_WRAPPER/GEN_ENABLE_INDET_BTT_SF.I_INDET_BTT/I_DATA_FIFO/BLK_MEM.I_SYNC_FIFOGEN_FIFO/xpm_fifo_base_inst/gen_sdpram.xpm_memory_base_inst/gen_wr_a.gen_word_narrow.mem_reg_0
  -------------------------------------------------------------------
                         required time                         -2.695    
                         arrival time                           2.707    
  -------------------------------------------------------------------
                         slack                                  0.012    

Slack (MET) :             0.012ns  (arrival time - required time)
  Source:                 system_i/dma/U0/I_PRMRY_DATAMOVER/GEN_S2MM_FULL.I_S2MM_FULL_WRAPPER/I_ADDR_CNTL/sig_next_addr_reg_reg[30]/C
                            (rising edge-triggered cell FDRE clocked by clk_pl_0  {rise@0.000ns fall@5.000ns period=10.000ns})
  Destination:            system_i/memory_smc/inst/s01_entry_pipeline/s01_mmu/inst/aw_sreg/skid_buffer_reg[1091]/D
                            (rising edge-triggered cell FDRE clocked by clk_pl_0  {rise@0.000ns fall@5.000ns period=10.000ns})
  Path Group:             clk_pl_0
  Path Type:              Hold (Min at Slow Process Corner)
  Requirement:            0.000ns  (clk_pl_0 rise@0.000ns - clk_pl_0 rise@0.000ns)
  Data Path Delay:        0.232ns  (logic 0.113ns (48.765%)  route 0.119ns (51.235%))
  Logic Levels:           0  
  Clock Path Skew:        0.116ns (DCD - SCD - CPR)
    Destination Clock Delay (DCD):    2.642ns
    Source Clock Delay      (SCD):    2.333ns
    Clock Pessimism Removal (CPR):    0.192ns
  Clock Net Delay (Source):      2.117ns (routing 0.955ns, distribution 1.162ns)
  Clock Net Delay (Destination): 2.375ns (routing 1.045ns, distribution 1.330ns)

    Location             Delay type                Incr(ns)  Path(ns)    Netlist Resource(s)
  -------------------------------------------------------------------    -------------------
                         (clock clk_pl_0 rise edge)
                                                      0.000     0.000 r  
    PS8_X0Y0             PS8                          0.000     0.000 r  system_i/ps/inst/PS8_i/PLCLK[0]
                         net (fo=1, routed)           0.181     0.181    system_i/ps/inst/pl_clk_unbuffered[0]
    BUFG_PS_X0Y80        BUFG_PS (Prop_BUFG_PS_I_O)
                                                      0.035     0.216 r  system_i/ps/inst/buffer_pl_clk_0.PL_CLK_0_BUFG/O
    X0Y1 (CLOCK_ROOT)    net (fo=8144, routed)        2.117     2.333    system_i/dma/U0/I_PRMRY_DATAMOVER/GEN_S2MM_FULL.I_S2MM_FULL_WRAPPER/I_ADDR_CNTL/s_axi_lite_aclk
    SLICE_X10Y94         FDRE                                         r  system_i/dma/U0/I_PRMRY_DATAMOVER/GEN_S2MM_FULL.I_S2MM_FULL_WRAPPER/I_ADDR_CNTL/sig_next_addr_reg_reg[30]/C
  -------------------------------------------------------------------    -------------------
    SLICE_X10Y94         FDRE (Prop_CFF2_SLICEM_C_Q)
                                                      0.113     2.446 r  system_i/dma/U0/I_PRMRY_DATAMOVER/GEN_S2MM_FULL.I_S2MM_FULL_WRAPPER/I_ADDR_CNTL/sig_next_addr_reg_reg[30]/Q
                         net (fo=2, routed)           0.119     2.565    system_i/memory_smc/inst/s01_entry_pipeline/s01_mmu/inst/aw_sreg/skid_buffer_reg[1129]_0[33]
    SLICE_X8Y94          FDRE                                         r  system_i/memory_smc/inst/s01_entry_pipeline/s01_mmu/inst/aw_sreg/skid_buffer_reg[1091]/D
  -------------------------------------------------------------------    -------------------

                         (clock clk_pl_0 rise edge)
                                                      0.000     0.000 r  
    PS8_X0Y0             PS8                          0.000     0.000 r  system_i/ps/inst/PS8_i/PLCLK[0]
                         net (fo=1, routed)           0.229     0.229    system_i/ps/inst/pl_clk_unbuffered[0]
    BUFG_PS_X0Y80        BUFG_PS (Prop_BUFG_PS_I_O)
                                                      0.038     0.267 r  system_i/ps/inst/buffer_pl_clk_0.PL_CLK_0_BUFG/O
    X0Y1 (CLOCK_ROOT)    net (fo=8144, routed)        2.375     2.642    system_i/memory_smc/inst/s01_entry_pipeline/s01_mmu/inst/aw_sreg/aclk
    SLICE_X8Y94          FDRE                                         r  system_i/memory_smc/inst/s01_entry_pipeline/s01_mmu/inst/aw_sreg/skid_buffer_reg[1091]/C
                         clock pessimism             -0.192     2.449    
    SLICE_X8Y94          FDRE (Hold_HFF2_SLICEM_C_D)
                                                      0.103     2.552    system_i/memory_smc/inst/s01_entry_pipeline/s01_mmu/inst/aw_sreg/skid_buffer_reg[1091]
  -------------------------------------------------------------------
                         required time                         -2.552    
                         arrival time                           2.565    
  -------------------------------------------------------------------
                         slack                                  0.012    

Slack (MET) :             0.012ns  (arrival time - required time)
  Source:                 system_i/memory_smc/inst/switchboards/r_switchboard/inst/gen_mi[0].inst_opipe_payld/gen_pipe[1].pipe_reg[1][66]/C
                            (rising edge-triggered cell FDRE clocked by clk_pl_0  {rise@0.000ns fall@5.000ns period=10.000ns})
  Destination:            system_i/memory_smc/inst/s00_nodes/s00_r_node/inst/inst_mi_handler/gen_normal_area.inst_fifo_node_payld/gen_xpm_memory_fifo.inst_fifo/gen_mem_rep[0].inst_xpm_memory/xpm_memory_base_inst/gen_wr_a.gen_word_narrow.mem_reg_0_31_56_69/RAMF/I
                            (rising edge-triggered cell RAMD32 clocked by clk_pl_0  {rise@0.000ns fall@5.000ns period=10.000ns})
  Path Group:             clk_pl_0
  Path Type:              Hold (Min at Slow Process Corner)
  Requirement:            0.000ns  (clk_pl_0 rise@0.000ns - clk_pl_0 rise@0.000ns)
  Data Path Delay:        0.256ns  (logic 0.115ns (44.922%)  route 0.141ns (55.078%))
  Logic Levels:           0  
  Clock Path Skew:        0.141ns (DCD - SCD - CPR)
    Destination Clock Delay (DCD):    2.683ns
    Source Clock Delay      (SCD):    2.351ns
    Clock Pessimism Removal (CPR):    0.192ns
  Clock Net Delay (Source):      2.135ns (routing 0.955ns, distribution 1.180ns)
  Clock Net Delay (Destination): 2.416ns (routing 1.045ns, distribution 1.371ns)

    Location             Delay type                Incr(ns)  Path(ns)    Netlist Resource(s)
  -------------------------------------------------------------------    -------------------
                         (clock clk_pl_0 rise edge)
                                                      0.000     0.000 r  
    PS8_X0Y0             PS8                          0.000     0.000 r  system_i/ps/inst/PS8_i/PLCLK[0]
                         net (fo=1, routed)           0.181     0.181    system_i/ps/inst/pl_clk_unbuffered[0]
    BUFG_PS_X0Y80        BUFG_PS (Prop_BUFG_PS_I_O)
                                                      0.035     0.216 r  system_i/ps/inst/buffer_pl_clk_0.PL_CLK_0_BUFG/O
    X0Y1 (CLOCK_ROOT)    net (fo=8144, routed)        2.135     2.351    system_i/memory_smc/inst/switchboards/r_switchboard/inst/gen_mi[0].inst_opipe_payld/aclk
    SLICE_X6Y78          FDRE                                         r  system_i/memory_smc/inst/switchboards/r_switchboard/inst/gen_mi[0].inst_opipe_payld/gen_pipe[1].pipe_reg[1][66]/C
  -------------------------------------------------------------------    -------------------
    SLICE_X6Y78          FDRE (Prop_DFF2_SLICEL_C_Q)
                                                      0.115     2.466 r  system_i/memory_smc/inst/switchboards/r_switchboard/inst/gen_mi[0].inst_opipe_payld/gen_pipe[1].pipe_reg[1][66]/Q
                         net (fo=1, routed)           0.141     2.607    system_i/memory_smc/inst/s00_nodes/s00_r_node/inst/inst_mi_handler/gen_normal_area.inst_fifo_node_payld/gen_xpm_memory_fifo.inst_fifo/gen_mem_rep[0].inst_xpm_memory/xpm_memory_base_inst/gen_wr_a.gen_word_narrow.mem_reg_0_31_56_69/DIF0
    SLICE_X7Y77          RAMD32                                       r  system_i/memory_smc/inst/s00_nodes/s00_r_node/inst/inst_mi_handler/gen_normal_area.inst_fifo_node_payld/gen_xpm_memory_fifo.inst_fifo/gen_mem_rep[0].inst_xpm_memory/xpm_memory_base_inst/gen_wr_a.gen_word_narrow.mem_reg_0_31_56_69/RAMF/I
  -------------------------------------------------------------------    -------------------

                         (clock clk_pl_0 rise edge)
                                                      0.000     0.000 r  
    PS8_X0Y0             PS8                          0.000     0.000 r  system_i/ps/inst/PS8_i/PLCLK[0]
                         net (fo=1, routed)           0.229     0.229    system_i/ps/inst/pl_clk_unbuffered[0]
    BUFG_PS_X0Y80        BUFG_PS (Prop_BUFG_PS_I_O)
                                                      0.038     0.267 r  system_i/ps/inst/buffer_pl_clk_0.PL_CLK_0_BUFG/O
    X0Y1 (CLOCK_ROOT)    net (fo=8144, routed)        2.416     2.683    system_i/memory_smc/inst/s00_nodes/s00_r_node/inst/inst_mi_handler/gen_normal_area.inst_fifo_node_payld/gen_xpm_memory_fifo.inst_fifo/gen_mem_rep[0].inst_xpm_memory/xpm_memory_base_inst/gen_wr_a.gen_word_narrow.mem_reg_0_31_56_69/WCLK
    SLICE_X7Y77          RAMD32                                       r  system_i/memory_smc/inst/s00_nodes/s00_r_node/inst/inst_mi_handler/gen_normal_area.inst_fifo_node_payld/gen_xpm_memory_fifo.inst_fifo/gen_mem_rep[0].inst_xpm_memory/xpm_memory_base_inst/gen_wr_a.gen_word_narrow.mem_reg_0_31_56_69/RAMF/CLK
                         clock pessimism             -0.192     2.491    
    SLICE_X7Y77          RAMD32 (Hold_F5LUT_SLICEM_CLK_I)
                                                      0.103     2.594    system_i/memory_smc/inst/s00_nodes/s00_r_node/inst/inst_mi_handler/gen_normal_area.inst_fifo_node_payld/gen_xpm_memory_fifo.inst_fifo/gen_mem_rep[0].inst_xpm_memory/xpm_memory_base_inst/gen_wr_a.gen_word_narrow.mem_reg_0_31_56_69/RAMF
  -------------------------------------------------------------------
                         required time                         -2.594    
                         arrival time                           2.607    
  -------------------------------------------------------------------
                         slack                                  0.012    

Slack (MET) :             0.013ns  (arrival time - required time)
  Source:                 system_i/dma/U0/I_PRMRY_DATAMOVER/GEN_S2MM_FULL.I_S2MM_FULL_WRAPPER/GEN_INCLUDE_REALIGNER.I_S2MM_REALIGNER/GEN_INCLUDE_SCATTER.I_S2MM_SCATTER/I_MSSAI_SKID_BUF/sig_data_reg_out_reg[23]/C
                            (rising edge-triggered cell FDRE clocked by clk_pl_0  {rise@0.000ns fall@5.000ns period=10.000ns})
  Destination:            system_i/dma/U0/I_PRMRY_DATAMOVER/GEN_S2MM_FULL.I_S2MM_FULL_WRAPPER/GEN_ENABLE_INDET_BTT_SF.I_INDET_BTT/I_DATA_FIFO/BLK_MEM.I_SYNC_FIFOGEN_FIFO/xpm_fifo_base_inst/gen_sdpram.xpm_memory_base_inst/gen_wr_a.gen_word_narrow.mem_reg_0/DINADIN[23]
                            (rising edge-triggered cell RAMB36E2 clocked by clk_pl_0  {rise@0.000ns fall@5.000ns period=10.000ns})
  Path Group:             clk_pl_0
  Path Type:              Hold (Min at Slow Process Corner)
  Requirement:            0.000ns  (clk_pl_0 rise@0.000ns - clk_pl_0 rise@0.000ns)
  Data Path Delay:        0.249ns  (logic 0.112ns (44.980%)  route 0.137ns (55.020%))
  Logic Levels:           0  
  Clock Path Skew:        0.284ns (DCD - SCD - CPR)
    Destination Clock Delay (DCD):    3.008ns
    Source Clock Delay      (SCD):    2.520ns
    Clock Pessimism Removal (CPR):    0.204ns
  Clock Net Delay (Source):      2.304ns (routing 0.955ns, distribution 1.349ns)
  Clock Net Delay (Destination): 2.741ns (routing 1.045ns, distribution 1.696ns)

    Location             Delay type                Incr(ns)  Path(ns)    Netlist Resource(s)
  -------------------------------------------------------------------    -------------------
                         (clock clk_pl_0 rise edge)
                                                      0.000     0.000 r  
    PS8_X0Y0             PS8                          0.000     0.000 r  system_i/ps/inst/PS8_i/PLCLK[0]
                         net (fo=1, routed)           0.181     0.181    system_i/ps/inst/pl_clk_unbuffered[0]
    BUFG_PS_X0Y80        BUFG_PS (Prop_BUFG_PS_I_O)
                                                      0.035     0.216 r  system_i/ps/inst/buffer_pl_clk_0.PL_CLK_0_BUFG/O
    X0Y1 (CLOCK_ROOT)    net (fo=8144, routed)        2.304     2.520    system_i/dma/U0/I_PRMRY_DATAMOVER/GEN_S2MM_FULL.I_S2MM_FULL_WRAPPER/GEN_INCLUDE_REALIGNER.I_S2MM_REALIGNER/GEN_INCLUDE_SCATTER.I_S2MM_SCATTER/I_MSSAI_SKID_BUF/s_axi_lite_aclk
    SLICE_X26Y65         FDRE                                         r  system_i/dma/U0/I_PRMRY_DATAMOVER/GEN_S2MM_FULL.I_S2MM_FULL_WRAPPER/GEN_INCLUDE_REALIGNER.I_S2MM_REALIGNER/GEN_INCLUDE_SCATTER.I_S2MM_SCATTER/I_MSSAI_SKID_BUF/sig_data_reg_out_reg[23]/C
  -------------------------------------------------------------------    -------------------
    SLICE_X26Y65         FDRE (Prop_GFF_SLICEL_C_Q)
                                                      0.112     2.632 r  system_i/dma/U0/I_PRMRY_DATAMOVER/GEN_S2MM_FULL.I_S2MM_FULL_WRAPPER/GEN_INCLUDE_REALIGNER.I_S2MM_REALIGNER/GEN_INCLUDE_SCATTER.I_S2MM_SCATTER/I_MSSAI_SKID_BUF/sig_data_reg_out_reg[23]/Q
                         net (fo=1, routed)           0.137     2.769    system_i/dma/U0/I_PRMRY_DATAMOVER/GEN_S2MM_FULL.I_S2MM_FULL_WRAPPER/GEN_ENABLE_INDET_BTT_SF.I_INDET_BTT/I_DATA_FIFO/BLK_MEM.I_SYNC_FIFOGEN_FIFO/xpm_fifo_base_inst/gen_sdpram.xpm_memory_base_inst/dina[23]
    RAMB36_X0Y12         RAMB36E2                                     r  system_i/dma/U0/I_PRMRY_DATAMOVER/GEN_S2MM_FULL.I_S2MM_FULL_WRAPPER/GEN_ENABLE_INDET_BTT_SF.I_INDET_BTT/I_DATA_FIFO/BLK_MEM.I_SYNC_FIFOGEN_FIFO/xpm_fifo_base_inst/gen_sdpram.xpm_memory_base_inst/gen_wr_a.gen_word_narrow.mem_reg_0/DINADIN[23]
  -------------------------------------------------------------------    -------------------

                         (clock clk_pl_0 rise edge)
                                                      0.000     0.000 r  
    PS8_X0Y0             PS8                          0.000     0.000 r  system_i/ps/inst/PS8_i/PLCLK[0]
                         net (fo=1, routed)           0.229     0.229    system_i/ps/inst/pl_clk_unbuffered[0]
    BUFG_PS_X0Y80        BUFG_PS (Prop_BUFG_PS_I_O)
                                                      0.038     0.267 r  system_i/ps/inst/buffer_pl_clk_0.PL_CLK_0_BUFG/O
    X0Y1 (CLOCK_ROOT)    net (fo=8144, routed)        2.741     3.008    system_i/dma/U0/I_PRMRY_DATAMOVER/GEN_S2MM_FULL.I_S2MM_FULL_WRAPPER/GEN_ENABLE_INDET_BTT_SF.I_INDET_BTT/I_DATA_FIFO/BLK_MEM.I_SYNC_FIFOGEN_FIFO/xpm_fifo_base_inst/gen_sdpram.xpm_memory_base_inst/clka
    RAMB36_X0Y12         RAMB36E2                                     r  system_i/dma/U0/I_PRMRY_DATAMOVER/GEN_S2MM_FULL.I_S2MM_FULL_WRAPPER/GEN_ENABLE_INDET_BTT_SF.I_INDET_BTT/I_DATA_FIFO/BLK_MEM.I_SYNC_FIFOGEN_FIFO/xpm_fifo_base_inst/gen_sdpram.xpm_memory_base_inst/gen_wr_a.gen_word_narrow.mem_reg_0/CLKBWRCLK
                         clock pessimism             -0.204     2.804    
    RAMB36_X0Y12         RAMB36E2 (Hold_RAMB36E2_RAMB36_CLKBWRCLK_DINADIN[23])
                                                     -0.048     2.756    system_i/dma/U0/I_PRMRY_DATAMOVER/GEN_S2MM_FULL.I_S2MM_FULL_WRAPPER/GEN_ENABLE_INDET_BTT_SF.I_INDET_BTT/I_DATA_FIFO/BLK_MEM.I_SYNC_FIFOGEN_FIFO/xpm_fifo_base_inst/gen_sdpram.xpm_memory_base_inst/gen_wr_a.gen_word_narrow.mem_reg_0
  -------------------------------------------------------------------
                         required time                         -2.756    
                         arrival time                           2.769    
  -------------------------------------------------------------------
                         slack                                  0.013    

Slack (MET) :             0.013ns  (arrival time - required time)
  Source:                 system_i/dma/U0/I_PRMRY_DATAMOVER/GEN_S2MM_FULL.I_S2MM_FULL_WRAPPER/GEN_INCLUDE_REALIGNER.I_S2MM_REALIGNER/GEN_INCLUDE_SCATTER.I_S2MM_SCATTER/I_MSSAI_SKID_BUF/sig_data_reg_out_reg[5]/C
                            (rising edge-triggered cell FDRE clocked by clk_pl_0  {rise@0.000ns fall@5.000ns period=10.000ns})
  Destination:            system_i/dma/U0/I_PRMRY_DATAMOVER/GEN_S2MM_FULL.I_S2MM_FULL_WRAPPER/GEN_ENABLE_INDET_BTT_SF.I_INDET_BTT/I_DATA_FIFO/BLK_MEM.I_SYNC_FIFOGEN_FIFO/xpm_fifo_base_inst/gen_sdpram.xpm_memory_base_inst/gen_wr_a.gen_word_narrow.mem_reg_0/DINADIN[5]
                            (rising edge-triggered cell RAMB36E2 clocked by clk_pl_0  {rise@0.000ns fall@5.000ns period=10.000ns})
  Path Group:             clk_pl_0
  Path Type:              Hold (Min at Slow Process Corner)
  Requirement:            0.000ns  (clk_pl_0 rise@0.000ns - clk_pl_0 rise@0.000ns)
  Data Path Delay:        0.252ns  (logic 0.112ns (44.444%)  route 0.140ns (55.556%))
  Logic Levels:           0  
  Clock Path Skew:        0.287ns (DCD - SCD - CPR)
    Destination Clock Delay (DCD):    3.008ns
    Source Clock Delay      (SCD):    2.517ns
    Clock Pessimism Removal (CPR):    0.204ns
  Clock Net Delay (Source):      2.301ns (routing 0.955ns, distribution 1.346ns)
  Clock Net Delay (Destination): 2.741ns (routing 1.045ns, distribution 1.696ns)

    Location             Delay type                Incr(ns)  Path(ns)    Netlist Resource(s)
  -------------------------------------------------------------------    -------------------
                         (clock clk_pl_0 rise edge)
                                                      0.000     0.000 r  
    PS8_X0Y0             PS8                          0.000     0.000 r  system_i/ps/inst/PS8_i/PLCLK[0]
                         net (fo=1, routed)           0.181     0.181    system_i/ps/inst/pl_clk_unbuffered[0]
    BUFG_PS_X0Y80        BUFG_PS (Prop_BUFG_PS_I_O)
                                                      0.035     0.216 r  system_i/ps/inst/buffer_pl_clk_0.PL_CLK_0_BUFG/O
    X0Y1 (CLOCK_ROOT)    net (fo=8144, routed)        2.301     2.517    system_i/dma/U0/I_PRMRY_DATAMOVER/GEN_S2MM_FULL.I_S2MM_FULL_WRAPPER/GEN_INCLUDE_REALIGNER.I_S2MM_REALIGNER/GEN_INCLUDE_SCATTER.I_S2MM_SCATTER/I_MSSAI_SKID_BUF/s_axi_lite_aclk
    SLICE_X26Y65         FDRE                                         r  system_i/dma/U0/I_PRMRY_DATAMOVER/GEN_S2MM_FULL.I_S2MM_FULL_WRAPPER/GEN_INCLUDE_REALIGNER.I_S2MM_REALIGNER/GEN_INCLUDE_SCATTER.I_S2MM_SCATTER/I_MSSAI_SKID_BUF/sig_data_reg_out_reg[5]/C
  -------------------------------------------------------------------    -------------------
    SLICE_X26Y65         FDRE (Prop_CFF_SLICEL_C_Q)
                                                      0.112     2.629 r  system_i/dma/U0/I_PRMRY_DATAMOVER/GEN_S2MM_FULL.I_S2MM_FULL_WRAPPER/GEN_INCLUDE_REALIGNER.I_S2MM_REALIGNER/GEN_INCLUDE_SCATTER.I_S2MM_SCATTER/I_MSSAI_SKID_BUF/sig_data_reg_out_reg[5]/Q
                         net (fo=1, routed)           0.140     2.769    system_i/dma/U0/I_PRMRY_DATAMOVER/GEN_S2MM_FULL.I_S2MM_FULL_WRAPPER/GEN_ENABLE_INDET_BTT_SF.I_INDET_BTT/I_DATA_FIFO/BLK_MEM.I_SYNC_FIFOGEN_FIFO/xpm_fifo_base_inst/gen_sdpram.xpm_memory_base_inst/dina[5]
    RAMB36_X0Y12         RAMB36E2                                     r  system_i/dma/U0/I_PRMRY_DATAMOVER/GEN_S2MM_FULL.I_S2MM_FULL_WRAPPER/GEN_ENABLE_INDET_BTT_SF.I_INDET_BTT/I_DATA_FIFO/BLK_MEM.I_SYNC_FIFOGEN_FIFO/xpm_fifo_base_inst/gen_sdpram.xpm_memory_base_inst/gen_wr_a.gen_word_narrow.mem_reg_0/DINADIN[5]
  -------------------------------------------------------------------    -------------------

                         (clock clk_pl_0 rise edge)
                                                      0.000     0.000 r  
    PS8_X0Y0             PS8                          0.000     0.000 r  system_i/ps/inst/PS8_i/PLCLK[0]
                         net (fo=1, routed)           0.229     0.229    system_i/ps/inst/pl_clk_unbuffered[0]
    BUFG_PS_X0Y80        BUFG_PS (Prop_BUFG_PS_I_O)
                                                      0.038     0.267 r  system_i/ps/inst/buffer_pl_clk_0.PL_CLK_0_BUFG/O
    X0Y1 (CLOCK_ROOT)    net (fo=8144, routed)        2.741     3.008    system_i/dma/U0/I_PRMRY_DATAMOVER/GEN_S2MM_FULL.I_S2MM_FULL_WRAPPER/GEN_ENABLE_INDET_BTT_SF.I_INDET_BTT/I_DATA_FIFO/BLK_MEM.I_SYNC_FIFOGEN_FIFO/xpm_fifo_base_inst/gen_sdpram.xpm_memory_base_inst/clka
    RAMB36_X0Y12         RAMB36E2                                     r  system_i/dma/U0/I_PRMRY_DATAMOVER/GEN_S2MM_FULL.I_S2MM_FULL_WRAPPER/GEN_ENABLE_INDET_BTT_SF.I_INDET_BTT/I_DATA_FIFO/BLK_MEM.I_SYNC_FIFOGEN_FIFO/xpm_fifo_base_inst/gen_sdpram.xpm_memory_base_inst/gen_wr_a.gen_word_narrow.mem_reg_0/CLKBWRCLK
                         clock pessimism             -0.204     2.804    
    RAMB36_X0Y12         RAMB36E2 (Hold_RAMB36E2_RAMB36_CLKBWRCLK_DINADIN[5])
                                                     -0.048     2.756    system_i/dma/U0/I_PRMRY_DATAMOVER/GEN_S2MM_FULL.I_S2MM_FULL_WRAPPER/GEN_ENABLE_INDET_BTT_SF.I_INDET_BTT/I_DATA_FIFO/BLK_MEM.I_SYNC_FIFOGEN_FIFO/xpm_fifo_base_inst/gen_sdpram.xpm_memory_base_inst/gen_wr_a.gen_word_narrow.mem_reg_0
  -------------------------------------------------------------------
                         required time                         -2.756    
                         arrival time                           2.769    
  -------------------------------------------------------------------
                         slack                                  0.013    

Slack (MET) :             0.013ns  (arrival time - required time)
  Source:                 system_i/memory_smc/inst/switchboards/w_switchboard/inst/gen_mi[0].inst_opipe_payld/gen_pipe[1].pipe_reg[1][22]/C
                            (rising edge-triggered cell FDRE clocked by clk_pl_0  {rise@0.000ns fall@5.000ns period=10.000ns})
  Destination:            system_i/memory_smc/inst/m00_nodes/m00_w_node/inst/inst_mi_handler/gen_normal_area.inst_fifo_node_payld/gen_xpm_memory_fifo.inst_fifo/gen_mem_rep[0].inst_xpm_memory/xpm_memory_base_inst/gen_wr_a.gen_word_narrow.mem_reg_0_31_14_27/RAME/I
                            (rising edge-triggered cell RAMD32 clocked by clk_pl_0  {rise@0.000ns fall@5.000ns period=10.000ns})
  Path Group:             clk_pl_0
  Path Type:              Hold (Min at Slow Process Corner)
  Requirement:            0.000ns  (clk_pl_0 rise@0.000ns - clk_pl_0 rise@0.000ns)
  Data Path Delay:        0.298ns  (logic 0.112ns (37.584%)  route 0.186ns (62.416%))
  Logic Levels:           0  
  Clock Path Skew:        0.182ns (DCD - SCD - CPR)
    Destination Clock Delay (DCD):    2.722ns
    Source Clock Delay      (SCD):    2.348ns
    Clock Pessimism Removal (CPR):    0.192ns
  Clock Net Delay (Source):      2.132ns (routing 0.955ns, distribution 1.177ns)
  Clock Net Delay (Destination): 2.455ns (routing 1.045ns, distribution 1.410ns)

    Location             Delay type                Incr(ns)  Path(ns)    Netlist Resource(s)
  -------------------------------------------------------------------    -------------------
                         (clock clk_pl_0 rise edge)
                                                      0.000     0.000 r  
    PS8_X0Y0             PS8                          0.000     0.000 r  system_i/ps/inst/PS8_i/PLCLK[0]
                         net (fo=1, routed)           0.181     0.181    system_i/ps/inst/pl_clk_unbuffered[0]
    BUFG_PS_X0Y80        BUFG_PS (Prop_BUFG_PS_I_O)
                                                      0.035     0.216 r  system_i/ps/inst/buffer_pl_clk_0.PL_CLK_0_BUFG/O
    X0Y1 (CLOCK_ROOT)    net (fo=8144, routed)        2.132     2.348    system_i/memory_smc/inst/switchboards/w_switchboard/inst/gen_mi[0].inst_opipe_payld/aclk
    SLICE_X4Y67          FDRE                                         r  system_i/memory_smc/inst/switchboards/w_switchboard/inst/gen_mi[0].inst_opipe_payld/gen_pipe[1].pipe_reg[1][22]/C
  -------------------------------------------------------------------    -------------------
    SLICE_X4Y67          FDRE (Prop_CFF_SLICEM_C_Q)
                                                      0.112     2.460 r  system_i/memory_smc/inst/switchboards/w_switchboard/inst/gen_mi[0].inst_opipe_payld/gen_pipe[1].pipe_reg[1][22]/Q
                         net (fo=1, routed)           0.186     2.646    system_i/memory_smc/inst/m00_nodes/m00_w_node/inst/inst_mi_handler/gen_normal_area.inst_fifo_node_payld/gen_xpm_memory_fifo.inst_fifo/gen_mem_rep[0].inst_xpm_memory/xpm_memory_base_inst/gen_wr_a.gen_word_narrow.mem_reg_0_31_14_27/DIE0
    SLICE_X2Y70          RAMD32                                       r  system_i/memory_smc/inst/m00_nodes/m00_w_node/inst/inst_mi_handler/gen_normal_area.inst_fifo_node_payld/gen_xpm_memory_fifo.inst_fifo/gen_mem_rep[0].inst_xpm_memory/xpm_memory_base_inst/gen_wr_a.gen_word_narrow.mem_reg_0_31_14_27/RAME/I
  -------------------------------------------------------------------    -------------------

                         (clock clk_pl_0 rise edge)
                                                      0.000     0.000 r  
    PS8_X0Y0             PS8                          0.000     0.000 r  system_i/ps/inst/PS8_i/PLCLK[0]
                         net (fo=1, routed)           0.229     0.229    system_i/ps/inst/pl_clk_unbuffered[0]
    BUFG_PS_X0Y80        BUFG_PS (Prop_BUFG_PS_I_O)
                                                      0.038     0.267 r  system_i/ps/inst/buffer_pl_clk_0.PL_CLK_0_BUFG/O
    X0Y1 (CLOCK_ROOT)    net (fo=8144, routed)        2.455     2.722    system_i/memory_smc/inst/m00_nodes/m00_w_node/inst/inst_mi_handler/gen_normal_area.inst_fifo_node_payld/gen_xpm_memory_fifo.inst_fifo/gen_mem_rep[0].inst_xpm_memory/xpm_memory_base_inst/gen_wr_a.gen_word_narrow.mem_reg_0_31_14_27/WCLK
    SLICE_X2Y70          RAMD32                                       r  system_i/memory_smc/inst/m00_nodes/m00_w_node/inst/inst_mi_handler/gen_normal_area.inst_fifo_node_payld/gen_xpm_memory_fifo.inst_fifo/gen_mem_rep[0].inst_xpm_memory/xpm_memory_base_inst/gen_wr_a.gen_word_narrow.mem_reg_0_31_14_27/RAME/CLK
                         clock pessimism             -0.192     2.530    
    SLICE_X2Y70          RAMD32 (Hold_E5LUT_SLICEM_CLK_I)
                                                      0.103     2.633    system_i/memory_smc/inst/m00_nodes/m00_w_node/inst/inst_mi_handler/gen_normal_area.inst_fifo_node_payld/gen_xpm_memory_fifo.inst_fifo/gen_mem_rep[0].inst_xpm_memory/xpm_memory_base_inst/gen_wr_a.gen_word_narrow.mem_reg_0_31_14_27/RAME
  -------------------------------------------------------------------
                         required time                         -2.633    
                         arrival time                           2.646    
  -------------------------------------------------------------------
                         slack                                  0.013    

Slack (MET) :             0.014ns  (arrival time - required time)
  Source:                 system_i/memory_smc/inst/s01_nodes/s01_w_node/inst/inst_mi_handler/gen_normal_area.inst_fifo_node_payld/gen_xpm_memory_fifo.inst_fifo/gen_mem_rep[0].inst_xpm_memory/xpm_memory_base_inst/gen_rd_b.gen_rd_b_synth_template.gen_rf_narrow_reg.doutb_reg_reg[35]/C
                            (rising edge-triggered cell FDRE clocked by clk_pl_0  {rise@0.000ns fall@5.000ns period=10.000ns})
  Destination:            system_i/memory_smc/inst/switchboards/w_switchboard/inst/gen_mi[0].inst_opipe_payld/gen_pipe[1].pipe_reg[1][35]/D
                            (rising edge-triggered cell FDRE clocked by clk_pl_0  {rise@0.000ns fall@5.000ns period=10.000ns})
  Path Group:             clk_pl_0
  Path Type:              Hold (Min at Slow Process Corner)
  Requirement:            0.000ns  (clk_pl_0 rise@0.000ns - clk_pl_0 rise@0.000ns)
  Data Path Delay:        0.262ns  (logic 0.112ns (42.748%)  route 0.150ns (57.252%))
  Logic Levels:           0  
  Clock Path Skew:        0.146ns (DCD - SCD - CPR)
    Destination Clock Delay (DCD):    2.637ns
    Source Clock Delay      (SCD):    2.347ns
    Clock Pessimism Removal (CPR):    0.144ns
  Clock Net Delay (Source):      2.131ns (routing 0.955ns, distribution 1.176ns)
  Clock Net Delay (Destination): 2.370ns (routing 1.045ns, distribution 1.325ns)

    Location             Delay type                Incr(ns)  Path(ns)    Netlist Resource(s)
  -------------------------------------------------------------------    -------------------
                         (clock clk_pl_0 rise edge)
                                                      0.000     0.000 r  
    PS8_X0Y0             PS8                          0.000     0.000 r  system_i/ps/inst/PS8_i/PLCLK[0]
                         net (fo=1, routed)           0.181     0.181    system_i/ps/inst/pl_clk_unbuffered[0]
    BUFG_PS_X0Y80        BUFG_PS (Prop_BUFG_PS_I_O)
                                                      0.035     0.216 r  system_i/ps/inst/buffer_pl_clk_0.PL_CLK_0_BUFG/O
    X0Y1 (CLOCK_ROOT)    net (fo=8144, routed)        2.131     2.347    system_i/memory_smc/inst/s01_nodes/s01_w_node/inst/inst_mi_handler/gen_normal_area.inst_fifo_node_payld/gen_xpm_memory_fifo.inst_fifo/gen_mem_rep[0].inst_xpm_memory/xpm_memory_base_inst/clka
    SLICE_X4Y59          FDRE                                         r  system_i/memory_smc/inst/s01_nodes/s01_w_node/inst/inst_mi_handler/gen_normal_area.inst_fifo_node_payld/gen_xpm_memory_fifo.inst_fifo/gen_mem_rep[0].inst_xpm_memory/xpm_memory_base_inst/gen_rd_b.gen_rd_b_synth_template.gen_rf_narrow_reg.doutb_reg_reg[35]/C
  -------------------------------------------------------------------    -------------------
    SLICE_X4Y59          FDRE (Prop_DFF_SLICEM_C_Q)
                                                      0.112     2.459 r  system_i/memory_smc/inst/s01_nodes/s01_w_node/inst/inst_mi_handler/gen_normal_area.inst_fifo_node_payld/gen_xpm_memory_fifo.inst_fifo/gen_mem_rep[0].inst_xpm_memory/xpm_memory_base_inst/gen_rd_b.gen_rd_b_synth_template.gen_rf_narrow_reg.doutb_reg_reg[35]/Q
                         net (fo=1, routed)           0.150     2.609    system_i/memory_smc/inst/switchboards/w_switchboard/inst/gen_mi[0].inst_opipe_payld/s_sc_payld[23]
    SLICE_X4Y60          FDRE                                         r  system_i/memory_smc/inst/switchboards/w_switchboard/inst/gen_mi[0].inst_opipe_payld/gen_pipe[1].pipe_reg[1][35]/D
  -------------------------------------------------------------------    -------------------

                         (clock clk_pl_0 rise edge)
                                                      0.000     0.000 r  
    PS8_X0Y0             PS8                          0.000     0.000 r  system_i/ps/inst/PS8_i/PLCLK[0]
                         net (fo=1, routed)           0.229     0.229    system_i/ps/inst/pl_clk_unbuffered[0]
    BUFG_PS_X0Y80        BUFG_PS (Prop_BUFG_PS_I_O)
                                                      0.038     0.267 r  system_i/ps/inst/buffer_pl_clk_0.PL_CLK_0_BUFG/O
    X0Y1 (CLOCK_ROOT)    net (fo=8144, routed)        2.370     2.637    system_i/memory_smc/inst/switchboards/w_switchboard/inst/gen_mi[0].inst_opipe_payld/aclk
    SLICE_X4Y60          FDRE                                         r  system_i/memory_smc/inst/switchboards/w_switchboard/inst/gen_mi[0].inst_opipe_payld/gen_pipe[1].pipe_reg[1][35]/C
                         clock pessimism             -0.144     2.493    
    SLICE_X4Y60          FDRE (Hold_EFF2_SLICEM_C_D)
                                                      0.102     2.595    system_i/memory_smc/inst/switchboards/w_switchboard/inst/gen_mi[0].inst_opipe_payld/gen_pipe[1].pipe_reg[1][35]
  -------------------------------------------------------------------
                         required time                         -2.595    
                         arrival time                           2.609    
  -------------------------------------------------------------------
                         slack                                  0.014    

Slack (MET) :             0.014ns  (arrival time - required time)
  Source:                 system_i/memory_smc/inst/s01_nodes/s01_w_node/inst/inst_mi_handler/gen_normal_area.inst_fifo_node_payld/gen_xpm_memory_fifo.inst_fifo/gen_mem_rep[0].inst_xpm_memory/xpm_memory_base_inst/gen_rd_b.gen_rd_b_synth_template.gen_rf_narrow_reg.doutb_reg_reg[56]/C
                            (rising edge-triggered cell FDRE clocked by clk_pl_0  {rise@0.000ns fall@5.000ns period=10.000ns})
  Destination:            system_i/memory_smc/inst/switchboards/w_switchboard/inst/gen_mi[0].inst_opipe_payld/gen_pipe[1].pipe_reg[1][56]/D
                            (rising edge-triggered cell FDRE clocked by clk_pl_0  {rise@0.000ns fall@5.000ns period=10.000ns})
  Path Group:             clk_pl_0
  Path Type:              Hold (Min at Slow Process Corner)
  Requirement:            0.000ns  (clk_pl_0 rise@0.000ns - clk_pl_0 rise@0.000ns)
  Data Path Delay:        0.212ns  (logic 0.114ns (53.774%)  route 0.098ns (46.226%))
  Logic Levels:           0  
  Clock Path Skew:        0.095ns (DCD - SCD - CPR)
    Destination Clock Delay (DCD):    2.627ns
    Source Clock Delay      (SCD):    2.347ns
    Clock Pessimism Removal (CPR):    0.185ns
  Clock Net Delay (Source):      2.131ns (routing 0.955ns, distribution 1.176ns)
  Clock Net Delay (Destination): 2.360ns (routing 1.045ns, distribution 1.315ns)

    Location             Delay type                Incr(ns)  Path(ns)    Netlist Resource(s)
  -------------------------------------------------------------------    -------------------
                         (clock clk_pl_0 rise edge)
                                                      0.000     0.000 r  
    PS8_X0Y0             PS8                          0.000     0.000 r  system_i/ps/inst/PS8_i/PLCLK[0]
                         net (fo=1, routed)           0.181     0.181    system_i/ps/inst/pl_clk_unbuffered[0]
    BUFG_PS_X0Y80        BUFG_PS (Prop_BUFG_PS_I_O)
                                                      0.035     0.216 r  system_i/ps/inst/buffer_pl_clk_0.PL_CLK_0_BUFG/O
    X0Y1 (CLOCK_ROOT)    net (fo=8144, routed)        2.131     2.347    system_i/memory_smc/inst/s01_nodes/s01_w_node/inst/inst_mi_handler/gen_normal_area.inst_fifo_node_payld/gen_xpm_memory_fifo.inst_fifo/gen_mem_rep[0].inst_xpm_memory/xpm_memory_base_inst/clka
    SLICE_X4Y58          FDRE                                         r  system_i/memory_smc/inst/s01_nodes/s01_w_node/inst/inst_mi_handler/gen_normal_area.inst_fifo_node_payld/gen_xpm_memory_fifo.inst_fifo/gen_mem_rep[0].inst_xpm_memory/xpm_memory_base_inst/gen_rd_b.gen_rd_b_synth_template.gen_rf_narrow_reg.doutb_reg_reg[56]/C
  -------------------------------------------------------------------    -------------------
    SLICE_X4Y58          FDRE (Prop_AFF2_SLICEM_C_Q)
                                                      0.114     2.461 r  system_i/memory_smc/inst/s01_nodes/s01_w_node/inst/inst_mi_handler/gen_normal_area.inst_fifo_node_payld/gen_xpm_memory_fifo.inst_fifo/gen_mem_rep[0].inst_xpm_memory/xpm_memory_base_inst/gen_rd_b.gen_rd_b_synth_template.gen_rf_narrow_reg.doutb_reg_reg[56]/Q
                         net (fo=1, routed)           0.098     2.559    system_i/memory_smc/inst/switchboards/w_switchboard/inst/gen_mi[0].inst_opipe_payld/s_sc_payld[44]
    SLICE_X3Y58          FDRE                                         r  system_i/memory_smc/inst/switchboards/w_switchboard/inst/gen_mi[0].inst_opipe_payld/gen_pipe[1].pipe_reg[1][56]/D
  -------------------------------------------------------------------    -------------------

                         (clock clk_pl_0 rise edge)
                                                      0.000     0.000 r  
    PS8_X0Y0             PS8                          0.000     0.000 r  system_i/ps/inst/PS8_i/PLCLK[0]
                         net (fo=1, routed)           0.229     0.229    system_i/ps/inst/pl_clk_unbuffered[0]
    BUFG_PS_X0Y80        BUFG_PS (Prop_BUFG_PS_I_O)
                                                      0.038     0.267 r  system_i/ps/inst/buffer_pl_clk_0.PL_CLK_0_BUFG/O
    X0Y1 (CLOCK_ROOT)    net (fo=8144, routed)        2.360     2.627    system_i/memory_smc/inst/switchboards/w_switchboard/inst/gen_mi[0].inst_opipe_payld/aclk
    SLICE_X3Y58          FDRE                                         r  system_i/memory_smc/inst/switchboards/w_switchboard/inst/gen_mi[0].inst_opipe_payld/gen_pipe[1].pipe_reg[1][56]/C
                         clock pessimism             -0.185     2.442    
    SLICE_X3Y58          FDRE (Hold_GFF2_SLICEL_C_D)
                                                      0.103     2.545    system_i/memory_smc/inst/switchboards/w_switchboard/inst/gen_mi[0].inst_opipe_payld/gen_pipe[1].pipe_reg[1][56]
  -------------------------------------------------------------------
                         required time                         -2.545    
                         arrival time                           2.559    
  -------------------------------------------------------------------
                         slack                                  0.014    

Slack (MET) :             0.014ns  (arrival time - required time)
  Source:                 system_i/memory_smc/inst/switchboards/w_switchboard/inst/gen_mi[0].inst_opipe_payld/gen_pipe[1].pipe_reg[1][148]/C
                            (rising edge-triggered cell FDRE clocked by clk_pl_0  {rise@0.000ns fall@5.000ns period=10.000ns})
  Destination:            system_i/memory_smc/inst/m00_nodes/m00_w_node/inst/inst_mi_handler/gen_normal_area.inst_fifo_node_payld/gen_xpm_memory_fifo.inst_fifo/gen_mem_rep[0].inst_xpm_memory/xpm_memory_base_inst/gen_wr_a.gen_word_narrow.mem_reg_0_31_140_153/RAME/I
                            (rising edge-triggered cell RAMD32 clocked by clk_pl_0  {rise@0.000ns fall@5.000ns period=10.000ns})
  Path Group:             clk_pl_0
  Path Type:              Hold (Min at Slow Process Corner)
  Requirement:            0.000ns  (clk_pl_0 rise@0.000ns - clk_pl_0 rise@0.000ns)
  Data Path Delay:        0.242ns  (logic 0.115ns (47.521%)  route 0.127ns (52.479%))
  Logic Levels:           0  
  Clock Path Skew:        0.125ns (DCD - SCD - CPR)
    Destination Clock Delay (DCD):    2.724ns
    Source Clock Delay      (SCD):    2.356ns
    Clock Pessimism Removal (CPR):    0.244ns
  Clock Net Delay (Source):      2.140ns (routing 0.955ns, distribution 1.185ns)
  Clock Net Delay (Destination): 2.457ns (routing 1.045ns, distribution 1.412ns)

    Location             Delay type                Incr(ns)  Path(ns)    Netlist Resource(s)
  -------------------------------------------------------------------    -------------------
                         (clock clk_pl_0 rise edge)
                                                      0.000     0.000 r  
    PS8_X0Y0             PS8                          0.000     0.000 r  system_i/ps/inst/PS8_i/PLCLK[0]
                         net (fo=1, routed)           0.181     0.181    system_i/ps/inst/pl_clk_unbuffered[0]
    BUFG_PS_X0Y80        BUFG_PS (Prop_BUFG_PS_I_O)
                                                      0.035     0.216 r  system_i/ps/inst/buffer_pl_clk_0.PL_CLK_0_BUFG/O
    X0Y1 (CLOCK_ROOT)    net (fo=8144, routed)        2.140     2.356    system_i/memory_smc/inst/switchboards/w_switchboard/inst/gen_mi[0].inst_opipe_payld/aclk
    SLICE_X3Y66          FDRE                                         r  system_i/memory_smc/inst/switchboards/w_switchboard/inst/gen_mi[0].inst_opipe_payld/gen_pipe[1].pipe_reg[1][148]/C
  -------------------------------------------------------------------    -------------------
    SLICE_X3Y66          FDRE (Prop_FFF2_SLICEL_C_Q)
                                                      0.115     2.471 r  system_i/memory_smc/inst/switchboards/w_switchboard/inst/gen_mi[0].inst_opipe_payld/gen_pipe[1].pipe_reg[1][148]/Q
                         net (fo=1, routed)           0.127     2.598    system_i/memory_smc/inst/m00_nodes/m00_w_node/inst/inst_mi_handler/gen_normal_area.inst_fifo_node_payld/gen_xpm_memory_fifo.inst_fifo/gen_mem_rep[0].inst_xpm_memory/xpm_memory_base_inst/gen_wr_a.gen_word_narrow.mem_reg_0_31_140_153/DIE0
    SLICE_X2Y65          RAMD32                                       r  system_i/memory_smc/inst/m00_nodes/m00_w_node/inst/inst_mi_handler/gen_normal_area.inst_fifo_node_payld/gen_xpm_memory_fifo.inst_fifo/gen_mem_rep[0].inst_xpm_memory/xpm_memory_base_inst/gen_wr_a.gen_word_narrow.mem_reg_0_31_140_153/RAME/I
  -------------------------------------------------------------------    -------------------

                         (clock clk_pl_0 rise edge)
                                                      0.000     0.000 r  
    PS8_X0Y0             PS8                          0.000     0.000 r  system_i/ps/inst/PS8_i/PLCLK[0]
                         net (fo=1, routed)           0.229     0.229    system_i/ps/inst/pl_clk_unbuffered[0]
    BUFG_PS_X0Y80        BUFG_PS (Prop_BUFG_PS_I_O)
                                                      0.038     0.267 r  system_i/ps/inst/buffer_pl_clk_0.PL_CLK_0_BUFG/O
    X0Y1 (CLOCK_ROOT)    net (fo=8144, routed)        2.457     2.724    system_i/memory_smc/inst/m00_nodes/m00_w_node/inst/inst_mi_handler/gen_normal_area.inst_fifo_node_payld/gen_xpm_memory_fifo.inst_fifo/gen_mem_rep[0].inst_xpm_memory/xpm_memory_base_inst/gen_wr_a.gen_word_narrow.mem_reg_0_31_140_153/WCLK
    SLICE_X2Y65          RAMD32                                       r  system_i/memory_smc/inst/m00_nodes/m00_w_node/inst/inst_mi_handler/gen_normal_area.inst_fifo_node_payld/gen_xpm_memory_fifo.inst_fifo/gen_mem_rep[0].inst_xpm_memory/xpm_memory_base_inst/gen_wr_a.gen_word_narrow.mem_reg_0_31_140_153/RAME/CLK
                         clock pessimism             -0.244     2.480    
    SLICE_X2Y65          RAMD32 (Hold_E5LUT_SLICEM_CLK_I)
                                                      0.103     2.583    system_i/memory_smc/inst/m00_nodes/m00_w_node/inst/inst_mi_handler/gen_normal_area.inst_fifo_node_payld/gen_xpm_memory_fifo.inst_fifo/gen_mem_rep[0].inst_xpm_memory/xpm_memory_base_inst/gen_wr_a.gen_word_narrow.mem_reg_0_31_140_153/RAME
  -------------------------------------------------------------------
                         required time                         -2.583    
                         arrival time                           2.598    
  -------------------------------------------------------------------
                         slack                                  0.014    

Slack (MET) :             0.015ns  (arrival time - required time)
  Source:                 system_i/dma/U0/I_PRMRY_DATAMOVER/GEN_S2MM_FULL.I_S2MM_FULL_WRAPPER/GEN_INCLUDE_REALIGNER.I_S2MM_REALIGNER/GEN_INCLUDE_SCATTER.I_S2MM_SCATTER/I_MSSAI_SKID_BUF/sig_data_reg_out_reg[55]/C
                            (rising edge-triggered cell FDRE clocked by clk_pl_0  {rise@0.000ns fall@5.000ns period=10.000ns})
  Destination:            system_i/dma/U0/I_PRMRY_DATAMOVER/GEN_S2MM_FULL.I_S2MM_FULL_WRAPPER/GEN_ENABLE_INDET_BTT_SF.I_INDET_BTT/I_DATA_FIFO/BLK_MEM.I_SYNC_FIFOGEN_FIFO/xpm_fifo_base_inst/gen_sdpram.xpm_memory_base_inst/gen_wr_a.gen_word_narrow.mem_reg_0/DINBDIN[23]
                            (rising edge-triggered cell RAMB36E2 clocked by clk_pl_0  {rise@0.000ns fall@5.000ns period=10.000ns})
  Path Group:             clk_pl_0
  Path Type:              Hold (Min at Slow Process Corner)
  Requirement:            0.000ns  (clk_pl_0 rise@0.000ns - clk_pl_0 rise@0.000ns)
  Data Path Delay:        0.203ns  (logic 0.112ns (55.172%)  route 0.091ns (44.828%))
  Logic Levels:           0  
  Clock Path Skew:        0.236ns (DCD - SCD - CPR)
    Destination Clock Delay (DCD):    3.008ns
    Source Clock Delay      (SCD):    2.516ns
    Clock Pessimism Removal (CPR):    0.255ns
  Clock Net Delay (Source):      2.300ns (routing 0.955ns, distribution 1.345ns)
  Clock Net Delay (Destination): 2.741ns (routing 1.045ns, distribution 1.696ns)

    Location             Delay type                Incr(ns)  Path(ns)    Netlist Resource(s)
  -------------------------------------------------------------------    -------------------
                         (clock clk_pl_0 rise edge)
                                                      0.000     0.000 r  
    PS8_X0Y0             PS8                          0.000     0.000 r  system_i/ps/inst/PS8_i/PLCLK[0]
                         net (fo=1, routed)           0.181     0.181    system_i/ps/inst/pl_clk_unbuffered[0]
    BUFG_PS_X0Y80        BUFG_PS (Prop_BUFG_PS_I_O)
                                                      0.035     0.216 r  system_i/ps/inst/buffer_pl_clk_0.PL_CLK_0_BUFG/O
    X0Y1 (CLOCK_ROOT)    net (fo=8144, routed)        2.300     2.516    system_i/dma/U0/I_PRMRY_DATAMOVER/GEN_S2MM_FULL.I_S2MM_FULL_WRAPPER/GEN_INCLUDE_REALIGNER.I_S2MM_REALIGNER/GEN_INCLUDE_SCATTER.I_S2MM_SCATTER/I_MSSAI_SKID_BUF/s_axi_lite_aclk
    SLICE_X27Y64         FDRE                                         r  system_i/dma/U0/I_PRMRY_DATAMOVER/GEN_S2MM_FULL.I_S2MM_FULL_WRAPPER/GEN_INCLUDE_REALIGNER.I_S2MM_REALIGNER/GEN_INCLUDE_SCATTER.I_S2MM_SCATTER/I_MSSAI_SKID_BUF/sig_data_reg_out_reg[55]/C
  -------------------------------------------------------------------    -------------------
    SLICE_X27Y64         FDRE (Prop_GFF_SLICEL_C_Q)
                                                      0.112     2.628 r  system_i/dma/U0/I_PRMRY_DATAMOVER/GEN_S2MM_FULL.I_S2MM_FULL_WRAPPER/GEN_INCLUDE_REALIGNER.I_S2MM_REALIGNER/GEN_INCLUDE_SCATTER.I_S2MM_SCATTER/I_MSSAI_SKID_BUF/sig_data_reg_out_reg[55]/Q
                         net (fo=1, routed)           0.091     2.719    system_i/dma/U0/I_PRMRY_DATAMOVER/GEN_S2MM_FULL.I_S2MM_FULL_WRAPPER/GEN_ENABLE_INDET_BTT_SF.I_INDET_BTT/I_DATA_FIFO/BLK_MEM.I_SYNC_FIFOGEN_FIFO/xpm_fifo_base_inst/gen_sdpram.xpm_memory_base_inst/dina[55]
    RAMB36_X0Y12         RAMB36E2                                     r  system_i/dma/U0/I_PRMRY_DATAMOVER/GEN_S2MM_FULL.I_S2MM_FULL_WRAPPER/GEN_ENABLE_INDET_BTT_SF.I_INDET_BTT/I_DATA_FIFO/BLK_MEM.I_SYNC_FIFOGEN_FIFO/xpm_fifo_base_inst/gen_sdpram.xpm_memory_base_inst/gen_wr_a.gen_word_narrow.mem_reg_0/DINBDIN[23]
  -------------------------------------------------------------------    -------------------

                         (clock clk_pl_0 rise edge)
                                                      0.000     0.000 r  
    PS8_X0Y0             PS8                          0.000     0.000 r  system_i/ps/inst/PS8_i/PLCLK[0]
                         net (fo=1, routed)           0.229     0.229    system_i/ps/inst/pl_clk_unbuffered[0]
    BUFG_PS_X0Y80        BUFG_PS (Prop_BUFG_PS_I_O)
                                                      0.038     0.267 r  system_i/ps/inst/buffer_pl_clk_0.PL_CLK_0_BUFG/O
    X0Y1 (CLOCK_ROOT)    net (fo=8144, routed)        2.741     3.008    system_i/dma/U0/I_PRMRY_DATAMOVER/GEN_S2MM_FULL.I_S2MM_FULL_WRAPPER/GEN_ENABLE_INDET_BTT_SF.I_INDET_BTT/I_DATA_FIFO/BLK_MEM.I_SYNC_FIFOGEN_FIFO/xpm_fifo_base_inst/gen_sdpram.xpm_memory_base_inst/clka
    RAMB36_X0Y12         RAMB36E2                                     r  system_i/dma/U0/I_PRMRY_DATAMOVER/GEN_S2MM_FULL.I_S2MM_FULL_WRAPPER/GEN_ENABLE_INDET_BTT_SF.I_INDET_BTT/I_DATA_FIFO/BLK_MEM.I_SYNC_FIFOGEN_FIFO/xpm_fifo_base_inst/gen_sdpram.xpm_memory_base_inst/gen_wr_a.gen_word_narrow.mem_reg_0/CLKBWRCLK
                         clock pessimism             -0.255     2.752    
    RAMB36_X0Y12         RAMB36E2 (Hold_RAMB36E2_RAMB36_CLKBWRCLK_DINBDIN[23])
                                                     -0.048     2.704    system_i/dma/U0/I_PRMRY_DATAMOVER/GEN_S2MM_FULL.I_S2MM_FULL_WRAPPER/GEN_ENABLE_INDET_BTT_SF.I_INDET_BTT/I_DATA_FIFO/BLK_MEM.I_SYNC_FIFOGEN_FIFO/xpm_fifo_base_inst/gen_sdpram.xpm_memory_base_inst/gen_wr_a.gen_word_narrow.mem_reg_0
  -------------------------------------------------------------------
                         required time                         -2.704    
                         arrival time                           2.719    
  -------------------------------------------------------------------
                         slack                                  0.015    

Slack (MET) :             0.015ns  (arrival time - required time)
  Source:                 system_i/memory_smc/inst/s01_nodes/s01_w_node/inst/inst_mi_handler/gen_normal_area.inst_fifo_node_payld/gen_xpm_memory_fifo.inst_fifo/gen_mem_rep[0].inst_xpm_memory/xpm_memory_base_inst/gen_rd_b.gen_rd_b_synth_template.gen_rf_narrow_reg.doutb_reg_reg[38]/C
                            (rising edge-triggered cell FDRE clocked by clk_pl_0  {rise@0.000ns fall@5.000ns period=10.000ns})
  Destination:            system_i/memory_smc/inst/switchboards/w_switchboard/inst/gen_mi[0].inst_opipe_payld/gen_pipe[1].pipe_reg[1][38]/D
                            (rising edge-triggered cell FDRE clocked by clk_pl_0  {rise@0.000ns fall@5.000ns period=10.000ns})
  Path Group:             clk_pl_0
  Path Type:              Hold (Min at Slow Process Corner)
  Requirement:            0.000ns  (clk_pl_0 rise@0.000ns - clk_pl_0 rise@0.000ns)
  Data Path Delay:        0.303ns  (logic 0.115ns (37.954%)  route 0.188ns (62.046%))
  Logic Levels:           0  
  Clock Path Skew:        0.186ns (DCD - SCD - CPR)
    Destination Clock Delay (DCD):    2.677ns
    Source Clock Delay      (SCD):    2.347ns
    Clock Pessimism Removal (CPR):    0.144ns
  Clock Net Delay (Source):      2.131ns (routing 0.955ns, distribution 1.176ns)
  Clock Net Delay (Destination): 2.410ns (routing 1.045ns, distribution 1.365ns)

    Location             Delay type                Incr(ns)  Path(ns)    Netlist Resource(s)
  -------------------------------------------------------------------    -------------------
                         (clock clk_pl_0 rise edge)
                                                      0.000     0.000 r  
    PS8_X0Y0             PS8                          0.000     0.000 r  system_i/ps/inst/PS8_i/PLCLK[0]
                         net (fo=1, routed)           0.181     0.181    system_i/ps/inst/pl_clk_unbuffered[0]
    BUFG_PS_X0Y80        BUFG_PS (Prop_BUFG_PS_I_O)
                                                      0.035     0.216 r  system_i/ps/inst/buffer_pl_clk_0.PL_CLK_0_BUFG/O
    X0Y1 (CLOCK_ROOT)    net (fo=8144, routed)        2.131     2.347    system_i/memory_smc/inst/s01_nodes/s01_w_node/inst/inst_mi_handler/gen_normal_area.inst_fifo_node_payld/gen_xpm_memory_fifo.inst_fifo/gen_mem_rep[0].inst_xpm_memory/xpm_memory_base_inst/clka
    SLICE_X4Y59          FDRE                                         r  system_i/memory_smc/inst/s01_nodes/s01_w_node/inst/inst_mi_handler/gen_normal_area.inst_fifo_node_payld/gen_xpm_memory_fifo.inst_fifo/gen_mem_rep[0].inst_xpm_memory/xpm_memory_base_inst/gen_rd_b.gen_rd_b_synth_template.gen_rf_narrow_reg.doutb_reg_reg[38]/C
  -------------------------------------------------------------------    -------------------
    SLICE_X4Y59          FDRE (Prop_FFF2_SLICEM_C_Q)
                                                      0.115     2.462 r  system_i/memory_smc/inst/s01_nodes/s01_w_node/inst/inst_mi_handler/gen_normal_area.inst_fifo_node_payld/gen_xpm_memory_fifo.inst_fifo/gen_mem_rep[0].inst_xpm_memory/xpm_memory_base_inst/gen_rd_b.gen_rd_b_synth_template.gen_rf_narrow_reg.doutb_reg_reg[38]/Q
                         net (fo=1, routed)           0.188     2.650    system_i/memory_smc/inst/switchboards/w_switchboard/inst/gen_mi[0].inst_opipe_payld/s_sc_payld[26]
    SLICE_X3Y60          FDRE                                         r  system_i/memory_smc/inst/switchboards/w_switchboard/inst/gen_mi[0].inst_opipe_payld/gen_pipe[1].pipe_reg[1][38]/D
  -------------------------------------------------------------------    -------------------

                         (clock clk_pl_0 rise edge)
                                                      0.000     0.000 r  
    PS8_X0Y0             PS8                          0.000     0.000 r  system_i/ps/inst/PS8_i/PLCLK[0]
                         net (fo=1, routed)           0.229     0.229    system_i/ps/inst/pl_clk_unbuffered[0]
    BUFG_PS_X0Y80        BUFG_PS (Prop_BUFG_PS_I_O)
                                                      0.038     0.267 r  system_i/ps/inst/buffer_pl_clk_0.PL_CLK_0_BUFG/O
    X0Y1 (CLOCK_ROOT)    net (fo=8144, routed)        2.410     2.677    system_i/memory_smc/inst/switchboards/w_switchboard/inst/gen_mi[0].inst_opipe_payld/aclk
    SLICE_X3Y60          FDRE                                         r  system_i/memory_smc/inst/switchboards/w_switchboard/inst/gen_mi[0].inst_opipe_payld/gen_pipe[1].pipe_reg[1][38]/C
                         clock pessimism             -0.144     2.533    
    SLICE_X3Y60          FDRE (Hold_EFF2_SLICEL_C_D)
                                                      0.102     2.635    system_i/memory_smc/inst/switchboards/w_switchboard/inst/gen_mi[0].inst_opipe_payld/gen_pipe[1].pipe_reg[1][38]
  -------------------------------------------------------------------
                         required time                         -2.635    
                         arrival time                           2.650    
  -------------------------------------------------------------------
                         slack                                  0.015    

Slack (MET) :             0.016ns  (arrival time - required time)
  Source:                 system_i/dma/U0/I_PRMRY_DATAMOVER/GEN_S2MM_FULL.I_S2MM_FULL_WRAPPER/I_ADDR_CNTL/sig_next_addr_reg_reg[4]/C
                            (rising edge-triggered cell FDRE clocked by clk_pl_0  {rise@0.000ns fall@5.000ns period=10.000ns})
  Destination:            system_i/memory_smc/inst/s01_entry_pipeline/s01_mmu/inst/aw_sreg/skid_buffer_reg[1065]/D
                            (rising edge-triggered cell FDRE clocked by clk_pl_0  {rise@0.000ns fall@5.000ns period=10.000ns})
  Path Group:             clk_pl_0
  Path Type:              Hold (Min at Slow Process Corner)
  Requirement:            0.000ns  (clk_pl_0 rise@0.000ns - clk_pl_0 rise@0.000ns)
  Data Path Delay:        0.234ns  (logic 0.112ns (47.863%)  route 0.122ns (52.137%))
  Logic Levels:           0  
  Clock Path Skew:        0.116ns (DCD - SCD - CPR)
    Destination Clock Delay (DCD):    2.640ns
    Source Clock Delay      (SCD):    2.331ns
    Clock Pessimism Removal (CPR):    0.192ns
  Clock Net Delay (Source):      2.115ns (routing 0.955ns, distribution 1.160ns)
  Clock Net Delay (Destination): 2.373ns (routing 1.045ns, distribution 1.328ns)

    Location             Delay type                Incr(ns)  Path(ns)    Netlist Resource(s)
  -------------------------------------------------------------------    -------------------
                         (clock clk_pl_0 rise edge)
                                                      0.000     0.000 r  
    PS8_X0Y0             PS8                          0.000     0.000 r  system_i/ps/inst/PS8_i/PLCLK[0]
                         net (fo=1, routed)           0.181     0.181    system_i/ps/inst/pl_clk_unbuffered[0]
    BUFG_PS_X0Y80        BUFG_PS (Prop_BUFG_PS_I_O)
                                                      0.035     0.216 r  system_i/ps/inst/buffer_pl_clk_0.PL_CLK_0_BUFG/O
    X0Y1 (CLOCK_ROOT)    net (fo=8144, routed)        2.115     2.331    system_i/dma/U0/I_PRMRY_DATAMOVER/GEN_S2MM_FULL.I_S2MM_FULL_WRAPPER/I_ADDR_CNTL/s_axi_lite_aclk
    SLICE_X10Y93         FDRE                                         r  system_i/dma/U0/I_PRMRY_DATAMOVER/GEN_S2MM_FULL.I_S2MM_FULL_WRAPPER/I_ADDR_CNTL/sig_next_addr_reg_reg[4]/C
  -------------------------------------------------------------------    -------------------
    SLICE_X10Y93         FDRE (Prop_EFF_SLICEM_C_Q)
                                                      0.112     2.443 r  system_i/dma/U0/I_PRMRY_DATAMOVER/GEN_S2MM_FULL.I_S2MM_FULL_WRAPPER/I_ADDR_CNTL/sig_next_addr_reg_reg[4]/Q
                         net (fo=2, routed)           0.122     2.565    system_i/memory_smc/inst/s01_entry_pipeline/s01_mmu/inst/aw_sreg/skid_buffer_reg[1129]_0[7]
    SLICE_X8Y93          FDRE                                         r  system_i/memory_smc/inst/s01_entry_pipeline/s01_mmu/inst/aw_sreg/skid_buffer_reg[1065]/D
  -------------------------------------------------------------------    -------------------

                         (clock clk_pl_0 rise edge)
                                                      0.000     0.000 r  
    PS8_X0Y0             PS8                          0.000     0.000 r  system_i/ps/inst/PS8_i/PLCLK[0]
                         net (fo=1, routed)           0.229     0.229    system_i/ps/inst/pl_clk_unbuffered[0]
    BUFG_PS_X0Y80        BUFG_PS (Prop_BUFG_PS_I_O)
                                                      0.038     0.267 r  system_i/ps/inst/buffer_pl_clk_0.PL_CLK_0_BUFG/O
    X0Y1 (CLOCK_ROOT)    net (fo=8144, routed)        2.373     2.640    system_i/memory_smc/inst/s01_entry_pipeline/s01_mmu/inst/aw_sreg/aclk
    SLICE_X8Y93          FDRE                                         r  system_i/memory_smc/inst/s01_entry_pipeline/s01_mmu/inst/aw_sreg/skid_buffer_reg[1065]/C
                         clock pessimism             -0.192     2.447    
    SLICE_X8Y93          FDRE (Hold_EFF2_SLICEM_C_D)
                                                      0.102     2.549    system_i/memory_smc/inst/s01_entry_pipeline/s01_mmu/inst/aw_sreg/skid_buffer_reg[1065]
  -------------------------------------------------------------------
                         required time                         -2.549    
                         arrival time                           2.565    
  -------------------------------------------------------------------
                         slack                                  0.016    

Slack (MET) :             0.016ns  (arrival time - required time)
  Source:                 system_i/dma/U0/I_PRMRY_DATAMOVER/GEN_S2MM_FULL.I_S2MM_FULL_WRAPPER/I_ADDR_CNTL/sig_next_addr_reg_reg[14]/C
                            (rising edge-triggered cell FDRE clocked by clk_pl_0  {rise@0.000ns fall@5.000ns period=10.000ns})
  Destination:            system_i/memory_smc/inst/s01_entry_pipeline/s01_mmu/inst/aw_sreg/skid_buffer_reg[1075]/D
                            (rising edge-triggered cell FDRE clocked by clk_pl_0  {rise@0.000ns fall@5.000ns period=10.000ns})
  Path Group:             clk_pl_0
  Path Type:              Hold (Min at Slow Process Corner)
  Requirement:            0.000ns  (clk_pl_0 rise@0.000ns - clk_pl_0 rise@0.000ns)
  Data Path Delay:        0.235ns  (logic 0.113ns (48.141%)  route 0.122ns (51.859%))
  Logic Levels:           0  
  Clock Path Skew:        0.116ns (DCD - SCD - CPR)
    Destination Clock Delay (DCD):    2.643ns
    Source Clock Delay      (SCD):    2.334ns
    Clock Pessimism Removal (CPR):    0.192ns
  Clock Net Delay (Source):      2.118ns (routing 0.955ns, distribution 1.163ns)
  Clock Net Delay (Destination): 2.376ns (routing 1.045ns, distribution 1.331ns)

    Location             Delay type                Incr(ns)  Path(ns)    Netlist Resource(s)
  -------------------------------------------------------------------    -------------------
                         (clock clk_pl_0 rise edge)
                                                      0.000     0.000 r  
    PS8_X0Y0             PS8                          0.000     0.000 r  system_i/ps/inst/PS8_i/PLCLK[0]
                         net (fo=1, routed)           0.181     0.181    system_i/ps/inst/pl_clk_unbuffered[0]
    BUFG_PS_X0Y80        BUFG_PS (Prop_BUFG_PS_I_O)
                                                      0.035     0.216 r  system_i/ps/inst/buffer_pl_clk_0.PL_CLK_0_BUFG/O
    X0Y1 (CLOCK_ROOT)    net (fo=8144, routed)        2.118     2.334    system_i/dma/U0/I_PRMRY_DATAMOVER/GEN_S2MM_FULL.I_S2MM_FULL_WRAPPER/I_ADDR_CNTL/s_axi_lite_aclk
    SLICE_X10Y95         FDRE                                         r  system_i/dma/U0/I_PRMRY_DATAMOVER/GEN_S2MM_FULL.I_S2MM_FULL_WRAPPER/I_ADDR_CNTL/sig_next_addr_reg_reg[14]/C
  -------------------------------------------------------------------    -------------------
    SLICE_X10Y95         FDRE (Prop_CFF2_SLICEM_C_Q)
                                                      0.113     2.447 r  system_i/dma/U0/I_PRMRY_DATAMOVER/GEN_S2MM_FULL.I_S2MM_FULL_WRAPPER/I_ADDR_CNTL/sig_next_addr_reg_reg[14]/Q
                         net (fo=2, routed)           0.122     2.569    system_i/memory_smc/inst/s01_entry_pipeline/s01_mmu/inst/aw_sreg/skid_buffer_reg[1129]_0[17]
    SLICE_X8Y95          FDRE                                         r  system_i/memory_smc/inst/s01_entry_pipeline/s01_mmu/inst/aw_sreg/skid_buffer_reg[1075]/D
  -------------------------------------------------------------------    -------------------

                         (clock clk_pl_0 rise edge)
                                                      0.000     0.000 r  
    PS8_X0Y0             PS8                          0.000     0.000 r  system_i/ps/inst/PS8_i/PLCLK[0]
                         net (fo=1, routed)           0.229     0.229    system_i/ps/inst/pl_clk_unbuffered[0]
    BUFG_PS_X0Y80        BUFG_PS (Prop_BUFG_PS_I_O)
                                                      0.038     0.267 r  system_i/ps/inst/buffer_pl_clk_0.PL_CLK_0_BUFG/O
    X0Y1 (CLOCK_ROOT)    net (fo=8144, routed)        2.376     2.643    system_i/memory_smc/inst/s01_entry_pipeline/s01_mmu/inst/aw_sreg/aclk
    SLICE_X8Y95          FDRE                                         r  system_i/memory_smc/inst/s01_entry_pipeline/s01_mmu/inst/aw_sreg/skid_buffer_reg[1075]/C
                         clock pessimism             -0.192     2.450    
    SLICE_X8Y95          FDRE (Hold_FFF2_SLICEM_C_D)
                                                      0.102     2.552    system_i/memory_smc/inst/s01_entry_pipeline/s01_mmu/inst/aw_sreg/skid_buffer_reg[1075]
  -------------------------------------------------------------------
                         required time                         -2.552    
                         arrival time                           2.569    
  -------------------------------------------------------------------
                         slack                                  0.016    

Slack (MET) :             0.017ns  (arrival time - required time)
  Source:                 system_i/dma/U0/I_PRMRY_DATAMOVER/GEN_S2MM_FULL.I_S2MM_FULL_WRAPPER/I_ADDR_CNTL/sig_next_addr_reg_reg[29]/C
                            (rising edge-triggered cell FDRE clocked by clk_pl_0  {rise@0.000ns fall@5.000ns period=10.000ns})
  Destination:            system_i/memory_smc/inst/s01_entry_pipeline/s01_mmu/inst/aw_sreg/skid_buffer_reg[1090]/D
                            (rising edge-triggered cell FDRE clocked by clk_pl_0  {rise@0.000ns fall@5.000ns period=10.000ns})
  Path Group:             clk_pl_0
  Path Type:              Hold (Min at Slow Process Corner)
  Requirement:            0.000ns  (clk_pl_0 rise@0.000ns - clk_pl_0 rise@0.000ns)
  Data Path Delay:        0.234ns  (logic 0.115ns (49.145%)  route 0.119ns (50.855%))
  Logic Levels:           0  
  Clock Path Skew:        0.116ns (DCD - SCD - CPR)
    Destination Clock Delay (DCD):    2.642ns
    Source Clock Delay      (SCD):    2.333ns
    Clock Pessimism Removal (CPR):    0.192ns
  Clock Net Delay (Source):      2.117ns (routing 0.955ns, distribution 1.162ns)
  Clock Net Delay (Destination): 2.375ns (routing 1.045ns, distribution 1.330ns)

    Location             Delay type                Incr(ns)  Path(ns)    Netlist Resource(s)
  -------------------------------------------------------------------    -------------------
                         (clock clk_pl_0 rise edge)
                                                      0.000     0.000 r  
    PS8_X0Y0             PS8                          0.000     0.000 r  system_i/ps/inst/PS8_i/PLCLK[0]
                         net (fo=1, routed)           0.181     0.181    system_i/ps/inst/pl_clk_unbuffered[0]
    BUFG_PS_X0Y80        BUFG_PS (Prop_BUFG_PS_I_O)
                                                      0.035     0.216 r  system_i/ps/inst/buffer_pl_clk_0.PL_CLK_0_BUFG/O
    X0Y1 (CLOCK_ROOT)    net (fo=8144, routed)        2.117     2.333    system_i/dma/U0/I_PRMRY_DATAMOVER/GEN_S2MM_FULL.I_S2MM_FULL_WRAPPER/I_ADDR_CNTL/s_axi_lite_aclk
    SLICE_X10Y94         FDRE                                         r  system_i/dma/U0/I_PRMRY_DATAMOVER/GEN_S2MM_FULL.I_S2MM_FULL_WRAPPER/I_ADDR_CNTL/sig_next_addr_reg_reg[29]/C
  -------------------------------------------------------------------    -------------------
    SLICE_X10Y94         FDRE (Prop_DFF2_SLICEM_C_Q)
                                                      0.115     2.448 r  system_i/dma/U0/I_PRMRY_DATAMOVER/GEN_S2MM_FULL.I_S2MM_FULL_WRAPPER/I_ADDR_CNTL/sig_next_addr_reg_reg[29]/Q
                         net (fo=2, routed)           0.119     2.567    system_i/memory_smc/inst/s01_entry_pipeline/s01_mmu/inst/aw_sreg/skid_buffer_reg[1129]_0[32]
    SLICE_X8Y94          FDRE                                         r  system_i/memory_smc/inst/s01_entry_pipeline/s01_mmu/inst/aw_sreg/skid_buffer_reg[1090]/D
  -------------------------------------------------------------------    -------------------

                         (clock clk_pl_0 rise edge)
                                                      0.000     0.000 r  
    PS8_X0Y0             PS8                          0.000     0.000 r  system_i/ps/inst/PS8_i/PLCLK[0]
                         net (fo=1, routed)           0.229     0.229    system_i/ps/inst/pl_clk_unbuffered[0]
    BUFG_PS_X0Y80        BUFG_PS (Prop_BUFG_PS_I_O)
                                                      0.038     0.267 r  system_i/ps/inst/buffer_pl_clk_0.PL_CLK_0_BUFG/O
    X0Y1 (CLOCK_ROOT)    net (fo=8144, routed)        2.375     2.642    system_i/memory_smc/inst/s01_entry_pipeline/s01_mmu/inst/aw_sreg/aclk
    SLICE_X8Y94          FDRE                                         r  system_i/memory_smc/inst/s01_entry_pipeline/s01_mmu/inst/aw_sreg/skid_buffer_reg[1090]/C
                         clock pessimism             -0.192     2.449    
    SLICE_X8Y94          FDRE (Hold_HFF_SLICEM_C_D)
                                                      0.101     2.550    system_i/memory_smc/inst/s01_entry_pipeline/s01_mmu/inst/aw_sreg/skid_buffer_reg[1090]
  -------------------------------------------------------------------
                         required time                         -2.550    
                         arrival time                           2.567    
  -------------------------------------------------------------------
                         slack                                  0.017    

Slack (MET) :             0.017ns  (arrival time - required time)
  Source:                 system_i/memory_smc/inst/switchboards/aw_switchboard/inst/gen_mi[0].inst_opipe_payld/gen_pipe[1].pipe_reg[1][139]/C
                            (rising edge-triggered cell FDRE clocked by clk_pl_0  {rise@0.000ns fall@5.000ns period=10.000ns})
  Destination:            system_i/memory_smc/inst/m00_nodes/m00_aw_node/inst/inst_mi_handler/gen_normal_area.inst_fifo_node_payld/gen_xpm_memory_fifo.inst_fifo/gen_mem_rep[0].inst_xpm_memory/xpm_memory_base_inst/gen_wr_a.gen_word_narrow.mem_reg_0_31_126_139/RAMG_D1/I
                            (rising edge-triggered cell RAMD32 clocked by clk_pl_0  {rise@0.000ns fall@5.000ns period=10.000ns})
  Path Group:             clk_pl_0
  Path Type:              Hold (Min at Slow Process Corner)
  Requirement:            0.000ns  (clk_pl_0 rise@0.000ns - clk_pl_0 rise@0.000ns)
  Data Path Delay:        0.206ns  (logic 0.112ns (54.369%)  route 0.094ns (45.631%))
  Logic Levels:           0  
  Clock Path Skew:        0.109ns (DCD - SCD - CPR)
    Destination Clock Delay (DCD):    2.702ns
    Source Clock Delay      (SCD):    2.342ns
    Clock Pessimism Removal (CPR):    0.251ns
  Clock Net Delay (Source):      2.126ns (routing 0.955ns, distribution 1.171ns)
  Clock Net Delay (Destination): 2.435ns (routing 1.045ns, distribution 1.390ns)

    Location             Delay type                Incr(ns)  Path(ns)    Netlist Resource(s)
  -------------------------------------------------------------------    -------------------
                         (clock clk_pl_0 rise edge)
                                                      0.000     0.000 r  
    PS8_X0Y0             PS8                          0.000     0.000 r  system_i/ps/inst/PS8_i/PLCLK[0]
                         net (fo=1, routed)           0.181     0.181    system_i/ps/inst/pl_clk_unbuffered[0]
    BUFG_PS_X0Y80        BUFG_PS (Prop_BUFG_PS_I_O)
                                                      0.035     0.216 r  system_i/ps/inst/buffer_pl_clk_0.PL_CLK_0_BUFG/O
    X0Y1 (CLOCK_ROOT)    net (fo=8144, routed)        2.126     2.342    system_i/memory_smc/inst/switchboards/aw_switchboard/inst/gen_mi[0].inst_opipe_payld/aclk
    SLICE_X6Y89          FDRE                                         r  system_i/memory_smc/inst/switchboards/aw_switchboard/inst/gen_mi[0].inst_opipe_payld/gen_pipe[1].pipe_reg[1][139]/C
  -------------------------------------------------------------------    -------------------
    SLICE_X6Y89          FDRE (Prop_HFF_SLICEL_C_Q)
                                                      0.112     2.454 r  system_i/memory_smc/inst/switchboards/aw_switchboard/inst/gen_mi[0].inst_opipe_payld/gen_pipe[1].pipe_reg[1][139]/Q
                         net (fo=1, routed)           0.094     2.548    system_i/memory_smc/inst/m00_nodes/m00_aw_node/inst/inst_mi_handler/gen_normal_area.inst_fifo_node_payld/gen_xpm_memory_fifo.inst_fifo/gen_mem_rep[0].inst_xpm_memory/xpm_memory_base_inst/gen_wr_a.gen_word_narrow.mem_reg_0_31_126_139/DIG1
    SLICE_X5Y89          RAMD32                                       r  system_i/memory_smc/inst/m00_nodes/m00_aw_node/inst/inst_mi_handler/gen_normal_area.inst_fifo_node_payld/gen_xpm_memory_fifo.inst_fifo/gen_mem_rep[0].inst_xpm_memory/xpm_memory_base_inst/gen_wr_a.gen_word_narrow.mem_reg_0_31_126_139/RAMG_D1/I
  -------------------------------------------------------------------    -------------------

                         (clock clk_pl_0 rise edge)
                                                      0.000     0.000 r  
    PS8_X0Y0             PS8                          0.000     0.000 r  system_i/ps/inst/PS8_i/PLCLK[0]
                         net (fo=1, routed)           0.229     0.229    system_i/ps/inst/pl_clk_unbuffered[0]
    BUFG_PS_X0Y80        BUFG_PS (Prop_BUFG_PS_I_O)
                                                      0.038     0.267 r  system_i/ps/inst/buffer_pl_clk_0.PL_CLK_0_BUFG/O
    X0Y1 (CLOCK_ROOT)    net (fo=8144, routed)        2.435     2.702    system_i/memory_smc/inst/m00_nodes/m00_aw_node/inst/inst_mi_handler/gen_normal_area.inst_fifo_node_payld/gen_xpm_memory_fifo.inst_fifo/gen_mem_rep[0].inst_xpm_memory/xpm_memory_base_inst/gen_wr_a.gen_word_narrow.mem_reg_0_31_126_139/WCLK
    SLICE_X5Y89          RAMD32                                       r  system_i/memory_smc/inst/m00_nodes/m00_aw_node/inst/inst_mi_handler/gen_normal_area.inst_fifo_node_payld/gen_xpm_memory_fifo.inst_fifo/gen_mem_rep[0].inst_xpm_memory/xpm_memory_base_inst/gen_wr_a.gen_word_narrow.mem_reg_0_31_126_139/RAMG_D1/CLK
                         clock pessimism             -0.251     2.451    
    SLICE_X5Y89          RAMD32 (Hold_G6LUT_SLICEM_CLK_I)
                                                      0.080     2.531    system_i/memory_smc/inst/m00_nodes/m00_aw_node/inst/inst_mi_handler/gen_normal_area.inst_fifo_node_payld/gen_xpm_memory_fifo.inst_fifo/gen_mem_rep[0].inst_xpm_memory/xpm_memory_base_inst/gen_wr_a.gen_word_narrow.mem_reg_0_31_126_139/RAMG_D1
  -------------------------------------------------------------------
                         required time                         -2.531    
                         arrival time                           2.548    
  -------------------------------------------------------------------
                         slack                                  0.017    

Slack (MET) :             0.017ns  (arrival time - required time)
  Source:                 system_i/dma/U0/I_PRMRY_DATAMOVER/GEN_S2MM_FULL.I_S2MM_FULL_WRAPPER/GEN_INCLUDE_REALIGNER.I_S2MM_REALIGNER/GEN_INCLUDE_SCATTER.I_S2MM_SCATTER/I_MSSAI_SKID_BUF/sig_data_reg_out_reg[63]/C
                            (rising edge-triggered cell FDRE clocked by clk_pl_0  {rise@0.000ns fall@5.000ns period=10.000ns})
  Destination:            system_i/dma/U0/I_PRMRY_DATAMOVER/GEN_S2MM_FULL.I_S2MM_FULL_WRAPPER/GEN_ENABLE_INDET_BTT_SF.I_INDET_BTT/I_DATA_FIFO/BLK_MEM.I_SYNC_FIFOGEN_FIFO/xpm_fifo_base_inst/gen_sdpram.xpm_memory_base_inst/gen_wr_a.gen_word_narrow.mem_reg_0/DINBDIN[31]
                            (rising edge-triggered cell RAMB36E2 clocked by clk_pl_0  {rise@0.000ns fall@5.000ns period=10.000ns})
  Path Group:             clk_pl_0
  Path Type:              Hold (Min at Slow Process Corner)
  Requirement:            0.000ns  (clk_pl_0 rise@0.000ns - clk_pl_0 rise@0.000ns)
  Data Path Delay:        0.205ns  (logic 0.112ns (54.634%)  route 0.093ns (45.366%))
  Logic Levels:           0  
  Clock Path Skew:        0.236ns (DCD - SCD - CPR)
    Destination Clock Delay (DCD):    3.008ns
    Source Clock Delay      (SCD):    2.516ns
    Clock Pessimism Removal (CPR):    0.255ns
  Clock Net Delay (Source):      2.300ns (routing 0.955ns, distribution 1.345ns)
  Clock Net Delay (Destination): 2.741ns (routing 1.045ns, distribution 1.696ns)

    Location             Delay type                Incr(ns)  Path(ns)    Netlist Resource(s)
  -------------------------------------------------------------------    -------------------
                         (clock clk_pl_0 rise edge)
                                                      0.000     0.000 r  
    PS8_X0Y0             PS8                          0.000     0.000 r  system_i/ps/inst/PS8_i/PLCLK[0]
                         net (fo=1, routed)           0.181     0.181    system_i/ps/inst/pl_clk_unbuffered[0]
    BUFG_PS_X0Y80        BUFG_PS (Prop_BUFG_PS_I_O)
                                                      0.035     0.216 r  system_i/ps/inst/buffer_pl_clk_0.PL_CLK_0_BUFG/O
    X0Y1 (CLOCK_ROOT)    net (fo=8144, routed)        2.300     2.516    system_i/dma/U0/I_PRMRY_DATAMOVER/GEN_S2MM_FULL.I_S2MM_FULL_WRAPPER/GEN_INCLUDE_REALIGNER.I_S2MM_REALIGNER/GEN_INCLUDE_SCATTER.I_S2MM_SCATTER/I_MSSAI_SKID_BUF/s_axi_lite_aclk
    SLICE_X27Y65         FDRE                                         r  system_i/dma/U0/I_PRMRY_DATAMOVER/GEN_S2MM_FULL.I_S2MM_FULL_WRAPPER/GEN_INCLUDE_REALIGNER.I_S2MM_REALIGNER/GEN_INCLUDE_SCATTER.I_S2MM_SCATTER/I_MSSAI_SKID_BUF/sig_data_reg_out_reg[63]/C
  -------------------------------------------------------------------    -------------------
    SLICE_X27Y65         FDRE (Prop_EFF_SLICEL_C_Q)
                                                      0.112     2.628 r  system_i/dma/U0/I_PRMRY_DATAMOVER/GEN_S2MM_FULL.I_S2MM_FULL_WRAPPER/GEN_INCLUDE_REALIGNER.I_S2MM_REALIGNER/GEN_INCLUDE_SCATTER.I_S2MM_SCATTER/I_MSSAI_SKID_BUF/sig_data_reg_out_reg[63]/Q
                         net (fo=1, routed)           0.093     2.721    system_i/dma/U0/I_PRMRY_DATAMOVER/GEN_S2MM_FULL.I_S2MM_FULL_WRAPPER/GEN_ENABLE_INDET_BTT_SF.I_INDET_BTT/I_DATA_FIFO/BLK_MEM.I_SYNC_FIFOGEN_FIFO/xpm_fifo_base_inst/gen_sdpram.xpm_memory_base_inst/dina[63]
    RAMB36_X0Y12         RAMB36E2                                     r  system_i/dma/U0/I_PRMRY_DATAMOVER/GEN_S2MM_FULL.I_S2MM_FULL_WRAPPER/GEN_ENABLE_INDET_BTT_SF.I_INDET_BTT/I_DATA_FIFO/BLK_MEM.I_SYNC_FIFOGEN_FIFO/xpm_fifo_base_inst/gen_sdpram.xpm_memory_base_inst/gen_wr_a.gen_word_narrow.mem_reg_0/DINBDIN[31]
  -------------------------------------------------------------------    -------------------

                         (clock clk_pl_0 rise edge)
                                                      0.000     0.000 r  
    PS8_X0Y0             PS8                          0.000     0.000 r  system_i/ps/inst/PS8_i/PLCLK[0]
                         net (fo=1, routed)           0.229     0.229    system_i/ps/inst/pl_clk_unbuffered[0]
    BUFG_PS_X0Y80        BUFG_PS (Prop_BUFG_PS_I_O)
                                                      0.038     0.267 r  system_i/ps/inst/buffer_pl_clk_0.PL_CLK_0_BUFG/O
    X0Y1 (CLOCK_ROOT)    net (fo=8144, routed)        2.741     3.008    system_i/dma/U0/I_PRMRY_DATAMOVER/GEN_S2MM_FULL.I_S2MM_FULL_WRAPPER/GEN_ENABLE_INDET_BTT_SF.I_INDET_BTT/I_DATA_FIFO/BLK_MEM.I_SYNC_FIFOGEN_FIFO/xpm_fifo_base_inst/gen_sdpram.xpm_memory_base_inst/clka
    RAMB36_X0Y12         RAMB36E2                                     r  system_i/dma/U0/I_PRMRY_DATAMOVER/GEN_S2MM_FULL.I_S2MM_FULL_WRAPPER/GEN_ENABLE_INDET_BTT_SF.I_INDET_BTT/I_DATA_FIFO/BLK_MEM.I_SYNC_FIFOGEN_FIFO/xpm_fifo_base_inst/gen_sdpram.xpm_memory_base_inst/gen_wr_a.gen_word_narrow.mem_reg_0/CLKBWRCLK
                         clock pessimism             -0.255     2.752    
    RAMB36_X0Y12         RAMB36E2 (Hold_RAMB36E2_RAMB36_CLKBWRCLK_DINBDIN[31])
                                                     -0.048     2.704    system_i/dma/U0/I_PRMRY_DATAMOVER/GEN_S2MM_FULL.I_S2MM_FULL_WRAPPER/GEN_ENABLE_INDET_BTT_SF.I_INDET_BTT/I_DATA_FIFO/BLK_MEM.I_SYNC_FIFOGEN_FIFO/xpm_fifo_base_inst/gen_sdpram.xpm_memory_base_inst/gen_wr_a.gen_word_narrow.mem_reg_0
  -------------------------------------------------------------------
                         required time                         -2.704    
                         arrival time                           2.721    
  -------------------------------------------------------------------
                         slack                                  0.017    

Slack (MET) :             0.017ns  (arrival time - required time)
  Source:                 system_i/memory_smc/inst/s01_nodes/s01_w_node/inst/inst_mi_handler/gen_normal_area.inst_fifo_node_payld/gen_xpm_memory_fifo.inst_fifo/gen_mem_rep[0].inst_xpm_memory/xpm_memory_base_inst/gen_rd_b.gen_rd_b_synth_template.gen_rf_narrow_reg.doutb_reg_reg[128]/C
                            (rising edge-triggered cell FDRE clocked by clk_pl_0  {rise@0.000ns fall@5.000ns period=10.000ns})
  Destination:            system_i/memory_smc/inst/switchboards/w_switchboard/inst/gen_mi[0].inst_opipe_payld/gen_pipe[1].pipe_reg[1][128]/D
                            (rising edge-triggered cell FDRE clocked by clk_pl_0  {rise@0.000ns fall@5.000ns period=10.000ns})
  Path Group:             clk_pl_0
  Path Type:              Hold (Min at Slow Process Corner)
  Requirement:            0.000ns  (clk_pl_0 rise@0.000ns - clk_pl_0 rise@0.000ns)
  Data Path Delay:        0.306ns  (logic 0.114ns (37.255%)  route 0.192ns (62.745%))
  Logic Levels:           0  
  Clock Path Skew:        0.186ns (DCD - SCD - CPR)
    Destination Clock Delay (DCD):    2.677ns
    Source Clock Delay      (SCD):    2.347ns
    Clock Pessimism Removal (CPR):    0.144ns
  Clock Net Delay (Source):      2.131ns (routing 0.955ns, distribution 1.176ns)
  Clock Net Delay (Destination): 2.410ns (routing 1.045ns, distribution 1.365ns)

    Location             Delay type                Incr(ns)  Path(ns)    Netlist Resource(s)
  -------------------------------------------------------------------    -------------------
                         (clock clk_pl_0 rise edge)
                                                      0.000     0.000 r  
    PS8_X0Y0             PS8                          0.000     0.000 r  system_i/ps/inst/PS8_i/PLCLK[0]
                         net (fo=1, routed)           0.181     0.181    system_i/ps/inst/pl_clk_unbuffered[0]
    BUFG_PS_X0Y80        BUFG_PS (Prop_BUFG_PS_I_O)
                                                      0.035     0.216 r  system_i/ps/inst/buffer_pl_clk_0.PL_CLK_0_BUFG/O
    X0Y1 (CLOCK_ROOT)    net (fo=8144, routed)        2.131     2.347    system_i/memory_smc/inst/s01_nodes/s01_w_node/inst/inst_mi_handler/gen_normal_area.inst_fifo_node_payld/gen_xpm_memory_fifo.inst_fifo/gen_mem_rep[0].inst_xpm_memory/xpm_memory_base_inst/clka
    SLICE_X4Y57          FDRE                                         r  system_i/memory_smc/inst/s01_nodes/s01_w_node/inst/inst_mi_handler/gen_normal_area.inst_fifo_node_payld/gen_xpm_memory_fifo.inst_fifo/gen_mem_rep[0].inst_xpm_memory/xpm_memory_base_inst/gen_rd_b.gen_rd_b_synth_template.gen_rf_narrow_reg.doutb_reg_reg[128]/C
  -------------------------------------------------------------------    -------------------
    SLICE_X4Y57          FDRE (Prop_BFF2_SLICEM_C_Q)
                                                      0.114     2.461 r  system_i/memory_smc/inst/s01_nodes/s01_w_node/inst/inst_mi_handler/gen_normal_area.inst_fifo_node_payld/gen_xpm_memory_fifo.inst_fifo/gen_mem_rep[0].inst_xpm_memory/xpm_memory_base_inst/gen_rd_b.gen_rd_b_synth_template.gen_rf_narrow_reg.doutb_reg_reg[128]/Q
                         net (fo=1, routed)           0.192     2.653    system_i/memory_smc/inst/switchboards/w_switchboard/inst/gen_mi[0].inst_opipe_payld/s_sc_payld[116]
    SLICE_X3Y61          FDRE                                         r  system_i/memory_smc/inst/switchboards/w_switchboard/inst/gen_mi[0].inst_opipe_payld/gen_pipe[1].pipe_reg[1][128]/D
  -------------------------------------------------------------------    -------------------

                         (clock clk_pl_0 rise edge)
                                                      0.000     0.000 r  
    PS8_X0Y0             PS8                          0.000     0.000 r  system_i/ps/inst/PS8_i/PLCLK[0]
                         net (fo=1, routed)           0.229     0.229    system_i/ps/inst/pl_clk_unbuffered[0]
    BUFG_PS_X0Y80        BUFG_PS (Prop_BUFG_PS_I_O)
                                                      0.038     0.267 r  system_i/ps/inst/buffer_pl_clk_0.PL_CLK_0_BUFG/O
    X0Y1 (CLOCK_ROOT)    net (fo=8144, routed)        2.410     2.677    system_i/memory_smc/inst/switchboards/w_switchboard/inst/gen_mi[0].inst_opipe_payld/aclk
    SLICE_X3Y61          FDRE                                         r  system_i/memory_smc/inst/switchboards/w_switchboard/inst/gen_mi[0].inst_opipe_payld/gen_pipe[1].pipe_reg[1][128]/C
                         clock pessimism             -0.144     2.533    
    SLICE_X3Y61          FDRE (Hold_FFF2_SLICEL_C_D)
                                                      0.103     2.636    system_i/memory_smc/inst/switchboards/w_switchboard/inst/gen_mi[0].inst_opipe_payld/gen_pipe[1].pipe_reg[1][128]
  -------------------------------------------------------------------
                         required time                         -2.636    
                         arrival time                           2.653    
  -------------------------------------------------------------------
                         slack                                  0.017    

Slack (MET) :             0.018ns  (arrival time - required time)
  Source:                 system_i/memory_smc/inst/s01_entry_pipeline/s01_mmu/inst/w_sreg/m_vector_i_reg[1055]/C
                            (rising edge-triggered cell FDRE clocked by clk_pl_0  {rise@0.000ns fall@5.000ns period=10.000ns})
  Destination:            system_i/memory_smc/inst/s01_nodes/s01_w_node/inst/inst_mi_handler/gen_normal_area.gen_upsizer.inst_upsizer/gen_w_ch.accum_reg[bytes][3][userdata][6]/D
                            (rising edge-triggered cell FDRE clocked by clk_pl_0  {rise@0.000ns fall@5.000ns period=10.000ns})
  Path Group:             clk_pl_0
  Path Type:              Hold (Min at Slow Process Corner)
  Requirement:            0.000ns  (clk_pl_0 rise@0.000ns - clk_pl_0 rise@0.000ns)
  Data Path Delay:        0.256ns  (logic 0.113ns (44.213%)  route 0.143ns (55.787%))
  Logic Levels:           0  
  Clock Path Skew:        0.137ns (DCD - SCD - CPR)
    Destination Clock Delay (DCD):    2.675ns
    Source Clock Delay      (SCD):    2.346ns
    Clock Pessimism Removal (CPR):    0.192ns
  Clock Net Delay (Source):      2.130ns (routing 0.955ns, distribution 1.175ns)
  Clock Net Delay (Destination): 2.408ns (routing 1.045ns, distribution 1.363ns)

    Location             Delay type                Incr(ns)  Path(ns)    Netlist Resource(s)
  -------------------------------------------------------------------    -------------------
                         (clock clk_pl_0 rise edge)
                                                      0.000     0.000 r  
    PS8_X0Y0             PS8                          0.000     0.000 r  system_i/ps/inst/PS8_i/PLCLK[0]
                         net (fo=1, routed)           0.181     0.181    system_i/ps/inst/pl_clk_unbuffered[0]
    BUFG_PS_X0Y80        BUFG_PS (Prop_BUFG_PS_I_O)
                                                      0.035     0.216 r  system_i/ps/inst/buffer_pl_clk_0.PL_CLK_0_BUFG/O
    X0Y1 (CLOCK_ROOT)    net (fo=8144, routed)        2.130     2.346    system_i/memory_smc/inst/s01_entry_pipeline/s01_mmu/inst/w_sreg/aclk
    SLICE_X7Y65          FDRE                                         r  system_i/memory_smc/inst/s01_entry_pipeline/s01_mmu/inst/w_sreg/m_vector_i_reg[1055]/C
  -------------------------------------------------------------------    -------------------
    SLICE_X7Y65          FDRE (Prop_CFF2_SLICEM_C_Q)
                                                      0.113     2.459 r  system_i/memory_smc/inst/s01_entry_pipeline/s01_mmu/inst/w_sreg/m_vector_i_reg[1055]/Q
                         net (fo=2, routed)           0.143     2.602    system_i/memory_smc/inst/s01_nodes/s01_w_node/inst/inst_mi_handler/gen_normal_area.gen_upsizer.inst_upsizer/s_sc_payld[44]
    SLICE_X6Y64          FDRE                                         r  system_i/memory_smc/inst/s01_nodes/s01_w_node/inst/inst_mi_handler/gen_normal_area.gen_upsizer.inst_upsizer/gen_w_ch.accum_reg[bytes][3][userdata][6]/D
  -------------------------------------------------------------------    -------------------

                         (clock clk_pl_0 rise edge)
                                                      0.000     0.000 r  
    PS8_X0Y0             PS8                          0.000     0.000 r  system_i/ps/inst/PS8_i/PLCLK[0]
                         net (fo=1, routed)           0.229     0.229    system_i/ps/inst/pl_clk_unbuffered[0]
    BUFG_PS_X0Y80        BUFG_PS (Prop_BUFG_PS_I_O)
                                                      0.038     0.267 r  system_i/ps/inst/buffer_pl_clk_0.PL_CLK_0_BUFG/O
    X0Y1 (CLOCK_ROOT)    net (fo=8144, routed)        2.408     2.675    system_i/memory_smc/inst/s01_nodes/s01_w_node/inst/inst_mi_handler/gen_normal_area.gen_upsizer.inst_upsizer/s_sc_aclk
    SLICE_X6Y64          FDRE                                         r  system_i/memory_smc/inst/s01_nodes/s01_w_node/inst/inst_mi_handler/gen_normal_area.gen_upsizer.inst_upsizer/gen_w_ch.accum_reg[bytes][3][userdata][6]/C
                         clock pessimism             -0.192     2.483    
    SLICE_X6Y64          FDRE (Hold_GFF_SLICEL_C_D)
                                                      0.101     2.584    system_i/memory_smc/inst/s01_nodes/s01_w_node/inst/inst_mi_handler/gen_normal_area.gen_upsizer.inst_upsizer/gen_w_ch.accum_reg[bytes][3][userdata][6]
  -------------------------------------------------------------------
                         required time                         -2.584    
                         arrival time                           2.602    
  -------------------------------------------------------------------
                         slack                                  0.018    

Slack (MET) :             0.018ns  (arrival time - required time)
  Source:                 system_i/dma/U0/INCLUDE_S2MM_SOF_EOF_GENERATOR.I_S2MM_DMA_MNGR/GEN_S2MM_DMA_CONTROL.GEN_SIMPLE_DMA_MODE.I_S2MM_SMPL_SM/GEN_CMD_BTT_EQL_23.cmnd_data_reg[1]/C
                            (rising edge-triggered cell FDRE clocked by clk_pl_0  {rise@0.000ns fall@5.000ns period=10.000ns})
  Destination:            system_i/dma/U0/I_PRMRY_DATAMOVER/GEN_S2MM_FULL.I_S2MM_FULL_WRAPPER/I_CMD_STATUS/I_CMD_FIFO/USE_SINGLE_REG.sig_regfifo_dout_reg_reg[1]/D
                            (rising edge-triggered cell FDRE clocked by clk_pl_0  {rise@0.000ns fall@5.000ns period=10.000ns})
  Path Group:             clk_pl_0
  Path Type:              Hold (Min at Slow Process Corner)
  Requirement:            0.000ns  (clk_pl_0 rise@0.000ns - clk_pl_0 rise@0.000ns)
  Data Path Delay:        0.212ns  (logic 0.111ns (52.358%)  route 0.101ns (47.641%))
  Logic Levels:           0  
  Clock Path Skew:        0.092ns (DCD - SCD - CPR)
    Destination Clock Delay (DCD):    2.659ns
    Source Clock Delay      (SCD):    2.375ns
    Clock Pessimism Removal (CPR):    0.192ns
  Clock Net Delay (Source):      2.159ns (routing 0.955ns, distribution 1.204ns)
  Clock Net Delay (Destination): 2.392ns (routing 1.045ns, distribution 1.347ns)

    Location             Delay type                Incr(ns)  Path(ns)    Netlist Resource(s)
  -------------------------------------------------------------------    -------------------
                         (clock clk_pl_0 rise edge)
                                                      0.000     0.000 r  
    PS8_X0Y0             PS8                          0.000     0.000 r  system_i/ps/inst/PS8_i/PLCLK[0]
                         net (fo=1, routed)           0.181     0.181    system_i/ps/inst/pl_clk_unbuffered[0]
    BUFG_PS_X0Y80        BUFG_PS (Prop_BUFG_PS_I_O)
                                                      0.035     0.216 r  system_i/ps/inst/buffer_pl_clk_0.PL_CLK_0_BUFG/O
    X0Y1 (CLOCK_ROOT)    net (fo=8144, routed)        2.159     2.375    system_i/dma/U0/INCLUDE_S2MM_SOF_EOF_GENERATOR.I_S2MM_DMA_MNGR/GEN_S2MM_DMA_CONTROL.GEN_SIMPLE_DMA_MODE.I_S2MM_SMPL_SM/s_axi_lite_aclk
    SLICE_X12Y111        FDRE                                         r  system_i/dma/U0/INCLUDE_S2MM_SOF_EOF_GENERATOR.I_S2MM_DMA_MNGR/GEN_S2MM_DMA_CONTROL.GEN_SIMPLE_DMA_MODE.I_S2MM_SMPL_SM/GEN_CMD_BTT_EQL_23.cmnd_data_reg[1]/C
  -------------------------------------------------------------------    -------------------
    SLICE_X12Y111        FDRE (Prop_FFF_SLICEM_C_Q)
                                                      0.111     2.486 r  system_i/dma/U0/INCLUDE_S2MM_SOF_EOF_GENERATOR.I_S2MM_DMA_MNGR/GEN_S2MM_DMA_CONTROL.GEN_SIMPLE_DMA_MODE.I_S2MM_SMPL_SM/GEN_CMD_BTT_EQL_23.cmnd_data_reg[1]/Q
                         net (fo=1, routed)           0.101     2.587    system_i/dma/U0/I_PRMRY_DATAMOVER/GEN_S2MM_FULL.I_S2MM_FULL_WRAPPER/I_CMD_STATUS/I_CMD_FIFO/USE_SINGLE_REG.sig_regfifo_dout_reg_reg[66]_0[1]
    SLICE_X11Y111        FDRE                                         r  system_i/dma/U0/I_PRMRY_DATAMOVER/GEN_S2MM_FULL.I_S2MM_FULL_WRAPPER/I_CMD_STATUS/I_CMD_FIFO/USE_SINGLE_REG.sig_regfifo_dout_reg_reg[1]/D
  -------------------------------------------------------------------    -------------------

                         (clock clk_pl_0 rise edge)
                                                      0.000     0.000 r  
    PS8_X0Y0             PS8                          0.000     0.000 r  system_i/ps/inst/PS8_i/PLCLK[0]
                         net (fo=1, routed)           0.229     0.229    system_i/ps/inst/pl_clk_unbuffered[0]
    BUFG_PS_X0Y80        BUFG_PS (Prop_BUFG_PS_I_O)
                                                      0.038     0.267 r  system_i/ps/inst/buffer_pl_clk_0.PL_CLK_0_BUFG/O
    X0Y1 (CLOCK_ROOT)    net (fo=8144, routed)        2.392     2.659    system_i/dma/U0/I_PRMRY_DATAMOVER/GEN_S2MM_FULL.I_S2MM_FULL_WRAPPER/I_CMD_STATUS/I_CMD_FIFO/s_axi_lite_aclk
    SLICE_X11Y111        FDRE                                         r  system_i/dma/U0/I_PRMRY_DATAMOVER/GEN_S2MM_FULL.I_S2MM_FULL_WRAPPER/I_CMD_STATUS/I_CMD_FIFO/USE_SINGLE_REG.sig_regfifo_dout_reg_reg[1]/C
                         clock pessimism             -0.192     2.467    
    SLICE_X11Y111        FDRE (Hold_EFF2_SLICEL_C_D)
                                                      0.102     2.569    system_i/dma/U0/I_PRMRY_DATAMOVER/GEN_S2MM_FULL.I_S2MM_FULL_WRAPPER/I_CMD_STATUS/I_CMD_FIFO/USE_SINGLE_REG.sig_regfifo_dout_reg_reg[1]
  -------------------------------------------------------------------
                         required time                         -2.569    
                         arrival time                           2.587    
  -------------------------------------------------------------------
                         slack                                  0.018    





Pulse Width Checks
--------------------------------------------------------------------------------------
Clock Name:         clk_pl_0
Waveform(ns):       { 0.000 5.000 }
Period(ns):         10.000
Sources:            { system_i/ps/inst/PS8_i/PLCLK[0] }

Check Type        Corner  Lib Pin             Reference Pin  Required(ns)  Actual(ns)  Slack(ns)  Location      Pin
Min Period        n/a     PS8/MAXIGP0ACLK     n/a            3.000         10.000      7.000      PS8_X0Y0      system_i/ps/inst/PS8_i/MAXIGP0ACLK
Min Period        n/a     PS8/SAXIGP2RCLK     n/a            3.000         10.000      7.000      PS8_X0Y0      system_i/ps/inst/PS8_i/SAXIGP2RCLK
Min Period        n/a     PS8/SAXIGP2WCLK     n/a            3.000         10.000      7.000      PS8_X0Y0      system_i/ps/inst/PS8_i/SAXIGP2WCLK
Min Period        n/a     RAMB36E2/CLKARDCLK  n/a            1.709         10.000      8.291      RAMB36_X0Y14  system_i/dma/U0/I_PRMRY_DATAMOVER/GEN_MM2S_FULL.I_MM2S_FULL_WRAPPER/GEN_INCLUDE_MM2S_SF.I_RD_SF/I_DATA_FIFO/BLK_MEM.I_SYNC_FIFOGEN_FIFO/xpm_fifo_base_inst/gen_sdpram.xpm_memory_base_inst/gen_wr_a.gen_word_narrow.mem_reg_0/CLKARDCLK
Min Period        n/a     RAMB36E2/CLKBWRCLK  n/a            1.709         10.000      8.291      RAMB36_X0Y14  system_i/dma/U0/I_PRMRY_DATAMOVER/GEN_MM2S_FULL.I_MM2S_FULL_WRAPPER/GEN_INCLUDE_MM2S_SF.I_RD_SF/I_DATA_FIFO/BLK_MEM.I_SYNC_FIFOGEN_FIFO/xpm_fifo_base_inst/gen_sdpram.xpm_memory_base_inst/gen_wr_a.gen_word_narrow.mem_reg_0/CLKBWRCLK
Min Period        n/a     RAMB18E2/CLKARDCLK  n/a            1.709         10.000      8.291      RAMB18_X0Y30  system_i/dma/U0/I_PRMRY_DATAMOVER/GEN_MM2S_FULL.I_MM2S_FULL_WRAPPER/GEN_INCLUDE_MM2S_SF.I_RD_SF/I_DATA_FIFO/BLK_MEM.I_SYNC_FIFOGEN_FIFO/xpm_fifo_base_inst/gen_sdpram.xpm_memory_base_inst/gen_wr_a.gen_word_narrow.mem_reg_1/CLKARDCLK
Min Period        n/a     RAMB18E2/CLKBWRCLK  n/a            1.709         10.000      8.291      RAMB18_X0Y30  system_i/dma/U0/I_PRMRY_DATAMOVER/GEN_MM2S_FULL.I_MM2S_FULL_WRAPPER/GEN_INCLUDE_MM2S_SF.I_RD_SF/I_DATA_FIFO/BLK_MEM.I_SYNC_FIFOGEN_FIFO/xpm_fifo_base_inst/gen_sdpram.xpm_memory_base_inst/gen_wr_a.gen_word_narrow.mem_reg_1/CLKBWRCLK
Min Period        n/a     RAMB36E2/CLKARDCLK  n/a            1.709         10.000      8.291      RAMB36_X0Y12  system_i/dma/U0/I_PRMRY_DATAMOVER/GEN_S2MM_FULL.I_S2MM_FULL_WRAPPER/GEN_ENABLE_INDET_BTT_SF.I_INDET_BTT/I_DATA_FIFO/BLK_MEM.I_SYNC_FIFOGEN_FIFO/xpm_fifo_base_inst/gen_sdpram.xpm_memory_base_inst/gen_wr_a.gen_word_narrow.mem_reg_0/CLKARDCLK
Min Period        n/a     RAMB36E2/CLKBWRCLK  n/a            1.709         10.000      8.291      RAMB36_X0Y12  system_i/dma/U0/I_PRMRY_DATAMOVER/GEN_S2MM_FULL.I_S2MM_FULL_WRAPPER/GEN_ENABLE_INDET_BTT_SF.I_INDET_BTT/I_DATA_FIFO/BLK_MEM.I_SYNC_FIFOGEN_FIFO/xpm_fifo_base_inst/gen_sdpram.xpm_memory_base_inst/gen_wr_a.gen_word_narrow.mem_reg_0/CLKBWRCLK
Min Period        n/a     RAMB18E2/CLKARDCLK  n/a            1.709         10.000      8.291      RAMB18_X0Y22  system_i/dma/U0/I_PRMRY_DATAMOVER/GEN_S2MM_FULL.I_S2MM_FULL_WRAPPER/GEN_ENABLE_INDET_BTT_SF.I_INDET_BTT/I_DATA_FIFO/BLK_MEM.I_SYNC_FIFOGEN_FIFO/xpm_fifo_base_inst/gen_sdpram.xpm_memory_base_inst/gen_wr_a.gen_word_narrow.mem_reg_1/CLKARDCLK
Min Period        n/a     RAMB18E2/CLKBWRCLK  n/a            1.709         10.000      8.291      RAMB18_X0Y22  system_i/dma/U0/I_PRMRY_DATAMOVER/GEN_S2MM_FULL.I_S2MM_FULL_WRAPPER/GEN_ENABLE_INDET_BTT_SF.I_INDET_BTT/I_DATA_FIFO/BLK_MEM.I_SYNC_FIFOGEN_FIFO/xpm_fifo_base_inst/gen_sdpram.xpm_memory_base_inst/gen_wr_a.gen_word_narrow.mem_reg_1/CLKBWRCLK
Min Period        n/a     SRL16E/CLK          n/a            1.524         10.000      8.476      SLICE_X4Y122  system_i/control_smc/inst/clk_map/psr_aclk/U0/EXT_LPF/POR_SRL_I/CLK
Min Period        n/a     SRL16E/CLK          n/a            1.524         10.000      8.476      SLICE_X5Y99   system_i/dma/U0/I_PRMRY_DATAMOVER/GEN_MM2S_FULL.I_MM2S_FULL_WRAPPER/I_ADDR_CNTL/GEN_ADDR_FIFO.I_ADDR_QUAL_FIFO/USE_SRL_FIFO.I_SYNC_FIFO/data_reg[3][11]_srl4/CLK
Min Period        n/a     SRL16E/CLK          n/a            1.524         10.000      8.476      SLICE_X5Y99   system_i/dma/U0/I_PRMRY_DATAMOVER/GEN_MM2S_FULL.I_MM2S_FULL_WRAPPER/I_ADDR_CNTL/GEN_ADDR_FIFO.I_ADDR_QUAL_FIFO/USE_SRL_FIFO.I_SYNC_FIFO/data_reg[3][13]_srl4/CLK
Min Period        n/a     SRL16E/CLK          n/a            1.524         10.000      8.476      SLICE_X5Y99   system_i/dma/U0/I_PRMRY_DATAMOVER/GEN_MM2S_FULL.I_MM2S_FULL_WRAPPER/I_ADDR_CNTL/GEN_ADDR_FIFO.I_ADDR_QUAL_FIFO/USE_SRL_FIFO.I_SYNC_FIFO/data_reg[3][14]_srl4/CLK
Min Period        n/a     SRL16E/CLK          n/a            1.524         10.000      8.476      SLICE_X5Y99   system_i/dma/U0/I_PRMRY_DATAMOVER/GEN_MM2S_FULL.I_MM2S_FULL_WRAPPER/I_ADDR_CNTL/GEN_ADDR_FIFO.I_ADDR_QUAL_FIFO/USE_SRL_FIFO.I_SYNC_FIFO/data_reg[3][19]_srl4/CLK
Min Period        n/a     SRL16E/CLK          n/a            1.524         10.000      8.476      SLICE_X5Y99   system_i/dma/U0/I_PRMRY_DATAMOVER/GEN_MM2S_FULL.I_MM2S_FULL_WRAPPER/I_ADDR_CNTL/GEN_ADDR_FIFO.I_ADDR_QUAL_FIFO/USE_SRL_FIFO.I_SYNC_FIFO/data_reg[3][20]_srl4/CLK
Min Period        n/a     SRL16E/CLK          n/a            1.524         10.000      8.476      SLICE_X5Y99   system_i/dma/U0/I_PRMRY_DATAMOVER/GEN_MM2S_FULL.I_MM2S_FULL_WRAPPER/I_ADDR_CNTL/GEN_ADDR_FIFO.I_ADDR_QUAL_FIFO/USE_SRL_FIFO.I_SYNC_FIFO/data_reg[3][21]_srl4/CLK
Min Period        n/a     SRL16E/CLK          n/a            1.524         10.000      8.476      SLICE_X5Y99   system_i/dma/U0/I_PRMRY_DATAMOVER/GEN_MM2S_FULL.I_MM2S_FULL_WRAPPER/I_ADDR_CNTL/GEN_ADDR_FIFO.I_ADDR_QUAL_FIFO/USE_SRL_FIFO.I_SYNC_FIFO/data_reg[3][22]_srl4/CLK
Min Period        n/a     SRL16E/CLK          n/a            1.524         10.000      8.476      SLICE_X5Y99   system_i/dma/U0/I_PRMRY_DATAMOVER/GEN_MM2S_FULL.I_MM2S_FULL_WRAPPER/I_ADDR_CNTL/GEN_ADDR_FIFO.I_ADDR_QUAL_FIFO/USE_SRL_FIFO.I_SYNC_FIFO/data_reg[3][23]_srl4/CLK
Low Pulse Width   Slow    PS8/MAXIGP0ACLK     n/a            1.500         5.000       3.500      PS8_X0Y0      system_i/ps/inst/PS8_i/MAXIGP0ACLK
Low Pulse Width   Fast    PS8/MAXIGP0ACLK     n/a            1.500         5.000       3.500      PS8_X0Y0      system_i/ps/inst/PS8_i/MAXIGP0ACLK
Low Pulse Width   Slow    PS8/SAXIGP2RCLK     n/a            1.500         5.000       3.500      PS8_X0Y0      system_i/ps/inst/PS8_i/SAXIGP2RCLK
Low Pulse Width   Fast    PS8/SAXIGP2RCLK     n/a            1.500         5.000       3.500      PS8_X0Y0      system_i/ps/inst/PS8_i/SAXIGP2RCLK
Low Pulse Width   Slow    PS8/SAXIGP2WCLK     n/a            1.500         5.000       3.500      PS8_X0Y0      system_i/ps/inst/PS8_i/SAXIGP2WCLK
Low Pulse Width   Fast    PS8/SAXIGP2WCLK     n/a            1.500         5.000       3.500      PS8_X0Y0      system_i/ps/inst/PS8_i/SAXIGP2WCLK
Low Pulse Width   Slow    SRL16E/CLK          n/a            0.762         5.000       4.238      SLICE_X4Y122  system_i/control_smc/inst/clk_map/psr_aclk/U0/EXT_LPF/POR_SRL_I/CLK
Low Pulse Width   Fast    SRL16E/CLK          n/a            0.762         5.000       4.238      SLICE_X4Y122  system_i/control_smc/inst/clk_map/psr_aclk/U0/EXT_LPF/POR_SRL_I/CLK
Low Pulse Width   Slow    SRL16E/CLK          n/a            0.762         5.000       4.238      SLICE_X5Y99   system_i/dma/U0/I_PRMRY_DATAMOVER/GEN_MM2S_FULL.I_MM2S_FULL_WRAPPER/I_ADDR_CNTL/GEN_ADDR_FIFO.I_ADDR_QUAL_FIFO/USE_SRL_FIFO.I_SYNC_FIFO/data_reg[3][11]_srl4/CLK
Low Pulse Width   Fast    SRL16E/CLK          n/a            0.762         5.000       4.238      SLICE_X5Y99   system_i/dma/U0/I_PRMRY_DATAMOVER/GEN_MM2S_FULL.I_MM2S_FULL_WRAPPER/I_ADDR_CNTL/GEN_ADDR_FIFO.I_ADDR_QUAL_FIFO/USE_SRL_FIFO.I_SYNC_FIFO/data_reg[3][11]_srl4/CLK
Low Pulse Width   Slow    SRL16E/CLK          n/a            0.762         5.000       4.238      SLICE_X5Y99   system_i/dma/U0/I_PRMRY_DATAMOVER/GEN_MM2S_FULL.I_MM2S_FULL_WRAPPER/I_ADDR_CNTL/GEN_ADDR_FIFO.I_ADDR_QUAL_FIFO/USE_SRL_FIFO.I_SYNC_FIFO/data_reg[3][13]_srl4/CLK
Low Pulse Width   Fast    SRL16E/CLK          n/a            0.762         5.000       4.238      SLICE_X5Y99   system_i/dma/U0/I_PRMRY_DATAMOVER/GEN_MM2S_FULL.I_MM2S_FULL_WRAPPER/I_ADDR_CNTL/GEN_ADDR_FIFO.I_ADDR_QUAL_FIFO/USE_SRL_FIFO.I_SYNC_FIFO/data_reg[3][13]_srl4/CLK
Low Pulse Width   Slow    SRL16E/CLK          n/a            0.762         5.000       4.238      SLICE_X5Y99   system_i/dma/U0/I_PRMRY_DATAMOVER/GEN_MM2S_FULL.I_MM2S_FULL_WRAPPER/I_ADDR_CNTL/GEN_ADDR_FIFO.I_ADDR_QUAL_FIFO/USE_SRL_FIFO.I_SYNC_FIFO/data_reg[3][14]_srl4/CLK
Low Pulse Width   Fast    SRL16E/CLK          n/a            0.762         5.000       4.238      SLICE_X5Y99   system_i/dma/U0/I_PRMRY_DATAMOVER/GEN_MM2S_FULL.I_MM2S_FULL_WRAPPER/I_ADDR_CNTL/GEN_ADDR_FIFO.I_ADDR_QUAL_FIFO/USE_SRL_FIFO.I_SYNC_FIFO/data_reg[3][14]_srl4/CLK
Low Pulse Width   Slow    SRL16E/CLK          n/a            0.762         5.000       4.238      SLICE_X5Y99   system_i/dma/U0/I_PRMRY_DATAMOVER/GEN_MM2S_FULL.I_MM2S_FULL_WRAPPER/I_ADDR_CNTL/GEN_ADDR_FIFO.I_ADDR_QUAL_FIFO/USE_SRL_FIFO.I_SYNC_FIFO/data_reg[3][19]_srl4/CLK
Low Pulse Width   Fast    SRL16E/CLK          n/a            0.762         5.000       4.238      SLICE_X5Y99   system_i/dma/U0/I_PRMRY_DATAMOVER/GEN_MM2S_FULL.I_MM2S_FULL_WRAPPER/I_ADDR_CNTL/GEN_ADDR_FIFO.I_ADDR_QUAL_FIFO/USE_SRL_FIFO.I_SYNC_FIFO/data_reg[3][19]_srl4/CLK
Low Pulse Width   Slow    SRL16E/CLK          n/a            0.762         5.000       4.238      SLICE_X5Y99   system_i/dma/U0/I_PRMRY_DATAMOVER/GEN_MM2S_FULL.I_MM2S_FULL_WRAPPER/I_ADDR_CNTL/GEN_ADDR_FIFO.I_ADDR_QUAL_FIFO/USE_SRL_FIFO.I_SYNC_FIFO/data_reg[3][20]_srl4/CLK
Low Pulse Width   Fast    SRL16E/CLK          n/a            0.762         5.000       4.238      SLICE_X5Y99   system_i/dma/U0/I_PRMRY_DATAMOVER/GEN_MM2S_FULL.I_MM2S_FULL_WRAPPER/I_ADDR_CNTL/GEN_ADDR_FIFO.I_ADDR_QUAL_FIFO/USE_SRL_FIFO.I_SYNC_FIFO/data_reg[3][20]_srl4/CLK
Low Pulse Width   Slow    SRL16E/CLK          n/a            0.762         5.000       4.238      SLICE_X5Y99   system_i/dma/U0/I_PRMRY_DATAMOVER/GEN_MM2S_FULL.I_MM2S_FULL_WRAPPER/I_ADDR_CNTL/GEN_ADDR_FIFO.I_ADDR_QUAL_FIFO/USE_SRL_FIFO.I_SYNC_FIFO/data_reg[3][21]_srl4/CLK
Low Pulse Width   Fast    SRL16E/CLK          n/a            0.762         5.000       4.238      SLICE_X5Y99   system_i/dma/U0/I_PRMRY_DATAMOVER/GEN_MM2S_FULL.I_MM2S_FULL_WRAPPER/I_ADDR_CNTL/GEN_ADDR_FIFO.I_ADDR_QUAL_FIFO/USE_SRL_FIFO.I_SYNC_FIFO/data_reg[3][21]_srl4/CLK
High Pulse Width  Slow    PS8/MAXIGP0ACLK     n/a            1.500         5.000       3.500      PS8_X0Y0      system_i/ps/inst/PS8_i/MAXIGP0ACLK
High Pulse Width  Fast    PS8/MAXIGP0ACLK     n/a            1.500         5.000       3.500      PS8_X0Y0      system_i/ps/inst/PS8_i/MAXIGP0ACLK
High Pulse Width  Slow    PS8/SAXIGP2RCLK     n/a            1.500         5.000       3.500      PS8_X0Y0      system_i/ps/inst/PS8_i/SAXIGP2RCLK
High Pulse Width  Fast    PS8/SAXIGP2RCLK     n/a            1.500         5.000       3.500      PS8_X0Y0      system_i/ps/inst/PS8_i/SAXIGP2RCLK
High Pulse Width  Slow    PS8/SAXIGP2WCLK     n/a            1.500         5.000       3.500      PS8_X0Y0      system_i/ps/inst/PS8_i/SAXIGP2WCLK
High Pulse Width  Fast    PS8/SAXIGP2WCLK     n/a            1.500         5.000       3.500      PS8_X0Y0      system_i/ps/inst/PS8_i/SAXIGP2WCLK
High Pulse Width  Slow    SRL16E/CLK          n/a            0.762         5.000       4.238      SLICE_X4Y122  system_i/control_smc/inst/clk_map/psr_aclk/U0/EXT_LPF/POR_SRL_I/CLK
High Pulse Width  Fast    SRL16E/CLK          n/a            0.762         5.000       4.238      SLICE_X4Y122  system_i/control_smc/inst/clk_map/psr_aclk/U0/EXT_LPF/POR_SRL_I/CLK
High Pulse Width  Slow    SRL16E/CLK          n/a            0.762         5.000       4.238      SLICE_X5Y99   system_i/dma/U0/I_PRMRY_DATAMOVER/GEN_MM2S_FULL.I_MM2S_FULL_WRAPPER/I_ADDR_CNTL/GEN_ADDR_FIFO.I_ADDR_QUAL_FIFO/USE_SRL_FIFO.I_SYNC_FIFO/data_reg[3][11]_srl4/CLK
High Pulse Width  Fast    SRL16E/CLK          n/a            0.762         5.000       4.238      SLICE_X5Y99   system_i/dma/U0/I_PRMRY_DATAMOVER/GEN_MM2S_FULL.I_MM2S_FULL_WRAPPER/I_ADDR_CNTL/GEN_ADDR_FIFO.I_ADDR_QUAL_FIFO/USE_SRL_FIFO.I_SYNC_FIFO/data_reg[3][11]_srl4/CLK
High Pulse Width  Slow    SRL16E/CLK          n/a            0.762         5.000       4.238      SLICE_X5Y99   system_i/dma/U0/I_PRMRY_DATAMOVER/GEN_MM2S_FULL.I_MM2S_FULL_WRAPPER/I_ADDR_CNTL/GEN_ADDR_FIFO.I_ADDR_QUAL_FIFO/USE_SRL_FIFO.I_SYNC_FIFO/data_reg[3][13]_srl4/CLK
High Pulse Width  Fast    SRL16E/CLK          n/a            0.762         5.000       4.238      SLICE_X5Y99   system_i/dma/U0/I_PRMRY_DATAMOVER/GEN_MM2S_FULL.I_MM2S_FULL_WRAPPER/I_ADDR_CNTL/GEN_ADDR_FIFO.I_ADDR_QUAL_FIFO/USE_SRL_FIFO.I_SYNC_FIFO/data_reg[3][13]_srl4/CLK
High Pulse Width  Slow    SRL16E/CLK          n/a            0.762         5.000       4.238      SLICE_X5Y99   system_i/dma/U0/I_PRMRY_DATAMOVER/GEN_MM2S_FULL.I_MM2S_FULL_WRAPPER/I_ADDR_CNTL/GEN_ADDR_FIFO.I_ADDR_QUAL_FIFO/USE_SRL_FIFO.I_SYNC_FIFO/data_reg[3][14]_srl4/CLK
High Pulse Width  Fast    SRL16E/CLK          n/a            0.762         5.000       4.238      SLICE_X5Y99   system_i/dma/U0/I_PRMRY_DATAMOVER/GEN_MM2S_FULL.I_MM2S_FULL_WRAPPER/I_ADDR_CNTL/GEN_ADDR_FIFO.I_ADDR_QUAL_FIFO/USE_SRL_FIFO.I_SYNC_FIFO/data_reg[3][14]_srl4/CLK
High Pulse Width  Slow    SRL16E/CLK          n/a            0.762         5.000       4.238      SLICE_X5Y99   system_i/dma/U0/I_PRMRY_DATAMOVER/GEN_MM2S_FULL.I_MM2S_FULL_WRAPPER/I_ADDR_CNTL/GEN_ADDR_FIFO.I_ADDR_QUAL_FIFO/USE_SRL_FIFO.I_SYNC_FIFO/data_reg[3][19]_srl4/CLK
High Pulse Width  Fast    SRL16E/CLK          n/a            0.762         5.000       4.238      SLICE_X5Y99   system_i/dma/U0/I_PRMRY_DATAMOVER/GEN_MM2S_FULL.I_MM2S_FULL_WRAPPER/I_ADDR_CNTL/GEN_ADDR_FIFO.I_ADDR_QUAL_FIFO/USE_SRL_FIFO.I_SYNC_FIFO/data_reg[3][19]_srl4/CLK
High Pulse Width  Slow    SRL16E/CLK          n/a            0.762         5.000       4.238      SLICE_X5Y99   system_i/dma/U0/I_PRMRY_DATAMOVER/GEN_MM2S_FULL.I_MM2S_FULL_WRAPPER/I_ADDR_CNTL/GEN_ADDR_FIFO.I_ADDR_QUAL_FIFO/USE_SRL_FIFO.I_SYNC_FIFO/data_reg[3][20]_srl4/CLK
High Pulse Width  Fast    SRL16E/CLK          n/a            0.762         5.000       4.238      SLICE_X5Y99   system_i/dma/U0/I_PRMRY_DATAMOVER/GEN_MM2S_FULL.I_MM2S_FULL_WRAPPER/I_ADDR_CNTL/GEN_ADDR_FIFO.I_ADDR_QUAL_FIFO/USE_SRL_FIFO.I_SYNC_FIFO/data_reg[3][20]_srl4/CLK
High Pulse Width  Slow    SRL16E/CLK          n/a            0.762         5.000       4.238      SLICE_X5Y99   system_i/dma/U0/I_PRMRY_DATAMOVER/GEN_MM2S_FULL.I_MM2S_FULL_WRAPPER/I_ADDR_CNTL/GEN_ADDR_FIFO.I_ADDR_QUAL_FIFO/USE_SRL_FIFO.I_SYNC_FIFO/data_reg[3][21]_srl4/CLK
High Pulse Width  Fast    SRL16E/CLK          n/a            0.762         5.000       4.238      SLICE_X5Y99   system_i/dma/U0/I_PRMRY_DATAMOVER/GEN_MM2S_FULL.I_MM2S_FULL_WRAPPER/I_ADDR_CNTL/GEN_ADDR_FIFO.I_ADDR_QUAL_FIFO/USE_SRL_FIFO.I_SYNC_FIFO/data_reg[3][21]_srl4/CLK



--------------------------------------------------------------------------------------
Path Group:  (none)
From Clock:  
  To Clock:  clk_pl_0

Max Delay             1 Endpoint
Min Delay             1 Endpoint
--------------------------------------------------------------------------------------


Max Delay Paths
--------------------------------------------------------------------------------------
Slack:                    inf
  Source:                 system_i/ps/inst/PS8_i/EMIOGPIOO[95]
                            (internal pin)
  Destination:            system_i/reset_100m/U0/EXT_LPF/ACTIVE_LOW_EXT.ACT_LO_EXT/syncstages_ff_reg[0]/D
                            (rising edge-triggered cell FDRE clocked by clk_pl_0  {rise@0.000ns fall@5.000ns period=10.000ns})
  Path Group:             (none)
  Path Type:              Setup (Max at Slow Process Corner)
  Data Path Delay:        2.149ns  (logic 0.228ns (10.610%)  route 1.921ns (89.390%))
  Logic Levels:           1  (LUT1=1)
  Clock Uncertainty:      0.158ns  ((TSJ^2 + DJ^2)^1/2) / 2 + PE
    Total System Jitter     (TSJ):    0.050ns
    Discrete Jitter          (DJ):    0.312ns
    Phase Error              (PE):    0.000ns
  Clock Net Delay (Destination): 2.177ns (routing 0.955ns, distribution 1.222ns)
  Timing Exception:       False Path

    Location             Delay type                Incr(ns)  Path(ns)    Netlist Resource(s)
  -------------------------------------------------------------------    -------------------
    PS8_X0Y0             PS8                          0.000     0.000 f  system_i/ps/inst/PS8_i/EMIOGPIOO[95]
                         net (fo=1, routed)           1.554     1.554    system_i/reset_100m/U0/EXT_LPF/ext_reset_in
    SLICE_X4Y121         LUT1 (Prop_H6LUT_SLICEM_I0_O)
                                                      0.228     1.782 r  system_i/reset_100m/U0/EXT_LPF/ACTIVE_LOW_EXT.ACT_LO_EXT_i_1/O
                         net (fo=1, routed)           0.367     2.149    system_i/reset_100m/U0/EXT_LPF/ACTIVE_LOW_EXT.ACT_LO_EXT/src_in
    SLICE_X4Y121         FDRE                                         r  system_i/reset_100m/U0/EXT_LPF/ACTIVE_LOW_EXT.ACT_LO_EXT/syncstages_ff_reg[0]/D
  -------------------------------------------------------------------    -------------------

                         (clock clk_pl_0 rise edge)
                                                      0.000     0.000 r  
    PS8_X0Y0             PS8                          0.000     0.000 r  system_i/ps/inst/PS8_i/PLCLK[0]
                         net (fo=1, routed)           0.181     0.181    system_i/ps/inst/pl_clk_unbuffered[0]
    BUFG_PS_X0Y80        BUFG_PS (Prop_BUFG_PS_I_O)
                                                      0.035     0.216 r  system_i/ps/inst/buffer_pl_clk_0.PL_CLK_0_BUFG/O
    X0Y1 (CLOCK_ROOT)    net (fo=8144, routed)        2.177     2.393    system_i/reset_100m/U0/EXT_LPF/ACTIVE_LOW_EXT.ACT_LO_EXT/dest_clk
    SLICE_X4Y121         FDRE                                         r  system_i/reset_100m/U0/EXT_LPF/ACTIVE_LOW_EXT.ACT_LO_EXT/syncstages_ff_reg[0]/C





Min Delay Paths
--------------------------------------------------------------------------------------
Slack:                    inf
  Source:                 system_i/ps/inst/PS8_i/EMIOGPIOO[95]
                            (internal pin)
  Destination:            system_i/reset_100m/U0/EXT_LPF/ACTIVE_LOW_EXT.ACT_LO_EXT/syncstages_ff_reg[0]/D
                            (rising edge-triggered cell FDRE clocked by clk_pl_0  {rise@0.000ns fall@5.000ns period=10.000ns})
  Path Group:             (none)
  Path Type:              Hold (Min at Fast Process Corner)
  Data Path Delay:        0.867ns  (logic 0.106ns (12.226%)  route 0.761ns (87.774%))
  Logic Levels:           1  (LUT1=1)
  Clock Uncertainty:      0.158ns  ((TSJ^2 + DJ^2)^1/2) / 2 + PE
    Total System Jitter     (TSJ):    0.050ns
    Discrete Jitter          (DJ):    0.312ns
    Phase Error              (PE):    0.000ns
  Clock Net Delay (Destination): 1.441ns (routing 0.623ns, distribution 0.818ns)
  Timing Exception:       False Path

    Location             Delay type                Incr(ns)  Path(ns)    Netlist Resource(s)
  -------------------------------------------------------------------    -------------------
    PS8_X0Y0             PS8                          0.000     0.000 f  system_i/ps/inst/PS8_i/EMIOGPIOO[95]
                         net (fo=1, routed)           0.645     0.645    system_i/reset_100m/U0/EXT_LPF/ext_reset_in
    SLICE_X4Y121         LUT1 (Prop_H6LUT_SLICEM_I0_O)
                                                      0.106     0.751 r  system_i/reset_100m/U0/EXT_LPF/ACTIVE_LOW_EXT.ACT_LO_EXT_i_1/O
                         net (fo=1, routed)           0.116     0.867    system_i/reset_100m/U0/EXT_LPF/ACTIVE_LOW_EXT.ACT_LO_EXT/src_in
    SLICE_X4Y121         FDRE                                         r  system_i/reset_100m/U0/EXT_LPF/ACTIVE_LOW_EXT.ACT_LO_EXT/syncstages_ff_reg[0]/D
  -------------------------------------------------------------------    -------------------

                         (clock clk_pl_0 rise edge)
                                                      0.000     0.000 r  
    PS8_X0Y0             PS8                          0.000     0.000 r  system_i/ps/inst/PS8_i/PLCLK[0]
                         net (fo=1, routed)           0.164     0.164    system_i/ps/inst/pl_clk_unbuffered[0]
    BUFG_PS_X0Y80        BUFG_PS (Prop_BUFG_PS_I_O)
                                                      0.023     0.187 r  system_i/ps/inst/buffer_pl_clk_0.PL_CLK_0_BUFG/O
    X0Y1 (CLOCK_ROOT)    net (fo=8144, routed)        1.441     1.628    system_i/reset_100m/U0/EXT_LPF/ACTIVE_LOW_EXT.ACT_LO_EXT/dest_clk
    SLICE_X4Y121         FDRE                                         r  system_i/reset_100m/U0/EXT_LPF/ACTIVE_LOW_EXT.ACT_LO_EXT/syncstages_ff_reg[0]/C





--------------------------------------------------------------------------------------
Path Group:  (none)
From Clock:  clk_pl_0
  To Clock:  clk_pl_0

Max Delay            76 Endpoints
Min Delay            76 Endpoints
--------------------------------------------------------------------------------------


Max Delay Paths
--------------------------------------------------------------------------------------
Slack:                    inf
  Source:                 system_i/memory_smc/inst/clk_map/psr_aclk/U0/ACTIVE_LOW_BSR_OUT_DFF[0].FDRE_BSR_N/C
                            (rising edge-triggered cell FDRE clocked by clk_pl_0  {rise@0.000ns fall@5.000ns period=10.000ns})
  Destination:            system_i/memory_smc/inst/m00_nodes/m00_r_node/inst/s_sc_xpm_cdc_async_rst_inst/arststages_ff_reg[0]/CLR
                            (recovery check against rising-edge clock clk_pl_0  {rise@0.000ns fall@5.000ns period=10.000ns})
  Path Group:             (none)
  Path Type:              Recovery (Max at Slow Process Corner)
  Data Path Delay:        1.749ns  (logic 0.114ns (6.520%)  route 1.635ns (93.480%))
  Logic Levels:           0  
  Clock Path Skew:        -0.267ns (DCD - SCD + CPR)
    Destination Clock Delay (DCD):    2.356ns
    Source Clock Delay      (SCD):    2.623ns
    Clock Pessimism Removal (CPR):    0.000ns
  Clock Uncertainty:      0.160ns  ((TSJ^2 + DJ^2)^1/2) / 2 + PE
    Total System Jitter     (TSJ):    0.071ns
    Discrete Jitter          (DJ):    0.312ns
    Phase Error              (PE):    0.000ns
  Clock Net Delay (Source):      2.356ns (routing 1.045ns, distribution 1.311ns)
  Clock Net Delay (Destination): 2.140ns (routing 0.955ns, distribution 1.185ns)
  Timing Exception:       False Path

    Location             Delay type                Incr(ns)  Path(ns)    Netlist Resource(s)
  -------------------------------------------------------------------    -------------------
                         (clock clk_pl_0 rise edge)
                                                      0.000     0.000 r  
    PS8_X0Y0             PS8                          0.000     0.000 r  system_i/ps/inst/PS8_i/PLCLK[0]
                         net (fo=1, routed)           0.229     0.229    system_i/ps/inst/pl_clk_unbuffered[0]
    BUFG_PS_X0Y80        BUFG_PS (Prop_BUFG_PS_I_O)
                                                      0.038     0.267 r  system_i/ps/inst/buffer_pl_clk_0.PL_CLK_0_BUFG/O
    X0Y1 (CLOCK_ROOT)    net (fo=8144, routed)        2.356     2.623    system_i/memory_smc/inst/clk_map/psr_aclk/U0/aclk
    SLICE_X9Y119         FDRE                                         r  system_i/memory_smc/inst/clk_map/psr_aclk/U0/ACTIVE_LOW_BSR_OUT_DFF[0].FDRE_BSR_N/C
  -------------------------------------------------------------------    -------------------
    SLICE_X9Y119         FDRE (Prop_DFF_SLICEL_C_Q)
                                                      0.114     2.737 r  system_i/memory_smc/inst/clk_map/psr_aclk/U0/ACTIVE_LOW_BSR_OUT_DFF[0].FDRE_BSR_N/Q
                         net (fo=45, routed)          1.635     4.371    system_i/memory_smc/inst/m00_nodes/m00_r_node/inst/s_sc_xpm_cdc_async_rst_inst/src_arst
    SLICE_X5Y75          FDCE                                         f  system_i/memory_smc/inst/m00_nodes/m00_r_node/inst/s_sc_xpm_cdc_async_rst_inst/arststages_ff_reg[0]/CLR  (IS_INVERTED)
  -------------------------------------------------------------------    -------------------

                         (clock clk_pl_0 rise edge)
                                                      0.000     0.000 r  
    PS8_X0Y0             PS8                          0.000     0.000 r  system_i/ps/inst/PS8_i/PLCLK[0]
                         net (fo=1, routed)           0.181     0.181    system_i/ps/inst/pl_clk_unbuffered[0]
    BUFG_PS_X0Y80        BUFG_PS (Prop_BUFG_PS_I_O)
                                                      0.035     0.216 r  system_i/ps/inst/buffer_pl_clk_0.PL_CLK_0_BUFG/O
    X0Y1 (CLOCK_ROOT)    net (fo=8144, routed)        2.140     2.356    system_i/memory_smc/inst/m00_nodes/m00_r_node/inst/s_sc_xpm_cdc_async_rst_inst/dest_clk
    SLICE_X5Y75          FDCE                                         r  system_i/memory_smc/inst/m00_nodes/m00_r_node/inst/s_sc_xpm_cdc_async_rst_inst/arststages_ff_reg[0]/C

Slack:                    inf
  Source:                 system_i/memory_smc/inst/clk_map/psr_aclk/U0/ACTIVE_LOW_BSR_OUT_DFF[0].FDRE_BSR_N/C
                            (rising edge-triggered cell FDRE clocked by clk_pl_0  {rise@0.000ns fall@5.000ns period=10.000ns})
  Destination:            system_i/memory_smc/inst/m00_nodes/m00_r_node/inst/s_sc_xpm_cdc_async_rst_inst/arststages_ff_reg[1]/CLR
                            (recovery check against rising-edge clock clk_pl_0  {rise@0.000ns fall@5.000ns period=10.000ns})
  Path Group:             (none)
  Path Type:              Recovery (Max at Slow Process Corner)
  Data Path Delay:        1.749ns  (logic 0.114ns (6.520%)  route 1.635ns (93.480%))
  Logic Levels:           0  
  Clock Path Skew:        -0.267ns (DCD - SCD + CPR)
    Destination Clock Delay (DCD):    2.356ns
    Source Clock Delay      (SCD):    2.623ns
    Clock Pessimism Removal (CPR):    0.000ns
  Clock Uncertainty:      0.160ns  ((TSJ^2 + DJ^2)^1/2) / 2 + PE
    Total System Jitter     (TSJ):    0.071ns
    Discrete Jitter          (DJ):    0.312ns
    Phase Error              (PE):    0.000ns
  Clock Net Delay (Source):      2.356ns (routing 1.045ns, distribution 1.311ns)
  Clock Net Delay (Destination): 2.140ns (routing 0.955ns, distribution 1.185ns)
  Timing Exception:       False Path

    Location             Delay type                Incr(ns)  Path(ns)    Netlist Resource(s)
  -------------------------------------------------------------------    -------------------
                         (clock clk_pl_0 rise edge)
                                                      0.000     0.000 r  
    PS8_X0Y0             PS8                          0.000     0.000 r  system_i/ps/inst/PS8_i/PLCLK[0]
                         net (fo=1, routed)           0.229     0.229    system_i/ps/inst/pl_clk_unbuffered[0]
    BUFG_PS_X0Y80        BUFG_PS (Prop_BUFG_PS_I_O)
                                                      0.038     0.267 r  system_i/ps/inst/buffer_pl_clk_0.PL_CLK_0_BUFG/O
    X0Y1 (CLOCK_ROOT)    net (fo=8144, routed)        2.356     2.623    system_i/memory_smc/inst/clk_map/psr_aclk/U0/aclk
    SLICE_X9Y119         FDRE                                         r  system_i/memory_smc/inst/clk_map/psr_aclk/U0/ACTIVE_LOW_BSR_OUT_DFF[0].FDRE_BSR_N/C
  -------------------------------------------------------------------    -------------------
    SLICE_X9Y119         FDRE (Prop_DFF_SLICEL_C_Q)
                                                      0.114     2.737 r  system_i/memory_smc/inst/clk_map/psr_aclk/U0/ACTIVE_LOW_BSR_OUT_DFF[0].FDRE_BSR_N/Q
                         net (fo=45, routed)          1.635     4.371    system_i/memory_smc/inst/m00_nodes/m00_r_node/inst/s_sc_xpm_cdc_async_rst_inst/src_arst
    SLICE_X5Y75          FDCE                                         f  system_i/memory_smc/inst/m00_nodes/m00_r_node/inst/s_sc_xpm_cdc_async_rst_inst/arststages_ff_reg[1]/CLR  (IS_INVERTED)
  -------------------------------------------------------------------    -------------------

                         (clock clk_pl_0 rise edge)
                                                      0.000     0.000 r  
    PS8_X0Y0             PS8                          0.000     0.000 r  system_i/ps/inst/PS8_i/PLCLK[0]
                         net (fo=1, routed)           0.181     0.181    system_i/ps/inst/pl_clk_unbuffered[0]
    BUFG_PS_X0Y80        BUFG_PS (Prop_BUFG_PS_I_O)
                                                      0.035     0.216 r  system_i/ps/inst/buffer_pl_clk_0.PL_CLK_0_BUFG/O
    X0Y1 (CLOCK_ROOT)    net (fo=8144, routed)        2.140     2.356    system_i/memory_smc/inst/m00_nodes/m00_r_node/inst/s_sc_xpm_cdc_async_rst_inst/dest_clk
    SLICE_X5Y75          FDCE                                         r  system_i/memory_smc/inst/m00_nodes/m00_r_node/inst/s_sc_xpm_cdc_async_rst_inst/arststages_ff_reg[1]/C

Slack:                    inf
  Source:                 system_i/memory_smc/inst/clk_map/psr_aclk/U0/ACTIVE_LOW_BSR_OUT_DFF[0].FDRE_BSR_N/C
                            (rising edge-triggered cell FDRE clocked by clk_pl_0  {rise@0.000ns fall@5.000ns period=10.000ns})
  Destination:            system_i/memory_smc/inst/m00_nodes/m00_r_node/inst/s_sc_xpm_cdc_async_rst_inst/arststages_ff_reg[2]/CLR
                            (recovery check against rising-edge clock clk_pl_0  {rise@0.000ns fall@5.000ns period=10.000ns})
  Path Group:             (none)
  Path Type:              Recovery (Max at Slow Process Corner)
  Data Path Delay:        1.749ns  (logic 0.114ns (6.520%)  route 1.635ns (93.480%))
  Logic Levels:           0  
  Clock Path Skew:        -0.267ns (DCD - SCD + CPR)
    Destination Clock Delay (DCD):    2.356ns
    Source Clock Delay      (SCD):    2.623ns
    Clock Pessimism Removal (CPR):    0.000ns
  Clock Uncertainty:      0.160ns  ((TSJ^2 + DJ^2)^1/2) / 2 + PE
    Total System Jitter     (TSJ):    0.071ns
    Discrete Jitter          (DJ):    0.312ns
    Phase Error              (PE):    0.000ns
  Clock Net Delay (Source):      2.356ns (routing 1.045ns, distribution 1.311ns)
  Clock Net Delay (Destination): 2.140ns (routing 0.955ns, distribution 1.185ns)
  Timing Exception:       False Path

    Location             Delay type                Incr(ns)  Path(ns)    Netlist Resource(s)
  -------------------------------------------------------------------    -------------------
                         (clock clk_pl_0 rise edge)
                                                      0.000     0.000 r  
    PS8_X0Y0             PS8                          0.000     0.000 r  system_i/ps/inst/PS8_i/PLCLK[0]
                         net (fo=1, routed)           0.229     0.229    system_i/ps/inst/pl_clk_unbuffered[0]
    BUFG_PS_X0Y80        BUFG_PS (Prop_BUFG_PS_I_O)
                                                      0.038     0.267 r  system_i/ps/inst/buffer_pl_clk_0.PL_CLK_0_BUFG/O
    X0Y1 (CLOCK_ROOT)    net (fo=8144, routed)        2.356     2.623    system_i/memory_smc/inst/clk_map/psr_aclk/U0/aclk
    SLICE_X9Y119         FDRE                                         r  system_i/memory_smc/inst/clk_map/psr_aclk/U0/ACTIVE_LOW_BSR_OUT_DFF[0].FDRE_BSR_N/C
  -------------------------------------------------------------------    -------------------
    SLICE_X9Y119         FDRE (Prop_DFF_SLICEL_C_Q)
                                                      0.114     2.737 r  system_i/memory_smc/inst/clk_map/psr_aclk/U0/ACTIVE_LOW_BSR_OUT_DFF[0].FDRE_BSR_N/Q
                         net (fo=45, routed)          1.635     4.371    system_i/memory_smc/inst/m00_nodes/m00_r_node/inst/s_sc_xpm_cdc_async_rst_inst/src_arst
    SLICE_X5Y75          FDCE                                         f  system_i/memory_smc/inst/m00_nodes/m00_r_node/inst/s_sc_xpm_cdc_async_rst_inst/arststages_ff_reg[2]/CLR  (IS_INVERTED)
  -------------------------------------------------------------------    -------------------

                         (clock clk_pl_0 rise edge)
                                                      0.000     0.000 r  
    PS8_X0Y0             PS8                          0.000     0.000 r  system_i/ps/inst/PS8_i/PLCLK[0]
                         net (fo=1, routed)           0.181     0.181    system_i/ps/inst/pl_clk_unbuffered[0]
    BUFG_PS_X0Y80        BUFG_PS (Prop_BUFG_PS_I_O)
                                                      0.035     0.216 r  system_i/ps/inst/buffer_pl_clk_0.PL_CLK_0_BUFG/O
    X0Y1 (CLOCK_ROOT)    net (fo=8144, routed)        2.140     2.356    system_i/memory_smc/inst/m00_nodes/m00_r_node/inst/s_sc_xpm_cdc_async_rst_inst/dest_clk
    SLICE_X5Y75          FDCE                                         r  system_i/memory_smc/inst/m00_nodes/m00_r_node/inst/s_sc_xpm_cdc_async_rst_inst/arststages_ff_reg[2]/C

Slack:                    inf
  Source:                 system_i/memory_smc/inst/clk_map/psr_aclk/U0/ACTIVE_LOW_BSR_OUT_DFF[0].FDRE_BSR_N/C
                            (rising edge-triggered cell FDRE clocked by clk_pl_0  {rise@0.000ns fall@5.000ns period=10.000ns})
  Destination:            system_i/memory_smc/inst/m00_nodes/m00_w_node/inst/s_sc_xpm_cdc_async_rst_inst/arststages_ff_reg[0]/CLR
                            (recovery check against rising-edge clock clk_pl_0  {rise@0.000ns fall@5.000ns period=10.000ns})
  Path Group:             (none)
  Path Type:              Recovery (Max at Slow Process Corner)
  Data Path Delay:        1.677ns  (logic 0.114ns (6.800%)  route 1.563ns (93.200%))
  Logic Levels:           0  
  Clock Path Skew:        -0.264ns (DCD - SCD + CPR)
    Destination Clock Delay (DCD):    2.359ns
    Source Clock Delay      (SCD):    2.623ns
    Clock Pessimism Removal (CPR):    0.000ns
  Clock Uncertainty:      0.160ns  ((TSJ^2 + DJ^2)^1/2) / 2 + PE
    Total System Jitter     (TSJ):    0.071ns
    Discrete Jitter          (DJ):    0.312ns
    Phase Error              (PE):    0.000ns
  Clock Net Delay (Source):      2.356ns (routing 1.045ns, distribution 1.311ns)
  Clock Net Delay (Destination): 2.143ns (routing 0.955ns, distribution 1.188ns)
  Timing Exception:       False Path

    Location             Delay type                Incr(ns)  Path(ns)    Netlist Resource(s)
  -------------------------------------------------------------------    -------------------
                         (clock clk_pl_0 rise edge)
                                                      0.000     0.000 r  
    PS8_X0Y0             PS8                          0.000     0.000 r  system_i/ps/inst/PS8_i/PLCLK[0]
                         net (fo=1, routed)           0.229     0.229    system_i/ps/inst/pl_clk_unbuffered[0]
    BUFG_PS_X0Y80        BUFG_PS (Prop_BUFG_PS_I_O)
                                                      0.038     0.267 r  system_i/ps/inst/buffer_pl_clk_0.PL_CLK_0_BUFG/O
    X0Y1 (CLOCK_ROOT)    net (fo=8144, routed)        2.356     2.623    system_i/memory_smc/inst/clk_map/psr_aclk/U0/aclk
    SLICE_X9Y119         FDRE                                         r  system_i/memory_smc/inst/clk_map/psr_aclk/U0/ACTIVE_LOW_BSR_OUT_DFF[0].FDRE_BSR_N/C
  -------------------------------------------------------------------    -------------------
    SLICE_X9Y119         FDRE (Prop_DFF_SLICEL_C_Q)
                                                      0.114     2.737 r  system_i/memory_smc/inst/clk_map/psr_aclk/U0/ACTIVE_LOW_BSR_OUT_DFF[0].FDRE_BSR_N/Q
                         net (fo=45, routed)          1.563     4.299    system_i/memory_smc/inst/m00_nodes/m00_w_node/inst/s_sc_xpm_cdc_async_rst_inst/src_arst
    SLICE_X5Y71          FDCE                                         f  system_i/memory_smc/inst/m00_nodes/m00_w_node/inst/s_sc_xpm_cdc_async_rst_inst/arststages_ff_reg[0]/CLR  (IS_INVERTED)
  -------------------------------------------------------------------    -------------------

                         (clock clk_pl_0 rise edge)
                                                      0.000     0.000 r  
    PS8_X0Y0             PS8                          0.000     0.000 r  system_i/ps/inst/PS8_i/PLCLK[0]
                         net (fo=1, routed)           0.181     0.181    system_i/ps/inst/pl_clk_unbuffered[0]
    BUFG_PS_X0Y80        BUFG_PS (Prop_BUFG_PS_I_O)
                                                      0.035     0.216 r  system_i/ps/inst/buffer_pl_clk_0.PL_CLK_0_BUFG/O
    X0Y1 (CLOCK_ROOT)    net (fo=8144, routed)        2.143     2.359    system_i/memory_smc/inst/m00_nodes/m00_w_node/inst/s_sc_xpm_cdc_async_rst_inst/dest_clk
    SLICE_X5Y71          FDCE                                         r  system_i/memory_smc/inst/m00_nodes/m00_w_node/inst/s_sc_xpm_cdc_async_rst_inst/arststages_ff_reg[0]/C

Slack:                    inf
  Source:                 system_i/memory_smc/inst/clk_map/psr_aclk/U0/ACTIVE_LOW_BSR_OUT_DFF[0].FDRE_BSR_N/C
                            (rising edge-triggered cell FDRE clocked by clk_pl_0  {rise@0.000ns fall@5.000ns period=10.000ns})
  Destination:            system_i/memory_smc/inst/m00_nodes/m00_w_node/inst/s_sc_xpm_cdc_async_rst_inst/arststages_ff_reg[1]/CLR
                            (recovery check against rising-edge clock clk_pl_0  {rise@0.000ns fall@5.000ns period=10.000ns})
  Path Group:             (none)
  Path Type:              Recovery (Max at Slow Process Corner)
  Data Path Delay:        1.677ns  (logic 0.114ns (6.800%)  route 1.563ns (93.200%))
  Logic Levels:           0  
  Clock Path Skew:        -0.264ns (DCD - SCD + CPR)
    Destination Clock Delay (DCD):    2.359ns
    Source Clock Delay      (SCD):    2.623ns
    Clock Pessimism Removal (CPR):    0.000ns
  Clock Uncertainty:      0.160ns  ((TSJ^2 + DJ^2)^1/2) / 2 + PE
    Total System Jitter     (TSJ):    0.071ns
    Discrete Jitter          (DJ):    0.312ns
    Phase Error              (PE):    0.000ns
  Clock Net Delay (Source):      2.356ns (routing 1.045ns, distribution 1.311ns)
  Clock Net Delay (Destination): 2.143ns (routing 0.955ns, distribution 1.188ns)
  Timing Exception:       False Path

    Location             Delay type                Incr(ns)  Path(ns)    Netlist Resource(s)
  -------------------------------------------------------------------    -------------------
                         (clock clk_pl_0 rise edge)
                                                      0.000     0.000 r  
    PS8_X0Y0             PS8                          0.000     0.000 r  system_i/ps/inst/PS8_i/PLCLK[0]
                         net (fo=1, routed)           0.229     0.229    system_i/ps/inst/pl_clk_unbuffered[0]
    BUFG_PS_X0Y80        BUFG_PS (Prop_BUFG_PS_I_O)
                                                      0.038     0.267 r  system_i/ps/inst/buffer_pl_clk_0.PL_CLK_0_BUFG/O
    X0Y1 (CLOCK_ROOT)    net (fo=8144, routed)        2.356     2.623    system_i/memory_smc/inst/clk_map/psr_aclk/U0/aclk
    SLICE_X9Y119         FDRE                                         r  system_i/memory_smc/inst/clk_map/psr_aclk/U0/ACTIVE_LOW_BSR_OUT_DFF[0].FDRE_BSR_N/C
  -------------------------------------------------------------------    -------------------
    SLICE_X9Y119         FDRE (Prop_DFF_SLICEL_C_Q)
                                                      0.114     2.737 r  system_i/memory_smc/inst/clk_map/psr_aclk/U0/ACTIVE_LOW_BSR_OUT_DFF[0].FDRE_BSR_N/Q
                         net (fo=45, routed)          1.563     4.299    system_i/memory_smc/inst/m00_nodes/m00_w_node/inst/s_sc_xpm_cdc_async_rst_inst/src_arst
    SLICE_X5Y71          FDCE                                         f  system_i/memory_smc/inst/m00_nodes/m00_w_node/inst/s_sc_xpm_cdc_async_rst_inst/arststages_ff_reg[1]/CLR  (IS_INVERTED)
  -------------------------------------------------------------------    -------------------

                         (clock clk_pl_0 rise edge)
                                                      0.000     0.000 r  
    PS8_X0Y0             PS8                          0.000     0.000 r  system_i/ps/inst/PS8_i/PLCLK[0]
                         net (fo=1, routed)           0.181     0.181    system_i/ps/inst/pl_clk_unbuffered[0]
    BUFG_PS_X0Y80        BUFG_PS (Prop_BUFG_PS_I_O)
                                                      0.035     0.216 r  system_i/ps/inst/buffer_pl_clk_0.PL_CLK_0_BUFG/O
    X0Y1 (CLOCK_ROOT)    net (fo=8144, routed)        2.143     2.359    system_i/memory_smc/inst/m00_nodes/m00_w_node/inst/s_sc_xpm_cdc_async_rst_inst/dest_clk
    SLICE_X5Y71          FDCE                                         r  system_i/memory_smc/inst/m00_nodes/m00_w_node/inst/s_sc_xpm_cdc_async_rst_inst/arststages_ff_reg[1]/C

Slack:                    inf
  Source:                 system_i/memory_smc/inst/clk_map/psr_aclk/U0/ACTIVE_LOW_BSR_OUT_DFF[0].FDRE_BSR_N/C
                            (rising edge-triggered cell FDRE clocked by clk_pl_0  {rise@0.000ns fall@5.000ns period=10.000ns})
  Destination:            system_i/memory_smc/inst/m00_nodes/m00_w_node/inst/s_sc_xpm_cdc_async_rst_inst/arststages_ff_reg[2]/CLR
                            (recovery check against rising-edge clock clk_pl_0  {rise@0.000ns fall@5.000ns period=10.000ns})
  Path Group:             (none)
  Path Type:              Recovery (Max at Slow Process Corner)
  Data Path Delay:        1.677ns  (logic 0.114ns (6.800%)  route 1.563ns (93.200%))
  Logic Levels:           0  
  Clock Path Skew:        -0.264ns (DCD - SCD + CPR)
    Destination Clock Delay (DCD):    2.359ns
    Source Clock Delay      (SCD):    2.623ns
    Clock Pessimism Removal (CPR):    0.000ns
  Clock Uncertainty:      0.160ns  ((TSJ^2 + DJ^2)^1/2) / 2 + PE
    Total System Jitter     (TSJ):    0.071ns
    Discrete Jitter          (DJ):    0.312ns
    Phase Error              (PE):    0.000ns
  Clock Net Delay (Source):      2.356ns (routing 1.045ns, distribution 1.311ns)
  Clock Net Delay (Destination): 2.143ns (routing 0.955ns, distribution 1.188ns)
  Timing Exception:       False Path

    Location             Delay type                Incr(ns)  Path(ns)    Netlist Resource(s)
  -------------------------------------------------------------------    -------------------
                         (clock clk_pl_0 rise edge)
                                                      0.000     0.000 r  
    PS8_X0Y0             PS8                          0.000     0.000 r  system_i/ps/inst/PS8_i/PLCLK[0]
                         net (fo=1, routed)           0.229     0.229    system_i/ps/inst/pl_clk_unbuffered[0]
    BUFG_PS_X0Y80        BUFG_PS (Prop_BUFG_PS_I_O)
                                                      0.038     0.267 r  system_i/ps/inst/buffer_pl_clk_0.PL_CLK_0_BUFG/O
    X0Y1 (CLOCK_ROOT)    net (fo=8144, routed)        2.356     2.623    system_i/memory_smc/inst/clk_map/psr_aclk/U0/aclk
    SLICE_X9Y119         FDRE                                         r  system_i/memory_smc/inst/clk_map/psr_aclk/U0/ACTIVE_LOW_BSR_OUT_DFF[0].FDRE_BSR_N/C
  -------------------------------------------------------------------    -------------------
    SLICE_X9Y119         FDRE (Prop_DFF_SLICEL_C_Q)
                                                      0.114     2.737 r  system_i/memory_smc/inst/clk_map/psr_aclk/U0/ACTIVE_LOW_BSR_OUT_DFF[0].FDRE_BSR_N/Q
                         net (fo=45, routed)          1.563     4.299    system_i/memory_smc/inst/m00_nodes/m00_w_node/inst/s_sc_xpm_cdc_async_rst_inst/src_arst
    SLICE_X5Y71          FDCE                                         f  system_i/memory_smc/inst/m00_nodes/m00_w_node/inst/s_sc_xpm_cdc_async_rst_inst/arststages_ff_reg[2]/CLR  (IS_INVERTED)
  -------------------------------------------------------------------    -------------------

                         (clock clk_pl_0 rise edge)
                                                      0.000     0.000 r  
    PS8_X0Y0             PS8                          0.000     0.000 r  system_i/ps/inst/PS8_i/PLCLK[0]
                         net (fo=1, routed)           0.181     0.181    system_i/ps/inst/pl_clk_unbuffered[0]
    BUFG_PS_X0Y80        BUFG_PS (Prop_BUFG_PS_I_O)
                                                      0.035     0.216 r  system_i/ps/inst/buffer_pl_clk_0.PL_CLK_0_BUFG/O
    X0Y1 (CLOCK_ROOT)    net (fo=8144, routed)        2.143     2.359    system_i/memory_smc/inst/m00_nodes/m00_w_node/inst/s_sc_xpm_cdc_async_rst_inst/dest_clk
    SLICE_X5Y71          FDCE                                         r  system_i/memory_smc/inst/m00_nodes/m00_w_node/inst/s_sc_xpm_cdc_async_rst_inst/arststages_ff_reg[2]/C

Slack:                    inf
  Source:                 system_i/memory_smc/inst/clk_map/psr_aclk/U0/ACTIVE_LOW_BSR_OUT_DFF[0].FDRE_BSR_N/C
                            (rising edge-triggered cell FDRE clocked by clk_pl_0  {rise@0.000ns fall@5.000ns period=10.000ns})
  Destination:            system_i/memory_smc/inst/s01_nodes/s01_w_node/inst/s_sc_xpm_cdc_async_rst_inst/arststages_ff_reg[0]/CLR
                            (recovery check against rising-edge clock clk_pl_0  {rise@0.000ns fall@5.000ns period=10.000ns})
  Path Group:             (none)
  Path Type:              Recovery (Max at Slow Process Corner)
  Data Path Delay:        1.529ns  (logic 0.114ns (7.456%)  route 1.415ns (92.544%))
  Logic Levels:           0  
  Clock Path Skew:        -0.267ns (DCD - SCD + CPR)
    Destination Clock Delay (DCD):    2.356ns
    Source Clock Delay      (SCD):    2.623ns
    Clock Pessimism Removal (CPR):    0.000ns
  Clock Uncertainty:      0.160ns  ((TSJ^2 + DJ^2)^1/2) / 2 + PE
    Total System Jitter     (TSJ):    0.071ns
    Discrete Jitter          (DJ):    0.312ns
    Phase Error              (PE):    0.000ns
  Clock Net Delay (Source):      2.356ns (routing 1.045ns, distribution 1.311ns)
  Clock Net Delay (Destination): 2.140ns (routing 0.955ns, distribution 1.185ns)
  Timing Exception:       False Path

    Location             Delay type                Incr(ns)  Path(ns)    Netlist Resource(s)
  -------------------------------------------------------------------    -------------------
                         (clock clk_pl_0 rise edge)
                                                      0.000     0.000 r  
    PS8_X0Y0             PS8                          0.000     0.000 r  system_i/ps/inst/PS8_i/PLCLK[0]
                         net (fo=1, routed)           0.229     0.229    system_i/ps/inst/pl_clk_unbuffered[0]
    BUFG_PS_X0Y80        BUFG_PS (Prop_BUFG_PS_I_O)
                                                      0.038     0.267 r  system_i/ps/inst/buffer_pl_clk_0.PL_CLK_0_BUFG/O
    X0Y1 (CLOCK_ROOT)    net (fo=8144, routed)        2.356     2.623    system_i/memory_smc/inst/clk_map/psr_aclk/U0/aclk
    SLICE_X9Y119         FDRE                                         r  system_i/memory_smc/inst/clk_map/psr_aclk/U0/ACTIVE_LOW_BSR_OUT_DFF[0].FDRE_BSR_N/C
  -------------------------------------------------------------------    -------------------
    SLICE_X9Y119         FDRE (Prop_DFF_SLICEL_C_Q)
                                                      0.114     2.737 r  system_i/memory_smc/inst/clk_map/psr_aclk/U0/ACTIVE_LOW_BSR_OUT_DFF[0].FDRE_BSR_N/Q
                         net (fo=45, routed)          1.415     4.152    system_i/memory_smc/inst/s01_nodes/s01_w_node/inst/s_sc_xpm_cdc_async_rst_inst/src_arst
    SLICE_X10Y69         FDCE                                         f  system_i/memory_smc/inst/s01_nodes/s01_w_node/inst/s_sc_xpm_cdc_async_rst_inst/arststages_ff_reg[0]/CLR  (IS_INVERTED)
  -------------------------------------------------------------------    -------------------

                         (clock clk_pl_0 rise edge)
                                                      0.000     0.000 r  
    PS8_X0Y0             PS8                          0.000     0.000 r  system_i/ps/inst/PS8_i/PLCLK[0]
                         net (fo=1, routed)           0.181     0.181    system_i/ps/inst/pl_clk_unbuffered[0]
    BUFG_PS_X0Y80        BUFG_PS (Prop_BUFG_PS_I_O)
                                                      0.035     0.216 r  system_i/ps/inst/buffer_pl_clk_0.PL_CLK_0_BUFG/O
    X0Y1 (CLOCK_ROOT)    net (fo=8144, routed)        2.140     2.356    system_i/memory_smc/inst/s01_nodes/s01_w_node/inst/s_sc_xpm_cdc_async_rst_inst/dest_clk
    SLICE_X10Y69         FDCE                                         r  system_i/memory_smc/inst/s01_nodes/s01_w_node/inst/s_sc_xpm_cdc_async_rst_inst/arststages_ff_reg[0]/C

Slack:                    inf
  Source:                 system_i/memory_smc/inst/clk_map/psr_aclk/U0/ACTIVE_LOW_BSR_OUT_DFF[0].FDRE_BSR_N/C
                            (rising edge-triggered cell FDRE clocked by clk_pl_0  {rise@0.000ns fall@5.000ns period=10.000ns})
  Destination:            system_i/memory_smc/inst/s01_nodes/s01_w_node/inst/s_sc_xpm_cdc_async_rst_inst/arststages_ff_reg[1]/CLR
                            (recovery check against rising-edge clock clk_pl_0  {rise@0.000ns fall@5.000ns period=10.000ns})
  Path Group:             (none)
  Path Type:              Recovery (Max at Slow Process Corner)
  Data Path Delay:        1.529ns  (logic 0.114ns (7.456%)  route 1.415ns (92.544%))
  Logic Levels:           0  
  Clock Path Skew:        -0.267ns (DCD - SCD + CPR)
    Destination Clock Delay (DCD):    2.356ns
    Source Clock Delay      (SCD):    2.623ns
    Clock Pessimism Removal (CPR):    0.000ns
  Clock Uncertainty:      0.160ns  ((TSJ^2 + DJ^2)^1/2) / 2 + PE
    Total System Jitter     (TSJ):    0.071ns
    Discrete Jitter          (DJ):    0.312ns
    Phase Error              (PE):    0.000ns
  Clock Net Delay (Source):      2.356ns (routing 1.045ns, distribution 1.311ns)
  Clock Net Delay (Destination): 2.140ns (routing 0.955ns, distribution 1.185ns)
  Timing Exception:       False Path

    Location             Delay type                Incr(ns)  Path(ns)    Netlist Resource(s)
  -------------------------------------------------------------------    -------------------
                         (clock clk_pl_0 rise edge)
                                                      0.000     0.000 r  
    PS8_X0Y0             PS8                          0.000     0.000 r  system_i/ps/inst/PS8_i/PLCLK[0]
                         net (fo=1, routed)           0.229     0.229    system_i/ps/inst/pl_clk_unbuffered[0]
    BUFG_PS_X0Y80        BUFG_PS (Prop_BUFG_PS_I_O)
                                                      0.038     0.267 r  system_i/ps/inst/buffer_pl_clk_0.PL_CLK_0_BUFG/O
    X0Y1 (CLOCK_ROOT)    net (fo=8144, routed)        2.356     2.623    system_i/memory_smc/inst/clk_map/psr_aclk/U0/aclk
    SLICE_X9Y119         FDRE                                         r  system_i/memory_smc/inst/clk_map/psr_aclk/U0/ACTIVE_LOW_BSR_OUT_DFF[0].FDRE_BSR_N/C
  -------------------------------------------------------------------    -------------------
    SLICE_X9Y119         FDRE (Prop_DFF_SLICEL_C_Q)
                                                      0.114     2.737 r  system_i/memory_smc/inst/clk_map/psr_aclk/U0/ACTIVE_LOW_BSR_OUT_DFF[0].FDRE_BSR_N/Q
                         net (fo=45, routed)          1.415     4.152    system_i/memory_smc/inst/s01_nodes/s01_w_node/inst/s_sc_xpm_cdc_async_rst_inst/src_arst
    SLICE_X10Y69         FDCE                                         f  system_i/memory_smc/inst/s01_nodes/s01_w_node/inst/s_sc_xpm_cdc_async_rst_inst/arststages_ff_reg[1]/CLR  (IS_INVERTED)
  -------------------------------------------------------------------    -------------------

                         (clock clk_pl_0 rise edge)
                                                      0.000     0.000 r  
    PS8_X0Y0             PS8                          0.000     0.000 r  system_i/ps/inst/PS8_i/PLCLK[0]
                         net (fo=1, routed)           0.181     0.181    system_i/ps/inst/pl_clk_unbuffered[0]
    BUFG_PS_X0Y80        BUFG_PS (Prop_BUFG_PS_I_O)
                                                      0.035     0.216 r  system_i/ps/inst/buffer_pl_clk_0.PL_CLK_0_BUFG/O
    X0Y1 (CLOCK_ROOT)    net (fo=8144, routed)        2.140     2.356    system_i/memory_smc/inst/s01_nodes/s01_w_node/inst/s_sc_xpm_cdc_async_rst_inst/dest_clk
    SLICE_X10Y69         FDCE                                         r  system_i/memory_smc/inst/s01_nodes/s01_w_node/inst/s_sc_xpm_cdc_async_rst_inst/arststages_ff_reg[1]/C

Slack:                    inf
  Source:                 system_i/memory_smc/inst/clk_map/psr_aclk/U0/ACTIVE_LOW_BSR_OUT_DFF[0].FDRE_BSR_N/C
                            (rising edge-triggered cell FDRE clocked by clk_pl_0  {rise@0.000ns fall@5.000ns period=10.000ns})
  Destination:            system_i/memory_smc/inst/s01_nodes/s01_w_node/inst/s_sc_xpm_cdc_async_rst_inst/arststages_ff_reg[2]/CLR
                            (recovery check against rising-edge clock clk_pl_0  {rise@0.000ns fall@5.000ns period=10.000ns})
  Path Group:             (none)
  Path Type:              Recovery (Max at Slow Process Corner)
  Data Path Delay:        1.529ns  (logic 0.114ns (7.456%)  route 1.415ns (92.544%))
  Logic Levels:           0  
  Clock Path Skew:        -0.267ns (DCD - SCD + CPR)
    Destination Clock Delay (DCD):    2.356ns
    Source Clock Delay      (SCD):    2.623ns
    Clock Pessimism Removal (CPR):    0.000ns
  Clock Uncertainty:      0.160ns  ((TSJ^2 + DJ^2)^1/2) / 2 + PE
    Total System Jitter     (TSJ):    0.071ns
    Discrete Jitter          (DJ):    0.312ns
    Phase Error              (PE):    0.000ns
  Clock Net Delay (Source):      2.356ns (routing 1.045ns, distribution 1.311ns)
  Clock Net Delay (Destination): 2.140ns (routing 0.955ns, distribution 1.185ns)
  Timing Exception:       False Path

    Location             Delay type                Incr(ns)  Path(ns)    Netlist Resource(s)
  -------------------------------------------------------------------    -------------------
                         (clock clk_pl_0 rise edge)
                                                      0.000     0.000 r  
    PS8_X0Y0             PS8                          0.000     0.000 r  system_i/ps/inst/PS8_i/PLCLK[0]
                         net (fo=1, routed)           0.229     0.229    system_i/ps/inst/pl_clk_unbuffered[0]
    BUFG_PS_X0Y80        BUFG_PS (Prop_BUFG_PS_I_O)
                                                      0.038     0.267 r  system_i/ps/inst/buffer_pl_clk_0.PL_CLK_0_BUFG/O
    X0Y1 (CLOCK_ROOT)    net (fo=8144, routed)        2.356     2.623    system_i/memory_smc/inst/clk_map/psr_aclk/U0/aclk
    SLICE_X9Y119         FDRE                                         r  system_i/memory_smc/inst/clk_map/psr_aclk/U0/ACTIVE_LOW_BSR_OUT_DFF[0].FDRE_BSR_N/C
  -------------------------------------------------------------------    -------------------
    SLICE_X9Y119         FDRE (Prop_DFF_SLICEL_C_Q)
                                                      0.114     2.737 r  system_i/memory_smc/inst/clk_map/psr_aclk/U0/ACTIVE_LOW_BSR_OUT_DFF[0].FDRE_BSR_N/Q
                         net (fo=45, routed)          1.415     4.152    system_i/memory_smc/inst/s01_nodes/s01_w_node/inst/s_sc_xpm_cdc_async_rst_inst/src_arst
    SLICE_X10Y69         FDCE                                         f  system_i/memory_smc/inst/s01_nodes/s01_w_node/inst/s_sc_xpm_cdc_async_rst_inst/arststages_ff_reg[2]/CLR  (IS_INVERTED)
  -------------------------------------------------------------------    -------------------

                         (clock clk_pl_0 rise edge)
                                                      0.000     0.000 r  
    PS8_X0Y0             PS8                          0.000     0.000 r  system_i/ps/inst/PS8_i/PLCLK[0]
                         net (fo=1, routed)           0.181     0.181    system_i/ps/inst/pl_clk_unbuffered[0]
    BUFG_PS_X0Y80        BUFG_PS (Prop_BUFG_PS_I_O)
                                                      0.035     0.216 r  system_i/ps/inst/buffer_pl_clk_0.PL_CLK_0_BUFG/O
    X0Y1 (CLOCK_ROOT)    net (fo=8144, routed)        2.140     2.356    system_i/memory_smc/inst/s01_nodes/s01_w_node/inst/s_sc_xpm_cdc_async_rst_inst/dest_clk
    SLICE_X10Y69         FDCE                                         r  system_i/memory_smc/inst/s01_nodes/s01_w_node/inst/s_sc_xpm_cdc_async_rst_inst/arststages_ff_reg[2]/C

Slack:                    inf
  Source:                 system_i/memory_smc/inst/clk_map/psr_aclk/U0/ACTIVE_LOW_BSR_OUT_DFF[0].FDRE_BSR_N/C
                            (rising edge-triggered cell FDRE clocked by clk_pl_0  {rise@0.000ns fall@5.000ns period=10.000ns})
  Destination:            system_i/memory_smc/inst/m00_nodes/m00_aw_node/inst/s_sc_xpm_cdc_async_rst_inst/arststages_ff_reg[0]/CLR
                            (recovery check against rising-edge clock clk_pl_0  {rise@0.000ns fall@5.000ns period=10.000ns})
  Path Group:             (none)
  Path Type:              Recovery (Max at Slow Process Corner)
  Data Path Delay:        1.526ns  (logic 0.114ns (7.471%)  route 1.412ns (92.530%))
  Logic Levels:           0  
  Clock Path Skew:        -0.267ns (DCD - SCD + CPR)
    Destination Clock Delay (DCD):    2.356ns
    Source Clock Delay      (SCD):    2.623ns
    Clock Pessimism Removal (CPR):    0.000ns
  Clock Uncertainty:      0.160ns  ((TSJ^2 + DJ^2)^1/2) / 2 + PE
    Total System Jitter     (TSJ):    0.071ns
    Discrete Jitter          (DJ):    0.312ns
    Phase Error              (PE):    0.000ns
  Clock Net Delay (Source):      2.356ns (routing 1.045ns, distribution 1.311ns)
  Clock Net Delay (Destination): 2.140ns (routing 0.955ns, distribution 1.185ns)
  Timing Exception:       False Path

    Location             Delay type                Incr(ns)  Path(ns)    Netlist Resource(s)
  -------------------------------------------------------------------    -------------------
                         (clock clk_pl_0 rise edge)
                                                      0.000     0.000 r  
    PS8_X0Y0             PS8                          0.000     0.000 r  system_i/ps/inst/PS8_i/PLCLK[0]
                         net (fo=1, routed)           0.229     0.229    system_i/ps/inst/pl_clk_unbuffered[0]
    BUFG_PS_X0Y80        BUFG_PS (Prop_BUFG_PS_I_O)
                                                      0.038     0.267 r  system_i/ps/inst/buffer_pl_clk_0.PL_CLK_0_BUFG/O
    X0Y1 (CLOCK_ROOT)    net (fo=8144, routed)        2.356     2.623    system_i/memory_smc/inst/clk_map/psr_aclk/U0/aclk
    SLICE_X9Y119         FDRE                                         r  system_i/memory_smc/inst/clk_map/psr_aclk/U0/ACTIVE_LOW_BSR_OUT_DFF[0].FDRE_BSR_N/C
  -------------------------------------------------------------------    -------------------
    SLICE_X9Y119         FDRE (Prop_DFF_SLICEL_C_Q)
                                                      0.114     2.737 r  system_i/memory_smc/inst/clk_map/psr_aclk/U0/ACTIVE_LOW_BSR_OUT_DFF[0].FDRE_BSR_N/Q
                         net (fo=45, routed)          1.412     4.149    system_i/memory_smc/inst/m00_nodes/m00_aw_node/inst/s_sc_xpm_cdc_async_rst_inst/src_arst
    SLICE_X10Y69         FDCE                                         f  system_i/memory_smc/inst/m00_nodes/m00_aw_node/inst/s_sc_xpm_cdc_async_rst_inst/arststages_ff_reg[0]/CLR  (IS_INVERTED)
  -------------------------------------------------------------------    -------------------

                         (clock clk_pl_0 rise edge)
                                                      0.000     0.000 r  
    PS8_X0Y0             PS8                          0.000     0.000 r  system_i/ps/inst/PS8_i/PLCLK[0]
                         net (fo=1, routed)           0.181     0.181    system_i/ps/inst/pl_clk_unbuffered[0]
    BUFG_PS_X0Y80        BUFG_PS (Prop_BUFG_PS_I_O)
                                                      0.035     0.216 r  system_i/ps/inst/buffer_pl_clk_0.PL_CLK_0_BUFG/O
    X0Y1 (CLOCK_ROOT)    net (fo=8144, routed)        2.140     2.356    system_i/memory_smc/inst/m00_nodes/m00_aw_node/inst/s_sc_xpm_cdc_async_rst_inst/dest_clk
    SLICE_X10Y69         FDCE                                         r  system_i/memory_smc/inst/m00_nodes/m00_aw_node/inst/s_sc_xpm_cdc_async_rst_inst/arststages_ff_reg[0]/C

Slack:                    inf
  Source:                 system_i/memory_smc/inst/clk_map/psr_aclk/U0/ACTIVE_LOW_BSR_OUT_DFF[0].FDRE_BSR_N/C
                            (rising edge-triggered cell FDRE clocked by clk_pl_0  {rise@0.000ns fall@5.000ns period=10.000ns})
  Destination:            system_i/memory_smc/inst/m00_nodes/m00_aw_node/inst/s_sc_xpm_cdc_async_rst_inst/arststages_ff_reg[1]/CLR
                            (recovery check against rising-edge clock clk_pl_0  {rise@0.000ns fall@5.000ns period=10.000ns})
  Path Group:             (none)
  Path Type:              Recovery (Max at Slow Process Corner)
  Data Path Delay:        1.526ns  (logic 0.114ns (7.471%)  route 1.412ns (92.530%))
  Logic Levels:           0  
  Clock Path Skew:        -0.267ns (DCD - SCD + CPR)
    Destination Clock Delay (DCD):    2.356ns
    Source Clock Delay      (SCD):    2.623ns
    Clock Pessimism Removal (CPR):    0.000ns
  Clock Uncertainty:      0.160ns  ((TSJ^2 + DJ^2)^1/2) / 2 + PE
    Total System Jitter     (TSJ):    0.071ns
    Discrete Jitter          (DJ):    0.312ns
    Phase Error              (PE):    0.000ns
  Clock Net Delay (Source):      2.356ns (routing 1.045ns, distribution 1.311ns)
  Clock Net Delay (Destination): 2.140ns (routing 0.955ns, distribution 1.185ns)
  Timing Exception:       False Path

    Location             Delay type                Incr(ns)  Path(ns)    Netlist Resource(s)
  -------------------------------------------------------------------    -------------------
                         (clock clk_pl_0 rise edge)
                                                      0.000     0.000 r  
    PS8_X0Y0             PS8                          0.000     0.000 r  system_i/ps/inst/PS8_i/PLCLK[0]
                         net (fo=1, routed)           0.229     0.229    system_i/ps/inst/pl_clk_unbuffered[0]
    BUFG_PS_X0Y80        BUFG_PS (Prop_BUFG_PS_I_O)
                                                      0.038     0.267 r  system_i/ps/inst/buffer_pl_clk_0.PL_CLK_0_BUFG/O
    X0Y1 (CLOCK_ROOT)    net (fo=8144, routed)        2.356     2.623    system_i/memory_smc/inst/clk_map/psr_aclk/U0/aclk
    SLICE_X9Y119         FDRE                                         r  system_i/memory_smc/inst/clk_map/psr_aclk/U0/ACTIVE_LOW_BSR_OUT_DFF[0].FDRE_BSR_N/C
  -------------------------------------------------------------------    -------------------
    SLICE_X9Y119         FDRE (Prop_DFF_SLICEL_C_Q)
                                                      0.114     2.737 r  system_i/memory_smc/inst/clk_map/psr_aclk/U0/ACTIVE_LOW_BSR_OUT_DFF[0].FDRE_BSR_N/Q
                         net (fo=45, routed)          1.412     4.149    system_i/memory_smc/inst/m00_nodes/m00_aw_node/inst/s_sc_xpm_cdc_async_rst_inst/src_arst
    SLICE_X10Y69         FDCE                                         f  system_i/memory_smc/inst/m00_nodes/m00_aw_node/inst/s_sc_xpm_cdc_async_rst_inst/arststages_ff_reg[1]/CLR  (IS_INVERTED)
  -------------------------------------------------------------------    -------------------

                         (clock clk_pl_0 rise edge)
                                                      0.000     0.000 r  
    PS8_X0Y0             PS8                          0.000     0.000 r  system_i/ps/inst/PS8_i/PLCLK[0]
                         net (fo=1, routed)           0.181     0.181    system_i/ps/inst/pl_clk_unbuffered[0]
    BUFG_PS_X0Y80        BUFG_PS (Prop_BUFG_PS_I_O)
                                                      0.035     0.216 r  system_i/ps/inst/buffer_pl_clk_0.PL_CLK_0_BUFG/O
    X0Y1 (CLOCK_ROOT)    net (fo=8144, routed)        2.140     2.356    system_i/memory_smc/inst/m00_nodes/m00_aw_node/inst/s_sc_xpm_cdc_async_rst_inst/dest_clk
    SLICE_X10Y69         FDCE                                         r  system_i/memory_smc/inst/m00_nodes/m00_aw_node/inst/s_sc_xpm_cdc_async_rst_inst/arststages_ff_reg[1]/C

Slack:                    inf
  Source:                 system_i/memory_smc/inst/clk_map/psr_aclk/U0/ACTIVE_LOW_BSR_OUT_DFF[0].FDRE_BSR_N/C
                            (rising edge-triggered cell FDRE clocked by clk_pl_0  {rise@0.000ns fall@5.000ns period=10.000ns})
  Destination:            system_i/memory_smc/inst/m00_nodes/m00_aw_node/inst/s_sc_xpm_cdc_async_rst_inst/arststages_ff_reg[2]/CLR
                            (recovery check against rising-edge clock clk_pl_0  {rise@0.000ns fall@5.000ns period=10.000ns})
  Path Group:             (none)
  Path Type:              Recovery (Max at Slow Process Corner)
  Data Path Delay:        1.526ns  (logic 0.114ns (7.471%)  route 1.412ns (92.530%))
  Logic Levels:           0  
  Clock Path Skew:        -0.267ns (DCD - SCD + CPR)
    Destination Clock Delay (DCD):    2.356ns
    Source Clock Delay      (SCD):    2.623ns
    Clock Pessimism Removal (CPR):    0.000ns
  Clock Uncertainty:      0.160ns  ((TSJ^2 + DJ^2)^1/2) / 2 + PE
    Total System Jitter     (TSJ):    0.071ns
    Discrete Jitter          (DJ):    0.312ns
    Phase Error              (PE):    0.000ns
  Clock Net Delay (Source):      2.356ns (routing 1.045ns, distribution 1.311ns)
  Clock Net Delay (Destination): 2.140ns (routing 0.955ns, distribution 1.185ns)
  Timing Exception:       False Path

    Location             Delay type                Incr(ns)  Path(ns)    Netlist Resource(s)
  -------------------------------------------------------------------    -------------------
                         (clock clk_pl_0 rise edge)
                                                      0.000     0.000 r  
    PS8_X0Y0             PS8                          0.000     0.000 r  system_i/ps/inst/PS8_i/PLCLK[0]
                         net (fo=1, routed)           0.229     0.229    system_i/ps/inst/pl_clk_unbuffered[0]
    BUFG_PS_X0Y80        BUFG_PS (Prop_BUFG_PS_I_O)
                                                      0.038     0.267 r  system_i/ps/inst/buffer_pl_clk_0.PL_CLK_0_BUFG/O
    X0Y1 (CLOCK_ROOT)    net (fo=8144, routed)        2.356     2.623    system_i/memory_smc/inst/clk_map/psr_aclk/U0/aclk
    SLICE_X9Y119         FDRE                                         r  system_i/memory_smc/inst/clk_map/psr_aclk/U0/ACTIVE_LOW_BSR_OUT_DFF[0].FDRE_BSR_N/C
  -------------------------------------------------------------------    -------------------
    SLICE_X9Y119         FDRE (Prop_DFF_SLICEL_C_Q)
                                                      0.114     2.737 r  system_i/memory_smc/inst/clk_map/psr_aclk/U0/ACTIVE_LOW_BSR_OUT_DFF[0].FDRE_BSR_N/Q
                         net (fo=45, routed)          1.412     4.149    system_i/memory_smc/inst/m00_nodes/m00_aw_node/inst/s_sc_xpm_cdc_async_rst_inst/src_arst
    SLICE_X10Y69         FDCE                                         f  system_i/memory_smc/inst/m00_nodes/m00_aw_node/inst/s_sc_xpm_cdc_async_rst_inst/arststages_ff_reg[2]/CLR  (IS_INVERTED)
  -------------------------------------------------------------------    -------------------

                         (clock clk_pl_0 rise edge)
                                                      0.000     0.000 r  
    PS8_X0Y0             PS8                          0.000     0.000 r  system_i/ps/inst/PS8_i/PLCLK[0]
                         net (fo=1, routed)           0.181     0.181    system_i/ps/inst/pl_clk_unbuffered[0]
    BUFG_PS_X0Y80        BUFG_PS (Prop_BUFG_PS_I_O)
                                                      0.035     0.216 r  system_i/ps/inst/buffer_pl_clk_0.PL_CLK_0_BUFG/O
    X0Y1 (CLOCK_ROOT)    net (fo=8144, routed)        2.140     2.356    system_i/memory_smc/inst/m00_nodes/m00_aw_node/inst/s_sc_xpm_cdc_async_rst_inst/dest_clk
    SLICE_X10Y69         FDCE                                         r  system_i/memory_smc/inst/m00_nodes/m00_aw_node/inst/s_sc_xpm_cdc_async_rst_inst/arststages_ff_reg[2]/C

Slack:                    inf
  Source:                 system_i/control_smc/inst/clk_map/psr_aclk/U0/ACTIVE_LOW_BSR_OUT_DFF[0].FDRE_BSR_N/C
                            (rising edge-triggered cell FDRE clocked by clk_pl_0  {rise@0.000ns fall@5.000ns period=10.000ns})
  Destination:            system_i/control_smc/inst/s00_entry_pipeline/s00_transaction_regulator/inst/xpm_cdc_async_rst_inst/arststages_ff_reg[0]/CLR
                            (recovery check against rising-edge clock clk_pl_0  {rise@0.000ns fall@5.000ns period=10.000ns})
  Path Group:             (none)
  Path Type:              Recovery (Max at Slow Process Corner)
  Data Path Delay:        1.151ns  (logic 0.114ns (9.905%)  route 1.037ns (90.095%))
  Logic Levels:           0  
  Clock Path Skew:        -0.354ns (DCD - SCD + CPR)
    Destination Clock Delay (DCD):    2.327ns
    Source Clock Delay      (SCD):    2.681ns
    Clock Pessimism Removal (CPR):    0.000ns
  Clock Uncertainty:      0.160ns  ((TSJ^2 + DJ^2)^1/2) / 2 + PE
    Total System Jitter     (TSJ):    0.071ns
    Discrete Jitter          (DJ):    0.312ns
    Phase Error              (PE):    0.000ns
  Clock Net Delay (Source):      2.414ns (routing 1.045ns, distribution 1.369ns)
  Clock Net Delay (Destination): 2.111ns (routing 0.955ns, distribution 1.156ns)
  Timing Exception:       False Path

    Location             Delay type                Incr(ns)  Path(ns)    Netlist Resource(s)
  -------------------------------------------------------------------    -------------------
                         (clock clk_pl_0 rise edge)
                                                      0.000     0.000 r  
    PS8_X0Y0             PS8                          0.000     0.000 r  system_i/ps/inst/PS8_i/PLCLK[0]
                         net (fo=1, routed)           0.229     0.229    system_i/ps/inst/pl_clk_unbuffered[0]
    BUFG_PS_X0Y80        BUFG_PS (Prop_BUFG_PS_I_O)
                                                      0.038     0.267 r  system_i/ps/inst/buffer_pl_clk_0.PL_CLK_0_BUFG/O
    X0Y1 (CLOCK_ROOT)    net (fo=8144, routed)        2.414     2.681    system_i/control_smc/inst/clk_map/psr_aclk/U0/aclk
    SLICE_X7Y121         FDRE                                         r  system_i/control_smc/inst/clk_map/psr_aclk/U0/ACTIVE_LOW_BSR_OUT_DFF[0].FDRE_BSR_N/C
  -------------------------------------------------------------------    -------------------
    SLICE_X7Y121         FDRE (Prop_HFF_SLICEM_C_Q)
                                                      0.114     2.795 r  system_i/control_smc/inst/clk_map/psr_aclk/U0/ACTIVE_LOW_BSR_OUT_DFF[0].FDRE_BSR_N/Q
                         net (fo=27, routed)          1.037     3.832    system_i/control_smc/inst/s00_entry_pipeline/s00_transaction_regulator/inst/xpm_cdc_async_rst_inst/src_arst
    SLICE_X4Y97          FDCE                                         f  system_i/control_smc/inst/s00_entry_pipeline/s00_transaction_regulator/inst/xpm_cdc_async_rst_inst/arststages_ff_reg[0]/CLR  (IS_INVERTED)
  -------------------------------------------------------------------    -------------------

                         (clock clk_pl_0 rise edge)
                                                      0.000     0.000 r  
    PS8_X0Y0             PS8                          0.000     0.000 r  system_i/ps/inst/PS8_i/PLCLK[0]
                         net (fo=1, routed)           0.181     0.181    system_i/ps/inst/pl_clk_unbuffered[0]
    BUFG_PS_X0Y80        BUFG_PS (Prop_BUFG_PS_I_O)
                                                      0.035     0.216 r  system_i/ps/inst/buffer_pl_clk_0.PL_CLK_0_BUFG/O
    X0Y1 (CLOCK_ROOT)    net (fo=8144, routed)        2.111     2.327    system_i/control_smc/inst/s00_entry_pipeline/s00_transaction_regulator/inst/xpm_cdc_async_rst_inst/dest_clk
    SLICE_X4Y97          FDCE                                         r  system_i/control_smc/inst/s00_entry_pipeline/s00_transaction_regulator/inst/xpm_cdc_async_rst_inst/arststages_ff_reg[0]/C

Slack:                    inf
  Source:                 system_i/control_smc/inst/clk_map/psr_aclk/U0/ACTIVE_LOW_BSR_OUT_DFF[0].FDRE_BSR_N/C
                            (rising edge-triggered cell FDRE clocked by clk_pl_0  {rise@0.000ns fall@5.000ns period=10.000ns})
  Destination:            system_i/control_smc/inst/s00_entry_pipeline/s00_transaction_regulator/inst/xpm_cdc_async_rst_inst/arststages_ff_reg[1]/CLR
                            (recovery check against rising-edge clock clk_pl_0  {rise@0.000ns fall@5.000ns period=10.000ns})
  Path Group:             (none)
  Path Type:              Recovery (Max at Slow Process Corner)
  Data Path Delay:        1.151ns  (logic 0.114ns (9.905%)  route 1.037ns (90.095%))
  Logic Levels:           0  
  Clock Path Skew:        -0.354ns (DCD - SCD + CPR)
    Destination Clock Delay (DCD):    2.327ns
    Source Clock Delay      (SCD):    2.681ns
    Clock Pessimism Removal (CPR):    0.000ns
  Clock Uncertainty:      0.160ns  ((TSJ^2 + DJ^2)^1/2) / 2 + PE
    Total System Jitter     (TSJ):    0.071ns
    Discrete Jitter          (DJ):    0.312ns
    Phase Error              (PE):    0.000ns
  Clock Net Delay (Source):      2.414ns (routing 1.045ns, distribution 1.369ns)
  Clock Net Delay (Destination): 2.111ns (routing 0.955ns, distribution 1.156ns)
  Timing Exception:       False Path

    Location             Delay type                Incr(ns)  Path(ns)    Netlist Resource(s)
  -------------------------------------------------------------------    -------------------
                         (clock clk_pl_0 rise edge)
                                                      0.000     0.000 r  
    PS8_X0Y0             PS8                          0.000     0.000 r  system_i/ps/inst/PS8_i/PLCLK[0]
                         net (fo=1, routed)           0.229     0.229    system_i/ps/inst/pl_clk_unbuffered[0]
    BUFG_PS_X0Y80        BUFG_PS (Prop_BUFG_PS_I_O)
                                                      0.038     0.267 r  system_i/ps/inst/buffer_pl_clk_0.PL_CLK_0_BUFG/O
    X0Y1 (CLOCK_ROOT)    net (fo=8144, routed)        2.414     2.681    system_i/control_smc/inst/clk_map/psr_aclk/U0/aclk
    SLICE_X7Y121         FDRE                                         r  system_i/control_smc/inst/clk_map/psr_aclk/U0/ACTIVE_LOW_BSR_OUT_DFF[0].FDRE_BSR_N/C
  -------------------------------------------------------------------    -------------------
    SLICE_X7Y121         FDRE (Prop_HFF_SLICEM_C_Q)
                                                      0.114     2.795 r  system_i/control_smc/inst/clk_map/psr_aclk/U0/ACTIVE_LOW_BSR_OUT_DFF[0].FDRE_BSR_N/Q
                         net (fo=27, routed)          1.037     3.832    system_i/control_smc/inst/s00_entry_pipeline/s00_transaction_regulator/inst/xpm_cdc_async_rst_inst/src_arst
    SLICE_X4Y97          FDCE                                         f  system_i/control_smc/inst/s00_entry_pipeline/s00_transaction_regulator/inst/xpm_cdc_async_rst_inst/arststages_ff_reg[1]/CLR  (IS_INVERTED)
  -------------------------------------------------------------------    -------------------

                         (clock clk_pl_0 rise edge)
                                                      0.000     0.000 r  
    PS8_X0Y0             PS8                          0.000     0.000 r  system_i/ps/inst/PS8_i/PLCLK[0]
                         net (fo=1, routed)           0.181     0.181    system_i/ps/inst/pl_clk_unbuffered[0]
    BUFG_PS_X0Y80        BUFG_PS (Prop_BUFG_PS_I_O)
                                                      0.035     0.216 r  system_i/ps/inst/buffer_pl_clk_0.PL_CLK_0_BUFG/O
    X0Y1 (CLOCK_ROOT)    net (fo=8144, routed)        2.111     2.327    system_i/control_smc/inst/s00_entry_pipeline/s00_transaction_regulator/inst/xpm_cdc_async_rst_inst/dest_clk
    SLICE_X4Y97          FDCE                                         r  system_i/control_smc/inst/s00_entry_pipeline/s00_transaction_regulator/inst/xpm_cdc_async_rst_inst/arststages_ff_reg[1]/C

Slack:                    inf
  Source:                 system_i/control_smc/inst/clk_map/psr_aclk/U0/ACTIVE_LOW_BSR_OUT_DFF[0].FDRE_BSR_N/C
                            (rising edge-triggered cell FDRE clocked by clk_pl_0  {rise@0.000ns fall@5.000ns period=10.000ns})
  Destination:            system_i/control_smc/inst/s00_entry_pipeline/s00_transaction_regulator/inst/xpm_cdc_async_rst_inst/arststages_ff_reg[2]/CLR
                            (recovery check against rising-edge clock clk_pl_0  {rise@0.000ns fall@5.000ns period=10.000ns})
  Path Group:             (none)
  Path Type:              Recovery (Max at Slow Process Corner)
  Data Path Delay:        1.151ns  (logic 0.114ns (9.905%)  route 1.037ns (90.095%))
  Logic Levels:           0  
  Clock Path Skew:        -0.354ns (DCD - SCD + CPR)
    Destination Clock Delay (DCD):    2.327ns
    Source Clock Delay      (SCD):    2.681ns
    Clock Pessimism Removal (CPR):    0.000ns
  Clock Uncertainty:      0.160ns  ((TSJ^2 + DJ^2)^1/2) / 2 + PE
    Total System Jitter     (TSJ):    0.071ns
    Discrete Jitter          (DJ):    0.312ns
    Phase Error              (PE):    0.000ns
  Clock Net Delay (Source):      2.414ns (routing 1.045ns, distribution 1.369ns)
  Clock Net Delay (Destination): 2.111ns (routing 0.955ns, distribution 1.156ns)
  Timing Exception:       False Path

    Location             Delay type                Incr(ns)  Path(ns)    Netlist Resource(s)
  -------------------------------------------------------------------    -------------------
                         (clock clk_pl_0 rise edge)
                                                      0.000     0.000 r  
    PS8_X0Y0             PS8                          0.000     0.000 r  system_i/ps/inst/PS8_i/PLCLK[0]
                         net (fo=1, routed)           0.229     0.229    system_i/ps/inst/pl_clk_unbuffered[0]
    BUFG_PS_X0Y80        BUFG_PS (Prop_BUFG_PS_I_O)
                                                      0.038     0.267 r  system_i/ps/inst/buffer_pl_clk_0.PL_CLK_0_BUFG/O
    X0Y1 (CLOCK_ROOT)    net (fo=8144, routed)        2.414     2.681    system_i/control_smc/inst/clk_map/psr_aclk/U0/aclk
    SLICE_X7Y121         FDRE                                         r  system_i/control_smc/inst/clk_map/psr_aclk/U0/ACTIVE_LOW_BSR_OUT_DFF[0].FDRE_BSR_N/C
  -------------------------------------------------------------------    -------------------
    SLICE_X7Y121         FDRE (Prop_HFF_SLICEM_C_Q)
                                                      0.114     2.795 r  system_i/control_smc/inst/clk_map/psr_aclk/U0/ACTIVE_LOW_BSR_OUT_DFF[0].FDRE_BSR_N/Q
                         net (fo=27, routed)          1.037     3.832    system_i/control_smc/inst/s00_entry_pipeline/s00_transaction_regulator/inst/xpm_cdc_async_rst_inst/src_arst
    SLICE_X4Y97          FDCE                                         f  system_i/control_smc/inst/s00_entry_pipeline/s00_transaction_regulator/inst/xpm_cdc_async_rst_inst/arststages_ff_reg[2]/CLR  (IS_INVERTED)
  -------------------------------------------------------------------    -------------------

                         (clock clk_pl_0 rise edge)
                                                      0.000     0.000 r  
    PS8_X0Y0             PS8                          0.000     0.000 r  system_i/ps/inst/PS8_i/PLCLK[0]
                         net (fo=1, routed)           0.181     0.181    system_i/ps/inst/pl_clk_unbuffered[0]
    BUFG_PS_X0Y80        BUFG_PS (Prop_BUFG_PS_I_O)
                                                      0.035     0.216 r  system_i/ps/inst/buffer_pl_clk_0.PL_CLK_0_BUFG/O
    X0Y1 (CLOCK_ROOT)    net (fo=8144, routed)        2.111     2.327    system_i/control_smc/inst/s00_entry_pipeline/s00_transaction_regulator/inst/xpm_cdc_async_rst_inst/dest_clk
    SLICE_X4Y97          FDCE                                         r  system_i/control_smc/inst/s00_entry_pipeline/s00_transaction_regulator/inst/xpm_cdc_async_rst_inst/arststages_ff_reg[2]/C

Slack:                    inf
  Source:                 system_i/memory_smc/inst/clk_map/psr_aclk/U0/ACTIVE_LOW_BSR_OUT_DFF[0].FDRE_BSR_N/C
                            (rising edge-triggered cell FDRE clocked by clk_pl_0  {rise@0.000ns fall@5.000ns period=10.000ns})
  Destination:            system_i/memory_smc/inst/s01_entry_pipeline/s01_si_converter/inst/xpm_cdc_async_rst_inst/arststages_ff_reg[0]/CLR
                            (recovery check against rising-edge clock clk_pl_0  {rise@0.000ns fall@5.000ns period=10.000ns})
  Path Group:             (none)
  Path Type:              Recovery (Max at Slow Process Corner)
  Data Path Delay:        1.176ns  (logic 0.114ns (9.696%)  route 1.062ns (90.304%))
  Logic Levels:           0  
  Clock Path Skew:        -0.260ns (DCD - SCD + CPR)
    Destination Clock Delay (DCD):    2.363ns
    Source Clock Delay      (SCD):    2.623ns
    Clock Pessimism Removal (CPR):    0.000ns
  Clock Uncertainty:      0.160ns  ((TSJ^2 + DJ^2)^1/2) / 2 + PE
    Total System Jitter     (TSJ):    0.071ns
    Discrete Jitter          (DJ):    0.312ns
    Phase Error              (PE):    0.000ns
  Clock Net Delay (Source):      2.356ns (routing 1.045ns, distribution 1.311ns)
  Clock Net Delay (Destination): 2.147ns (routing 0.955ns, distribution 1.192ns)
  Timing Exception:       False Path

    Location             Delay type                Incr(ns)  Path(ns)    Netlist Resource(s)
  -------------------------------------------------------------------    -------------------
                         (clock clk_pl_0 rise edge)
                                                      0.000     0.000 r  
    PS8_X0Y0             PS8                          0.000     0.000 r  system_i/ps/inst/PS8_i/PLCLK[0]
                         net (fo=1, routed)           0.229     0.229    system_i/ps/inst/pl_clk_unbuffered[0]
    BUFG_PS_X0Y80        BUFG_PS (Prop_BUFG_PS_I_O)
                                                      0.038     0.267 r  system_i/ps/inst/buffer_pl_clk_0.PL_CLK_0_BUFG/O
    X0Y1 (CLOCK_ROOT)    net (fo=8144, routed)        2.356     2.623    system_i/memory_smc/inst/clk_map/psr_aclk/U0/aclk
    SLICE_X9Y119         FDRE                                         r  system_i/memory_smc/inst/clk_map/psr_aclk/U0/ACTIVE_LOW_BSR_OUT_DFF[0].FDRE_BSR_N/C
  -------------------------------------------------------------------    -------------------
    SLICE_X9Y119         FDRE (Prop_DFF_SLICEL_C_Q)
                                                      0.114     2.737 r  system_i/memory_smc/inst/clk_map/psr_aclk/U0/ACTIVE_LOW_BSR_OUT_DFF[0].FDRE_BSR_N/Q
                         net (fo=45, routed)          1.062     3.799    system_i/memory_smc/inst/s01_entry_pipeline/s01_si_converter/inst/xpm_cdc_async_rst_inst/src_arst
    SLICE_X11Y83         FDCE                                         f  system_i/memory_smc/inst/s01_entry_pipeline/s01_si_converter/inst/xpm_cdc_async_rst_inst/arststages_ff_reg[0]/CLR  (IS_INVERTED)
  -------------------------------------------------------------------    -------------------

                         (clock clk_pl_0 rise edge)
                                                      0.000     0.000 r  
    PS8_X0Y0             PS8                          0.000     0.000 r  system_i/ps/inst/PS8_i/PLCLK[0]
                         net (fo=1, routed)           0.181     0.181    system_i/ps/inst/pl_clk_unbuffered[0]
    BUFG_PS_X0Y80        BUFG_PS (Prop_BUFG_PS_I_O)
                                                      0.035     0.216 r  system_i/ps/inst/buffer_pl_clk_0.PL_CLK_0_BUFG/O
    X0Y1 (CLOCK_ROOT)    net (fo=8144, routed)        2.147     2.363    system_i/memory_smc/inst/s01_entry_pipeline/s01_si_converter/inst/xpm_cdc_async_rst_inst/dest_clk
    SLICE_X11Y83         FDCE                                         r  system_i/memory_smc/inst/s01_entry_pipeline/s01_si_converter/inst/xpm_cdc_async_rst_inst/arststages_ff_reg[0]/C

Slack:                    inf
  Source:                 system_i/memory_smc/inst/clk_map/psr_aclk/U0/ACTIVE_LOW_BSR_OUT_DFF[0].FDRE_BSR_N/C
                            (rising edge-triggered cell FDRE clocked by clk_pl_0  {rise@0.000ns fall@5.000ns period=10.000ns})
  Destination:            system_i/memory_smc/inst/s01_entry_pipeline/s01_si_converter/inst/xpm_cdc_async_rst_inst/arststages_ff_reg[1]/CLR
                            (recovery check against rising-edge clock clk_pl_0  {rise@0.000ns fall@5.000ns period=10.000ns})
  Path Group:             (none)
  Path Type:              Recovery (Max at Slow Process Corner)
  Data Path Delay:        1.176ns  (logic 0.114ns (9.696%)  route 1.062ns (90.304%))
  Logic Levels:           0  
  Clock Path Skew:        -0.260ns (DCD - SCD + CPR)
    Destination Clock Delay (DCD):    2.363ns
    Source Clock Delay      (SCD):    2.623ns
    Clock Pessimism Removal (CPR):    0.000ns
  Clock Uncertainty:      0.160ns  ((TSJ^2 + DJ^2)^1/2) / 2 + PE
    Total System Jitter     (TSJ):    0.071ns
    Discrete Jitter          (DJ):    0.312ns
    Phase Error              (PE):    0.000ns
  Clock Net Delay (Source):      2.356ns (routing 1.045ns, distribution 1.311ns)
  Clock Net Delay (Destination): 2.147ns (routing 0.955ns, distribution 1.192ns)
  Timing Exception:       False Path

    Location             Delay type                Incr(ns)  Path(ns)    Netlist Resource(s)
  -------------------------------------------------------------------    -------------------
                         (clock clk_pl_0 rise edge)
                                                      0.000     0.000 r  
    PS8_X0Y0             PS8                          0.000     0.000 r  system_i/ps/inst/PS8_i/PLCLK[0]
                         net (fo=1, routed)           0.229     0.229    system_i/ps/inst/pl_clk_unbuffered[0]
    BUFG_PS_X0Y80        BUFG_PS (Prop_BUFG_PS_I_O)
                                                      0.038     0.267 r  system_i/ps/inst/buffer_pl_clk_0.PL_CLK_0_BUFG/O
    X0Y1 (CLOCK_ROOT)    net (fo=8144, routed)        2.356     2.623    system_i/memory_smc/inst/clk_map/psr_aclk/U0/aclk
    SLICE_X9Y119         FDRE                                         r  system_i/memory_smc/inst/clk_map/psr_aclk/U0/ACTIVE_LOW_BSR_OUT_DFF[0].FDRE_BSR_N/C
  -------------------------------------------------------------------    -------------------
    SLICE_X9Y119         FDRE (Prop_DFF_SLICEL_C_Q)
                                                      0.114     2.737 r  system_i/memory_smc/inst/clk_map/psr_aclk/U0/ACTIVE_LOW_BSR_OUT_DFF[0].FDRE_BSR_N/Q
                         net (fo=45, routed)          1.062     3.799    system_i/memory_smc/inst/s01_entry_pipeline/s01_si_converter/inst/xpm_cdc_async_rst_inst/src_arst
    SLICE_X11Y83         FDCE                                         f  system_i/memory_smc/inst/s01_entry_pipeline/s01_si_converter/inst/xpm_cdc_async_rst_inst/arststages_ff_reg[1]/CLR  (IS_INVERTED)
  -------------------------------------------------------------------    -------------------

                         (clock clk_pl_0 rise edge)
                                                      0.000     0.000 r  
    PS8_X0Y0             PS8                          0.000     0.000 r  system_i/ps/inst/PS8_i/PLCLK[0]
                         net (fo=1, routed)           0.181     0.181    system_i/ps/inst/pl_clk_unbuffered[0]
    BUFG_PS_X0Y80        BUFG_PS (Prop_BUFG_PS_I_O)
                                                      0.035     0.216 r  system_i/ps/inst/buffer_pl_clk_0.PL_CLK_0_BUFG/O
    X0Y1 (CLOCK_ROOT)    net (fo=8144, routed)        2.147     2.363    system_i/memory_smc/inst/s01_entry_pipeline/s01_si_converter/inst/xpm_cdc_async_rst_inst/dest_clk
    SLICE_X11Y83         FDCE                                         r  system_i/memory_smc/inst/s01_entry_pipeline/s01_si_converter/inst/xpm_cdc_async_rst_inst/arststages_ff_reg[1]/C

Slack:                    inf
  Source:                 system_i/memory_smc/inst/clk_map/psr_aclk/U0/ACTIVE_LOW_BSR_OUT_DFF[0].FDRE_BSR_N/C
                            (rising edge-triggered cell FDRE clocked by clk_pl_0  {rise@0.000ns fall@5.000ns period=10.000ns})
  Destination:            system_i/memory_smc/inst/s01_entry_pipeline/s01_si_converter/inst/xpm_cdc_async_rst_inst/arststages_ff_reg[2]/CLR
                            (recovery check against rising-edge clock clk_pl_0  {rise@0.000ns fall@5.000ns period=10.000ns})
  Path Group:             (none)
  Path Type:              Recovery (Max at Slow Process Corner)
  Data Path Delay:        1.176ns  (logic 0.114ns (9.696%)  route 1.062ns (90.304%))
  Logic Levels:           0  
  Clock Path Skew:        -0.260ns (DCD - SCD + CPR)
    Destination Clock Delay (DCD):    2.363ns
    Source Clock Delay      (SCD):    2.623ns
    Clock Pessimism Removal (CPR):    0.000ns
  Clock Uncertainty:      0.160ns  ((TSJ^2 + DJ^2)^1/2) / 2 + PE
    Total System Jitter     (TSJ):    0.071ns
    Discrete Jitter          (DJ):    0.312ns
    Phase Error              (PE):    0.000ns
  Clock Net Delay (Source):      2.356ns (routing 1.045ns, distribution 1.311ns)
  Clock Net Delay (Destination): 2.147ns (routing 0.955ns, distribution 1.192ns)
  Timing Exception:       False Path

    Location             Delay type                Incr(ns)  Path(ns)    Netlist Resource(s)
  -------------------------------------------------------------------    -------------------
                         (clock clk_pl_0 rise edge)
                                                      0.000     0.000 r  
    PS8_X0Y0             PS8                          0.000     0.000 r  system_i/ps/inst/PS8_i/PLCLK[0]
                         net (fo=1, routed)           0.229     0.229    system_i/ps/inst/pl_clk_unbuffered[0]
    BUFG_PS_X0Y80        BUFG_PS (Prop_BUFG_PS_I_O)
                                                      0.038     0.267 r  system_i/ps/inst/buffer_pl_clk_0.PL_CLK_0_BUFG/O
    X0Y1 (CLOCK_ROOT)    net (fo=8144, routed)        2.356     2.623    system_i/memory_smc/inst/clk_map/psr_aclk/U0/aclk
    SLICE_X9Y119         FDRE                                         r  system_i/memory_smc/inst/clk_map/psr_aclk/U0/ACTIVE_LOW_BSR_OUT_DFF[0].FDRE_BSR_N/C
  -------------------------------------------------------------------    -------------------
    SLICE_X9Y119         FDRE (Prop_DFF_SLICEL_C_Q)
                                                      0.114     2.737 r  system_i/memory_smc/inst/clk_map/psr_aclk/U0/ACTIVE_LOW_BSR_OUT_DFF[0].FDRE_BSR_N/Q
                         net (fo=45, routed)          1.062     3.799    system_i/memory_smc/inst/s01_entry_pipeline/s01_si_converter/inst/xpm_cdc_async_rst_inst/src_arst
    SLICE_X11Y83         FDCE                                         f  system_i/memory_smc/inst/s01_entry_pipeline/s01_si_converter/inst/xpm_cdc_async_rst_inst/arststages_ff_reg[2]/CLR  (IS_INVERTED)
  -------------------------------------------------------------------    -------------------

                         (clock clk_pl_0 rise edge)
                                                      0.000     0.000 r  
    PS8_X0Y0             PS8                          0.000     0.000 r  system_i/ps/inst/PS8_i/PLCLK[0]
                         net (fo=1, routed)           0.181     0.181    system_i/ps/inst/pl_clk_unbuffered[0]
    BUFG_PS_X0Y80        BUFG_PS (Prop_BUFG_PS_I_O)
                                                      0.035     0.216 r  system_i/ps/inst/buffer_pl_clk_0.PL_CLK_0_BUFG/O
    X0Y1 (CLOCK_ROOT)    net (fo=8144, routed)        2.147     2.363    system_i/memory_smc/inst/s01_entry_pipeline/s01_si_converter/inst/xpm_cdc_async_rst_inst/dest_clk
    SLICE_X11Y83         FDCE                                         r  system_i/memory_smc/inst/s01_entry_pipeline/s01_si_converter/inst/xpm_cdc_async_rst_inst/arststages_ff_reg[2]/C

Slack:                    inf
  Source:                 system_i/control_smc/inst/clk_map/psr_aclk/U0/ACTIVE_LOW_BSR_OUT_DFF[0].FDRE_BSR_N/C
                            (rising edge-triggered cell FDRE clocked by clk_pl_0  {rise@0.000ns fall@5.000ns period=10.000ns})
  Destination:            system_i/control_smc/inst/s00_entry_pipeline/s00_mmu/inst/xpm_cdc_async_rst_inst/arststages_ff_reg[0]/CLR
                            (recovery check against rising-edge clock clk_pl_0  {rise@0.000ns fall@5.000ns period=10.000ns})
  Path Group:             (none)
  Path Type:              Recovery (Max at Slow Process Corner)
  Data Path Delay:        1.023ns  (logic 0.114ns (11.144%)  route 0.909ns (88.856%))
  Logic Levels:           0  
  Clock Path Skew:        -0.349ns (DCD - SCD + CPR)
    Destination Clock Delay (DCD):    2.332ns
    Source Clock Delay      (SCD):    2.681ns
    Clock Pessimism Removal (CPR):    0.000ns
  Clock Uncertainty:      0.160ns  ((TSJ^2 + DJ^2)^1/2) / 2 + PE
    Total System Jitter     (TSJ):    0.071ns
    Discrete Jitter          (DJ):    0.312ns
    Phase Error              (PE):    0.000ns
  Clock Net Delay (Source):      2.414ns (routing 1.045ns, distribution 1.369ns)
  Clock Net Delay (Destination): 2.116ns (routing 0.955ns, distribution 1.161ns)
  Timing Exception:       False Path

    Location             Delay type                Incr(ns)  Path(ns)    Netlist Resource(s)
  -------------------------------------------------------------------    -------------------
                         (clock clk_pl_0 rise edge)
                                                      0.000     0.000 r  
    PS8_X0Y0             PS8                          0.000     0.000 r  system_i/ps/inst/PS8_i/PLCLK[0]
                         net (fo=1, routed)           0.229     0.229    system_i/ps/inst/pl_clk_unbuffered[0]
    BUFG_PS_X0Y80        BUFG_PS (Prop_BUFG_PS_I_O)
                                                      0.038     0.267 r  system_i/ps/inst/buffer_pl_clk_0.PL_CLK_0_BUFG/O
    X0Y1 (CLOCK_ROOT)    net (fo=8144, routed)        2.414     2.681    system_i/control_smc/inst/clk_map/psr_aclk/U0/aclk
    SLICE_X7Y121         FDRE                                         r  system_i/control_smc/inst/clk_map/psr_aclk/U0/ACTIVE_LOW_BSR_OUT_DFF[0].FDRE_BSR_N/C
  -------------------------------------------------------------------    -------------------
    SLICE_X7Y121         FDRE (Prop_HFF_SLICEM_C_Q)
                                                      0.114     2.795 r  system_i/control_smc/inst/clk_map/psr_aclk/U0/ACTIVE_LOW_BSR_OUT_DFF[0].FDRE_BSR_N/Q
                         net (fo=27, routed)          0.909     3.704    system_i/control_smc/inst/s00_entry_pipeline/s00_mmu/inst/xpm_cdc_async_rst_inst/src_arst
    SLICE_X1Y101         FDCE                                         f  system_i/control_smc/inst/s00_entry_pipeline/s00_mmu/inst/xpm_cdc_async_rst_inst/arststages_ff_reg[0]/CLR  (IS_INVERTED)
  -------------------------------------------------------------------    -------------------

                         (clock clk_pl_0 rise edge)
                                                      0.000     0.000 r  
    PS8_X0Y0             PS8                          0.000     0.000 r  system_i/ps/inst/PS8_i/PLCLK[0]
                         net (fo=1, routed)           0.181     0.181    system_i/ps/inst/pl_clk_unbuffered[0]
    BUFG_PS_X0Y80        BUFG_PS (Prop_BUFG_PS_I_O)
                                                      0.035     0.216 r  system_i/ps/inst/buffer_pl_clk_0.PL_CLK_0_BUFG/O
    X0Y1 (CLOCK_ROOT)    net (fo=8144, routed)        2.116     2.332    system_i/control_smc/inst/s00_entry_pipeline/s00_mmu/inst/xpm_cdc_async_rst_inst/dest_clk
    SLICE_X1Y101         FDCE                                         r  system_i/control_smc/inst/s00_entry_pipeline/s00_mmu/inst/xpm_cdc_async_rst_inst/arststages_ff_reg[0]/C

Slack:                    inf
  Source:                 system_i/control_smc/inst/clk_map/psr_aclk/U0/ACTIVE_LOW_BSR_OUT_DFF[0].FDRE_BSR_N/C
                            (rising edge-triggered cell FDRE clocked by clk_pl_0  {rise@0.000ns fall@5.000ns period=10.000ns})
  Destination:            system_i/control_smc/inst/s00_entry_pipeline/s00_mmu/inst/xpm_cdc_async_rst_inst/arststages_ff_reg[1]/CLR
                            (recovery check against rising-edge clock clk_pl_0  {rise@0.000ns fall@5.000ns period=10.000ns})
  Path Group:             (none)
  Path Type:              Recovery (Max at Slow Process Corner)
  Data Path Delay:        1.023ns  (logic 0.114ns (11.144%)  route 0.909ns (88.856%))
  Logic Levels:           0  
  Clock Path Skew:        -0.349ns (DCD - SCD + CPR)
    Destination Clock Delay (DCD):    2.332ns
    Source Clock Delay      (SCD):    2.681ns
    Clock Pessimism Removal (CPR):    0.000ns
  Clock Uncertainty:      0.160ns  ((TSJ^2 + DJ^2)^1/2) / 2 + PE
    Total System Jitter     (TSJ):    0.071ns
    Discrete Jitter          (DJ):    0.312ns
    Phase Error              (PE):    0.000ns
  Clock Net Delay (Source):      2.414ns (routing 1.045ns, distribution 1.369ns)
  Clock Net Delay (Destination): 2.116ns (routing 0.955ns, distribution 1.161ns)
  Timing Exception:       False Path

    Location             Delay type                Incr(ns)  Path(ns)    Netlist Resource(s)
  -------------------------------------------------------------------    -------------------
                         (clock clk_pl_0 rise edge)
                                                      0.000     0.000 r  
    PS8_X0Y0             PS8                          0.000     0.000 r  system_i/ps/inst/PS8_i/PLCLK[0]
                         net (fo=1, routed)           0.229     0.229    system_i/ps/inst/pl_clk_unbuffered[0]
    BUFG_PS_X0Y80        BUFG_PS (Prop_BUFG_PS_I_O)
                                                      0.038     0.267 r  system_i/ps/inst/buffer_pl_clk_0.PL_CLK_0_BUFG/O
    X0Y1 (CLOCK_ROOT)    net (fo=8144, routed)        2.414     2.681    system_i/control_smc/inst/clk_map/psr_aclk/U0/aclk
    SLICE_X7Y121         FDRE                                         r  system_i/control_smc/inst/clk_map/psr_aclk/U0/ACTIVE_LOW_BSR_OUT_DFF[0].FDRE_BSR_N/C
  -------------------------------------------------------------------    -------------------
    SLICE_X7Y121         FDRE (Prop_HFF_SLICEM_C_Q)
                                                      0.114     2.795 r  system_i/control_smc/inst/clk_map/psr_aclk/U0/ACTIVE_LOW_BSR_OUT_DFF[0].FDRE_BSR_N/Q
                         net (fo=27, routed)          0.909     3.704    system_i/control_smc/inst/s00_entry_pipeline/s00_mmu/inst/xpm_cdc_async_rst_inst/src_arst
    SLICE_X1Y101         FDCE                                         f  system_i/control_smc/inst/s00_entry_pipeline/s00_mmu/inst/xpm_cdc_async_rst_inst/arststages_ff_reg[1]/CLR  (IS_INVERTED)
  -------------------------------------------------------------------    -------------------

                         (clock clk_pl_0 rise edge)
                                                      0.000     0.000 r  
    PS8_X0Y0             PS8                          0.000     0.000 r  system_i/ps/inst/PS8_i/PLCLK[0]
                         net (fo=1, routed)           0.181     0.181    system_i/ps/inst/pl_clk_unbuffered[0]
    BUFG_PS_X0Y80        BUFG_PS (Prop_BUFG_PS_I_O)
                                                      0.035     0.216 r  system_i/ps/inst/buffer_pl_clk_0.PL_CLK_0_BUFG/O
    X0Y1 (CLOCK_ROOT)    net (fo=8144, routed)        2.116     2.332    system_i/control_smc/inst/s00_entry_pipeline/s00_mmu/inst/xpm_cdc_async_rst_inst/dest_clk
    SLICE_X1Y101         FDCE                                         r  system_i/control_smc/inst/s00_entry_pipeline/s00_mmu/inst/xpm_cdc_async_rst_inst/arststages_ff_reg[1]/C





Min Delay Paths
--------------------------------------------------------------------------------------
Slack:                    inf
  Source:                 system_i/control_smc/inst/clk_map/psr_aclk/U0/ACTIVE_LOW_BSR_OUT_DFF[0].FDRE_BSR_N/C
                            (rising edge-triggered cell FDRE clocked by clk_pl_0  {rise@0.000ns fall@5.000ns period=10.000ns})
  Destination:            system_i/control_smc/inst/m00_exit_pipeline/m00_exit/inst/xpm_cdc_async_rst_inst/arststages_ff_reg[0]/CLR
                            (removal check against rising-edge clock clk_pl_0  {rise@0.000ns fall@5.000ns period=10.000ns})
  Path Group:             (none)
  Path Type:              Removal (Min at Fast Process Corner)
  Data Path Delay:        0.186ns  (logic 0.083ns (44.558%)  route 0.103ns (55.441%))
  Logic Levels:           0  
  Clock Path Skew:        0.164ns (DCD - SCD - CPR)
    Destination Clock Delay (DCD):    1.627ns
    Source Clock Delay      (SCD):    1.464ns
    Clock Pessimism Removal (CPR):    -0.000ns
  Clock Uncertainty:      0.160ns  ((TSJ^2 + DJ^2)^1/2) / 2 + PE
    Total System Jitter     (TSJ):    0.071ns
    Discrete Jitter          (DJ):    0.312ns
    Phase Error              (PE):    0.000ns
  Clock Net Delay (Source):      1.313ns (routing 0.572ns, distribution 0.741ns)
  Clock Net Delay (Destination): 1.440ns (routing 0.623ns, distribution 0.817ns)
  Timing Exception:       False Path

    Location             Delay type                Incr(ns)  Path(ns)    Netlist Resource(s)
  -------------------------------------------------------------------    -------------------
                         (clock clk_pl_0 rise edge)
                                                      0.000     0.000 r  
    PS8_X0Y0             PS8                          0.000     0.000 r  system_i/ps/inst/PS8_i/PLCLK[0]
                         net (fo=1, routed)           0.129     0.129    system_i/ps/inst/pl_clk_unbuffered[0]
    BUFG_PS_X0Y80        BUFG_PS (Prop_BUFG_PS_I_O)
                                                      0.022     0.151 r  system_i/ps/inst/buffer_pl_clk_0.PL_CLK_0_BUFG/O
    X0Y1 (CLOCK_ROOT)    net (fo=8144, routed)        1.313     1.464    system_i/control_smc/inst/clk_map/psr_aclk/U0/aclk
    SLICE_X7Y121         FDRE                                         r  system_i/control_smc/inst/clk_map/psr_aclk/U0/ACTIVE_LOW_BSR_OUT_DFF[0].FDRE_BSR_N/C
  -------------------------------------------------------------------    -------------------
    SLICE_X7Y121         FDRE (Prop_HFF_SLICEM_C_Q)
                                                      0.083     1.547 r  system_i/control_smc/inst/clk_map/psr_aclk/U0/ACTIVE_LOW_BSR_OUT_DFF[0].FDRE_BSR_N/Q
                         net (fo=27, routed)          0.103     1.650    system_i/control_smc/inst/m00_exit_pipeline/m00_exit/inst/xpm_cdc_async_rst_inst/src_arst
    SLICE_X4Y121         FDCE                                         f  system_i/control_smc/inst/m00_exit_pipeline/m00_exit/inst/xpm_cdc_async_rst_inst/arststages_ff_reg[0]/CLR  (IS_INVERTED)
  -------------------------------------------------------------------    -------------------

                         (clock clk_pl_0 rise edge)
                                                      0.000     0.000 r  
    PS8_X0Y0             PS8                          0.000     0.000 r  system_i/ps/inst/PS8_i/PLCLK[0]
                         net (fo=1, routed)           0.164     0.164    system_i/ps/inst/pl_clk_unbuffered[0]
    BUFG_PS_X0Y80        BUFG_PS (Prop_BUFG_PS_I_O)
                                                      0.023     0.187 r  system_i/ps/inst/buffer_pl_clk_0.PL_CLK_0_BUFG/O
    X0Y1 (CLOCK_ROOT)    net (fo=8144, routed)        1.440     1.627    system_i/control_smc/inst/m00_exit_pipeline/m00_exit/inst/xpm_cdc_async_rst_inst/dest_clk
    SLICE_X4Y121         FDCE                                         r  system_i/control_smc/inst/m00_exit_pipeline/m00_exit/inst/xpm_cdc_async_rst_inst/arststages_ff_reg[0]/C

Slack:                    inf
  Source:                 system_i/control_smc/inst/clk_map/psr_aclk/U0/ACTIVE_LOW_BSR_OUT_DFF[0].FDRE_BSR_N/C
                            (rising edge-triggered cell FDRE clocked by clk_pl_0  {rise@0.000ns fall@5.000ns period=10.000ns})
  Destination:            system_i/control_smc/inst/m00_exit_pipeline/m00_exit/inst/xpm_cdc_async_rst_inst/arststages_ff_reg[1]/CLR
                            (removal check against rising-edge clock clk_pl_0  {rise@0.000ns fall@5.000ns period=10.000ns})
  Path Group:             (none)
  Path Type:              Removal (Min at Fast Process Corner)
  Data Path Delay:        0.186ns  (logic 0.083ns (44.558%)  route 0.103ns (55.441%))
  Logic Levels:           0  
  Clock Path Skew:        0.164ns (DCD - SCD - CPR)
    Destination Clock Delay (DCD):    1.627ns
    Source Clock Delay      (SCD):    1.464ns
    Clock Pessimism Removal (CPR):    -0.000ns
  Clock Uncertainty:      0.160ns  ((TSJ^2 + DJ^2)^1/2) / 2 + PE
    Total System Jitter     (TSJ):    0.071ns
    Discrete Jitter          (DJ):    0.312ns
    Phase Error              (PE):    0.000ns
  Clock Net Delay (Source):      1.313ns (routing 0.572ns, distribution 0.741ns)
  Clock Net Delay (Destination): 1.440ns (routing 0.623ns, distribution 0.817ns)
  Timing Exception:       False Path

    Location             Delay type                Incr(ns)  Path(ns)    Netlist Resource(s)
  -------------------------------------------------------------------    -------------------
                         (clock clk_pl_0 rise edge)
                                                      0.000     0.000 r  
    PS8_X0Y0             PS8                          0.000     0.000 r  system_i/ps/inst/PS8_i/PLCLK[0]
                         net (fo=1, routed)           0.129     0.129    system_i/ps/inst/pl_clk_unbuffered[0]
    BUFG_PS_X0Y80        BUFG_PS (Prop_BUFG_PS_I_O)
                                                      0.022     0.151 r  system_i/ps/inst/buffer_pl_clk_0.PL_CLK_0_BUFG/O
    X0Y1 (CLOCK_ROOT)    net (fo=8144, routed)        1.313     1.464    system_i/control_smc/inst/clk_map/psr_aclk/U0/aclk
    SLICE_X7Y121         FDRE                                         r  system_i/control_smc/inst/clk_map/psr_aclk/U0/ACTIVE_LOW_BSR_OUT_DFF[0].FDRE_BSR_N/C
  -------------------------------------------------------------------    -------------------
    SLICE_X7Y121         FDRE (Prop_HFF_SLICEM_C_Q)
                                                      0.083     1.547 r  system_i/control_smc/inst/clk_map/psr_aclk/U0/ACTIVE_LOW_BSR_OUT_DFF[0].FDRE_BSR_N/Q
                         net (fo=27, routed)          0.103     1.650    system_i/control_smc/inst/m00_exit_pipeline/m00_exit/inst/xpm_cdc_async_rst_inst/src_arst
    SLICE_X4Y121         FDCE                                         f  system_i/control_smc/inst/m00_exit_pipeline/m00_exit/inst/xpm_cdc_async_rst_inst/arststages_ff_reg[1]/CLR  (IS_INVERTED)
  -------------------------------------------------------------------    -------------------

                         (clock clk_pl_0 rise edge)
                                                      0.000     0.000 r  
    PS8_X0Y0             PS8                          0.000     0.000 r  system_i/ps/inst/PS8_i/PLCLK[0]
                         net (fo=1, routed)           0.164     0.164    system_i/ps/inst/pl_clk_unbuffered[0]
    BUFG_PS_X0Y80        BUFG_PS (Prop_BUFG_PS_I_O)
                                                      0.023     0.187 r  system_i/ps/inst/buffer_pl_clk_0.PL_CLK_0_BUFG/O
    X0Y1 (CLOCK_ROOT)    net (fo=8144, routed)        1.440     1.627    system_i/control_smc/inst/m00_exit_pipeline/m00_exit/inst/xpm_cdc_async_rst_inst/dest_clk
    SLICE_X4Y121         FDCE                                         r  system_i/control_smc/inst/m00_exit_pipeline/m00_exit/inst/xpm_cdc_async_rst_inst/arststages_ff_reg[1]/C

Slack:                    inf
  Source:                 system_i/control_smc/inst/clk_map/psr_aclk/U0/ACTIVE_LOW_BSR_OUT_DFF[0].FDRE_BSR_N/C
                            (rising edge-triggered cell FDRE clocked by clk_pl_0  {rise@0.000ns fall@5.000ns period=10.000ns})
  Destination:            system_i/control_smc/inst/m00_exit_pipeline/m00_exit/inst/xpm_cdc_async_rst_inst/arststages_ff_reg[2]/CLR
                            (removal check against rising-edge clock clk_pl_0  {rise@0.000ns fall@5.000ns period=10.000ns})
  Path Group:             (none)
  Path Type:              Removal (Min at Fast Process Corner)
  Data Path Delay:        0.186ns  (logic 0.083ns (44.558%)  route 0.103ns (55.441%))
  Logic Levels:           0  
  Clock Path Skew:        0.164ns (DCD - SCD - CPR)
    Destination Clock Delay (DCD):    1.627ns
    Source Clock Delay      (SCD):    1.464ns
    Clock Pessimism Removal (CPR):    -0.000ns
  Clock Uncertainty:      0.160ns  ((TSJ^2 + DJ^2)^1/2) / 2 + PE
    Total System Jitter     (TSJ):    0.071ns
    Discrete Jitter          (DJ):    0.312ns
    Phase Error              (PE):    0.000ns
  Clock Net Delay (Source):      1.313ns (routing 0.572ns, distribution 0.741ns)
  Clock Net Delay (Destination): 1.440ns (routing 0.623ns, distribution 0.817ns)
  Timing Exception:       False Path

    Location             Delay type                Incr(ns)  Path(ns)    Netlist Resource(s)
  -------------------------------------------------------------------    -------------------
                         (clock clk_pl_0 rise edge)
                                                      0.000     0.000 r  
    PS8_X0Y0             PS8                          0.000     0.000 r  system_i/ps/inst/PS8_i/PLCLK[0]
                         net (fo=1, routed)           0.129     0.129    system_i/ps/inst/pl_clk_unbuffered[0]
    BUFG_PS_X0Y80        BUFG_PS (Prop_BUFG_PS_I_O)
                                                      0.022     0.151 r  system_i/ps/inst/buffer_pl_clk_0.PL_CLK_0_BUFG/O
    X0Y1 (CLOCK_ROOT)    net (fo=8144, routed)        1.313     1.464    system_i/control_smc/inst/clk_map/psr_aclk/U0/aclk
    SLICE_X7Y121         FDRE                                         r  system_i/control_smc/inst/clk_map/psr_aclk/U0/ACTIVE_LOW_BSR_OUT_DFF[0].FDRE_BSR_N/C
  -------------------------------------------------------------------    -------------------
    SLICE_X7Y121         FDRE (Prop_HFF_SLICEM_C_Q)
                                                      0.083     1.547 r  system_i/control_smc/inst/clk_map/psr_aclk/U0/ACTIVE_LOW_BSR_OUT_DFF[0].FDRE_BSR_N/Q
                         net (fo=27, routed)          0.103     1.650    system_i/control_smc/inst/m00_exit_pipeline/m00_exit/inst/xpm_cdc_async_rst_inst/src_arst
    SLICE_X4Y121         FDCE                                         f  system_i/control_smc/inst/m00_exit_pipeline/m00_exit/inst/xpm_cdc_async_rst_inst/arststages_ff_reg[2]/CLR  (IS_INVERTED)
  -------------------------------------------------------------------    -------------------

                         (clock clk_pl_0 rise edge)
                                                      0.000     0.000 r  
    PS8_X0Y0             PS8                          0.000     0.000 r  system_i/ps/inst/PS8_i/PLCLK[0]
                         net (fo=1, routed)           0.164     0.164    system_i/ps/inst/pl_clk_unbuffered[0]
    BUFG_PS_X0Y80        BUFG_PS (Prop_BUFG_PS_I_O)
                                                      0.023     0.187 r  system_i/ps/inst/buffer_pl_clk_0.PL_CLK_0_BUFG/O
    X0Y1 (CLOCK_ROOT)    net (fo=8144, routed)        1.440     1.627    system_i/control_smc/inst/m00_exit_pipeline/m00_exit/inst/xpm_cdc_async_rst_inst/dest_clk
    SLICE_X4Y121         FDCE                                         r  system_i/control_smc/inst/m00_exit_pipeline/m00_exit/inst/xpm_cdc_async_rst_inst/arststages_ff_reg[2]/C

Slack:                    inf
  Source:                 system_i/control_smc/inst/clk_map/psr_aclk/U0/ACTIVE_LOW_BSR_OUT_DFF[0].FDRE_BSR_N/C
                            (rising edge-triggered cell FDRE clocked by clk_pl_0  {rise@0.000ns fall@5.000ns period=10.000ns})
  Destination:            system_i/control_smc/inst/s00_entry_pipeline/s00_si_converter/inst/xpm_cdc_async_rst_inst/arststages_ff_reg[0]/CLR
                            (removal check against rising-edge clock clk_pl_0  {rise@0.000ns fall@5.000ns period=10.000ns})
  Path Group:             (none)
  Path Type:              Removal (Min at Fast Process Corner)
  Data Path Delay:        0.207ns  (logic 0.083ns (40.044%)  route 0.124ns (59.956%))
  Logic Levels:           0  
  Clock Path Skew:        0.170ns (DCD - SCD - CPR)
    Destination Clock Delay (DCD):    1.633ns
    Source Clock Delay      (SCD):    1.464ns
    Clock Pessimism Removal (CPR):    -0.000ns
  Clock Uncertainty:      0.160ns  ((TSJ^2 + DJ^2)^1/2) / 2 + PE
    Total System Jitter     (TSJ):    0.071ns
    Discrete Jitter          (DJ):    0.312ns
    Phase Error              (PE):    0.000ns
  Clock Net Delay (Source):      1.313ns (routing 0.572ns, distribution 0.741ns)
  Clock Net Delay (Destination): 1.446ns (routing 0.623ns, distribution 0.823ns)
  Timing Exception:       False Path

    Location             Delay type                Incr(ns)  Path(ns)    Netlist Resource(s)
  -------------------------------------------------------------------    -------------------
                         (clock clk_pl_0 rise edge)
                                                      0.000     0.000 r  
    PS8_X0Y0             PS8                          0.000     0.000 r  system_i/ps/inst/PS8_i/PLCLK[0]
                         net (fo=1, routed)           0.129     0.129    system_i/ps/inst/pl_clk_unbuffered[0]
    BUFG_PS_X0Y80        BUFG_PS (Prop_BUFG_PS_I_O)
                                                      0.022     0.151 r  system_i/ps/inst/buffer_pl_clk_0.PL_CLK_0_BUFG/O
    X0Y1 (CLOCK_ROOT)    net (fo=8144, routed)        1.313     1.464    system_i/control_smc/inst/clk_map/psr_aclk/U0/aclk
    SLICE_X7Y121         FDRE                                         r  system_i/control_smc/inst/clk_map/psr_aclk/U0/ACTIVE_LOW_BSR_OUT_DFF[0].FDRE_BSR_N/C
  -------------------------------------------------------------------    -------------------
    SLICE_X7Y121         FDRE (Prop_HFF_SLICEM_C_Q)
                                                      0.083     1.547 r  system_i/control_smc/inst/clk_map/psr_aclk/U0/ACTIVE_LOW_BSR_OUT_DFF[0].FDRE_BSR_N/Q
                         net (fo=27, routed)          0.124     1.671    system_i/control_smc/inst/s00_entry_pipeline/s00_si_converter/inst/xpm_cdc_async_rst_inst/src_arst
    SLICE_X4Y122         FDCE                                         f  system_i/control_smc/inst/s00_entry_pipeline/s00_si_converter/inst/xpm_cdc_async_rst_inst/arststages_ff_reg[0]/CLR  (IS_INVERTED)
  -------------------------------------------------------------------    -------------------

                         (clock clk_pl_0 rise edge)
                                                      0.000     0.000 r  
    PS8_X0Y0             PS8                          0.000     0.000 r  system_i/ps/inst/PS8_i/PLCLK[0]
                         net (fo=1, routed)           0.164     0.164    system_i/ps/inst/pl_clk_unbuffered[0]
    BUFG_PS_X0Y80        BUFG_PS (Prop_BUFG_PS_I_O)
                                                      0.023     0.187 r  system_i/ps/inst/buffer_pl_clk_0.PL_CLK_0_BUFG/O
    X0Y1 (CLOCK_ROOT)    net (fo=8144, routed)        1.446     1.633    system_i/control_smc/inst/s00_entry_pipeline/s00_si_converter/inst/xpm_cdc_async_rst_inst/dest_clk
    SLICE_X4Y122         FDCE                                         r  system_i/control_smc/inst/s00_entry_pipeline/s00_si_converter/inst/xpm_cdc_async_rst_inst/arststages_ff_reg[0]/C

Slack:                    inf
  Source:                 system_i/control_smc/inst/clk_map/psr_aclk/U0/ACTIVE_LOW_BSR_OUT_DFF[0].FDRE_BSR_N/C
                            (rising edge-triggered cell FDRE clocked by clk_pl_0  {rise@0.000ns fall@5.000ns period=10.000ns})
  Destination:            system_i/control_smc/inst/s00_entry_pipeline/s00_si_converter/inst/xpm_cdc_async_rst_inst/arststages_ff_reg[1]/CLR
                            (removal check against rising-edge clock clk_pl_0  {rise@0.000ns fall@5.000ns period=10.000ns})
  Path Group:             (none)
  Path Type:              Removal (Min at Fast Process Corner)
  Data Path Delay:        0.207ns  (logic 0.083ns (40.044%)  route 0.124ns (59.956%))
  Logic Levels:           0  
  Clock Path Skew:        0.170ns (DCD - SCD - CPR)
    Destination Clock Delay (DCD):    1.633ns
    Source Clock Delay      (SCD):    1.464ns
    Clock Pessimism Removal (CPR):    -0.000ns
  Clock Uncertainty:      0.160ns  ((TSJ^2 + DJ^2)^1/2) / 2 + PE
    Total System Jitter     (TSJ):    0.071ns
    Discrete Jitter          (DJ):    0.312ns
    Phase Error              (PE):    0.000ns
  Clock Net Delay (Source):      1.313ns (routing 0.572ns, distribution 0.741ns)
  Clock Net Delay (Destination): 1.446ns (routing 0.623ns, distribution 0.823ns)
  Timing Exception:       False Path

    Location             Delay type                Incr(ns)  Path(ns)    Netlist Resource(s)
  -------------------------------------------------------------------    -------------------
                         (clock clk_pl_0 rise edge)
                                                      0.000     0.000 r  
    PS8_X0Y0             PS8                          0.000     0.000 r  system_i/ps/inst/PS8_i/PLCLK[0]
                         net (fo=1, routed)           0.129     0.129    system_i/ps/inst/pl_clk_unbuffered[0]
    BUFG_PS_X0Y80        BUFG_PS (Prop_BUFG_PS_I_O)
                                                      0.022     0.151 r  system_i/ps/inst/buffer_pl_clk_0.PL_CLK_0_BUFG/O
    X0Y1 (CLOCK_ROOT)    net (fo=8144, routed)        1.313     1.464    system_i/control_smc/inst/clk_map/psr_aclk/U0/aclk
    SLICE_X7Y121         FDRE                                         r  system_i/control_smc/inst/clk_map/psr_aclk/U0/ACTIVE_LOW_BSR_OUT_DFF[0].FDRE_BSR_N/C
  -------------------------------------------------------------------    -------------------
    SLICE_X7Y121         FDRE (Prop_HFF_SLICEM_C_Q)
                                                      0.083     1.547 r  system_i/control_smc/inst/clk_map/psr_aclk/U0/ACTIVE_LOW_BSR_OUT_DFF[0].FDRE_BSR_N/Q
                         net (fo=27, routed)          0.124     1.671    system_i/control_smc/inst/s00_entry_pipeline/s00_si_converter/inst/xpm_cdc_async_rst_inst/src_arst
    SLICE_X4Y122         FDCE                                         f  system_i/control_smc/inst/s00_entry_pipeline/s00_si_converter/inst/xpm_cdc_async_rst_inst/arststages_ff_reg[1]/CLR  (IS_INVERTED)
  -------------------------------------------------------------------    -------------------

                         (clock clk_pl_0 rise edge)
                                                      0.000     0.000 r  
    PS8_X0Y0             PS8                          0.000     0.000 r  system_i/ps/inst/PS8_i/PLCLK[0]
                         net (fo=1, routed)           0.164     0.164    system_i/ps/inst/pl_clk_unbuffered[0]
    BUFG_PS_X0Y80        BUFG_PS (Prop_BUFG_PS_I_O)
                                                      0.023     0.187 r  system_i/ps/inst/buffer_pl_clk_0.PL_CLK_0_BUFG/O
    X0Y1 (CLOCK_ROOT)    net (fo=8144, routed)        1.446     1.633    system_i/control_smc/inst/s00_entry_pipeline/s00_si_converter/inst/xpm_cdc_async_rst_inst/dest_clk
    SLICE_X4Y122         FDCE                                         r  system_i/control_smc/inst/s00_entry_pipeline/s00_si_converter/inst/xpm_cdc_async_rst_inst/arststages_ff_reg[1]/C

Slack:                    inf
  Source:                 system_i/control_smc/inst/clk_map/psr_aclk/U0/ACTIVE_LOW_BSR_OUT_DFF[0].FDRE_BSR_N/C
                            (rising edge-triggered cell FDRE clocked by clk_pl_0  {rise@0.000ns fall@5.000ns period=10.000ns})
  Destination:            system_i/control_smc/inst/s00_entry_pipeline/s00_si_converter/inst/xpm_cdc_async_rst_inst/arststages_ff_reg[2]/CLR
                            (removal check against rising-edge clock clk_pl_0  {rise@0.000ns fall@5.000ns period=10.000ns})
  Path Group:             (none)
  Path Type:              Removal (Min at Fast Process Corner)
  Data Path Delay:        0.207ns  (logic 0.083ns (40.044%)  route 0.124ns (59.956%))
  Logic Levels:           0  
  Clock Path Skew:        0.170ns (DCD - SCD - CPR)
    Destination Clock Delay (DCD):    1.633ns
    Source Clock Delay      (SCD):    1.464ns
    Clock Pessimism Removal (CPR):    -0.000ns
  Clock Uncertainty:      0.160ns  ((TSJ^2 + DJ^2)^1/2) / 2 + PE
    Total System Jitter     (TSJ):    0.071ns
    Discrete Jitter          (DJ):    0.312ns
    Phase Error              (PE):    0.000ns
  Clock Net Delay (Source):      1.313ns (routing 0.572ns, distribution 0.741ns)
  Clock Net Delay (Destination): 1.446ns (routing 0.623ns, distribution 0.823ns)
  Timing Exception:       False Path

    Location             Delay type                Incr(ns)  Path(ns)    Netlist Resource(s)
  -------------------------------------------------------------------    -------------------
                         (clock clk_pl_0 rise edge)
                                                      0.000     0.000 r  
    PS8_X0Y0             PS8                          0.000     0.000 r  system_i/ps/inst/PS8_i/PLCLK[0]
                         net (fo=1, routed)           0.129     0.129    system_i/ps/inst/pl_clk_unbuffered[0]
    BUFG_PS_X0Y80        BUFG_PS (Prop_BUFG_PS_I_O)
                                                      0.022     0.151 r  system_i/ps/inst/buffer_pl_clk_0.PL_CLK_0_BUFG/O
    X0Y1 (CLOCK_ROOT)    net (fo=8144, routed)        1.313     1.464    system_i/control_smc/inst/clk_map/psr_aclk/U0/aclk
    SLICE_X7Y121         FDRE                                         r  system_i/control_smc/inst/clk_map/psr_aclk/U0/ACTIVE_LOW_BSR_OUT_DFF[0].FDRE_BSR_N/C
  -------------------------------------------------------------------    -------------------
    SLICE_X7Y121         FDRE (Prop_HFF_SLICEM_C_Q)
                                                      0.083     1.547 r  system_i/control_smc/inst/clk_map/psr_aclk/U0/ACTIVE_LOW_BSR_OUT_DFF[0].FDRE_BSR_N/Q
                         net (fo=27, routed)          0.124     1.671    system_i/control_smc/inst/s00_entry_pipeline/s00_si_converter/inst/xpm_cdc_async_rst_inst/src_arst
    SLICE_X4Y122         FDCE                                         f  system_i/control_smc/inst/s00_entry_pipeline/s00_si_converter/inst/xpm_cdc_async_rst_inst/arststages_ff_reg[2]/CLR  (IS_INVERTED)
  -------------------------------------------------------------------    -------------------

                         (clock clk_pl_0 rise edge)
                                                      0.000     0.000 r  
    PS8_X0Y0             PS8                          0.000     0.000 r  system_i/ps/inst/PS8_i/PLCLK[0]
                         net (fo=1, routed)           0.164     0.164    system_i/ps/inst/pl_clk_unbuffered[0]
    BUFG_PS_X0Y80        BUFG_PS (Prop_BUFG_PS_I_O)
                                                      0.023     0.187 r  system_i/ps/inst/buffer_pl_clk_0.PL_CLK_0_BUFG/O
    X0Y1 (CLOCK_ROOT)    net (fo=8144, routed)        1.446     1.633    system_i/control_smc/inst/s00_entry_pipeline/s00_si_converter/inst/xpm_cdc_async_rst_inst/dest_clk
    SLICE_X4Y122         FDCE                                         r  system_i/control_smc/inst/s00_entry_pipeline/s00_si_converter/inst/xpm_cdc_async_rst_inst/arststages_ff_reg[2]/C

Slack:                    inf
  Source:                 system_i/control_smc/inst/clk_map/psr_aclk/U0/ACTIVE_LOW_BSR_OUT_DFF[0].FDRE_BSR_N/C
                            (rising edge-triggered cell FDRE clocked by clk_pl_0  {rise@0.000ns fall@5.000ns period=10.000ns})
  Destination:            system_i/control_smc/inst/s00_nodes/s00_r_node/inst/s_sc_xpm_cdc_async_rst_inst/arststages_ff_reg[0]/CLR
                            (removal check against rising-edge clock clk_pl_0  {rise@0.000ns fall@5.000ns period=10.000ns})
  Path Group:             (none)
  Path Type:              Removal (Min at Fast Process Corner)
  Data Path Delay:        0.208ns  (logic 0.083ns (39.956%)  route 0.125ns (60.044%))
  Logic Levels:           0  
  Clock Path Skew:        0.119ns (DCD - SCD - CPR)
    Destination Clock Delay (DCD):    1.583ns
    Source Clock Delay      (SCD):    1.464ns
    Clock Pessimism Removal (CPR):    -0.000ns
  Clock Uncertainty:      0.160ns  ((TSJ^2 + DJ^2)^1/2) / 2 + PE
    Total System Jitter     (TSJ):    0.071ns
    Discrete Jitter          (DJ):    0.312ns
    Phase Error              (PE):    0.000ns
  Clock Net Delay (Source):      1.313ns (routing 0.572ns, distribution 0.741ns)
  Clock Net Delay (Destination): 1.396ns (routing 0.623ns, distribution 0.773ns)
  Timing Exception:       False Path

    Location             Delay type                Incr(ns)  Path(ns)    Netlist Resource(s)
  -------------------------------------------------------------------    -------------------
                         (clock clk_pl_0 rise edge)
                                                      0.000     0.000 r  
    PS8_X0Y0             PS8                          0.000     0.000 r  system_i/ps/inst/PS8_i/PLCLK[0]
                         net (fo=1, routed)           0.129     0.129    system_i/ps/inst/pl_clk_unbuffered[0]
    BUFG_PS_X0Y80        BUFG_PS (Prop_BUFG_PS_I_O)
                                                      0.022     0.151 r  system_i/ps/inst/buffer_pl_clk_0.PL_CLK_0_BUFG/O
    X0Y1 (CLOCK_ROOT)    net (fo=8144, routed)        1.313     1.464    system_i/control_smc/inst/clk_map/psr_aclk/U0/aclk
    SLICE_X7Y121         FDRE                                         r  system_i/control_smc/inst/clk_map/psr_aclk/U0/ACTIVE_LOW_BSR_OUT_DFF[0].FDRE_BSR_N/C
  -------------------------------------------------------------------    -------------------
    SLICE_X7Y121         FDRE (Prop_HFF_SLICEM_C_Q)
                                                      0.083     1.547 r  system_i/control_smc/inst/clk_map/psr_aclk/U0/ACTIVE_LOW_BSR_OUT_DFF[0].FDRE_BSR_N/Q
                         net (fo=27, routed)          0.125     1.671    system_i/control_smc/inst/s00_nodes/s00_r_node/inst/s_sc_xpm_cdc_async_rst_inst/src_arst
    SLICE_X7Y119         FDCE                                         f  system_i/control_smc/inst/s00_nodes/s00_r_node/inst/s_sc_xpm_cdc_async_rst_inst/arststages_ff_reg[0]/CLR  (IS_INVERTED)
  -------------------------------------------------------------------    -------------------

                         (clock clk_pl_0 rise edge)
                                                      0.000     0.000 r  
    PS8_X0Y0             PS8                          0.000     0.000 r  system_i/ps/inst/PS8_i/PLCLK[0]
                         net (fo=1, routed)           0.164     0.164    system_i/ps/inst/pl_clk_unbuffered[0]
    BUFG_PS_X0Y80        BUFG_PS (Prop_BUFG_PS_I_O)
                                                      0.023     0.187 r  system_i/ps/inst/buffer_pl_clk_0.PL_CLK_0_BUFG/O
    X0Y1 (CLOCK_ROOT)    net (fo=8144, routed)        1.396     1.583    system_i/control_smc/inst/s00_nodes/s00_r_node/inst/s_sc_xpm_cdc_async_rst_inst/dest_clk
    SLICE_X7Y119         FDCE                                         r  system_i/control_smc/inst/s00_nodes/s00_r_node/inst/s_sc_xpm_cdc_async_rst_inst/arststages_ff_reg[0]/C

Slack:                    inf
  Source:                 system_i/control_smc/inst/clk_map/psr_aclk/U0/ACTIVE_LOW_BSR_OUT_DFF[0].FDRE_BSR_N/C
                            (rising edge-triggered cell FDRE clocked by clk_pl_0  {rise@0.000ns fall@5.000ns period=10.000ns})
  Destination:            system_i/control_smc/inst/s00_nodes/s00_r_node/inst/s_sc_xpm_cdc_async_rst_inst/arststages_ff_reg[1]/CLR
                            (removal check against rising-edge clock clk_pl_0  {rise@0.000ns fall@5.000ns period=10.000ns})
  Path Group:             (none)
  Path Type:              Removal (Min at Fast Process Corner)
  Data Path Delay:        0.208ns  (logic 0.083ns (39.956%)  route 0.125ns (60.044%))
  Logic Levels:           0  
  Clock Path Skew:        0.119ns (DCD - SCD - CPR)
    Destination Clock Delay (DCD):    1.583ns
    Source Clock Delay      (SCD):    1.464ns
    Clock Pessimism Removal (CPR):    -0.000ns
  Clock Uncertainty:      0.160ns  ((TSJ^2 + DJ^2)^1/2) / 2 + PE
    Total System Jitter     (TSJ):    0.071ns
    Discrete Jitter          (DJ):    0.312ns
    Phase Error              (PE):    0.000ns
  Clock Net Delay (Source):      1.313ns (routing 0.572ns, distribution 0.741ns)
  Clock Net Delay (Destination): 1.396ns (routing 0.623ns, distribution 0.773ns)
  Timing Exception:       False Path

    Location             Delay type                Incr(ns)  Path(ns)    Netlist Resource(s)
  -------------------------------------------------------------------    -------------------
                         (clock clk_pl_0 rise edge)
                                                      0.000     0.000 r  
    PS8_X0Y0             PS8                          0.000     0.000 r  system_i/ps/inst/PS8_i/PLCLK[0]
                         net (fo=1, routed)           0.129     0.129    system_i/ps/inst/pl_clk_unbuffered[0]
    BUFG_PS_X0Y80        BUFG_PS (Prop_BUFG_PS_I_O)
                                                      0.022     0.151 r  system_i/ps/inst/buffer_pl_clk_0.PL_CLK_0_BUFG/O
    X0Y1 (CLOCK_ROOT)    net (fo=8144, routed)        1.313     1.464    system_i/control_smc/inst/clk_map/psr_aclk/U0/aclk
    SLICE_X7Y121         FDRE                                         r  system_i/control_smc/inst/clk_map/psr_aclk/U0/ACTIVE_LOW_BSR_OUT_DFF[0].FDRE_BSR_N/C
  -------------------------------------------------------------------    -------------------
    SLICE_X7Y121         FDRE (Prop_HFF_SLICEM_C_Q)
                                                      0.083     1.547 r  system_i/control_smc/inst/clk_map/psr_aclk/U0/ACTIVE_LOW_BSR_OUT_DFF[0].FDRE_BSR_N/Q
                         net (fo=27, routed)          0.125     1.671    system_i/control_smc/inst/s00_nodes/s00_r_node/inst/s_sc_xpm_cdc_async_rst_inst/src_arst
    SLICE_X7Y119         FDCE                                         f  system_i/control_smc/inst/s00_nodes/s00_r_node/inst/s_sc_xpm_cdc_async_rst_inst/arststages_ff_reg[1]/CLR  (IS_INVERTED)
  -------------------------------------------------------------------    -------------------

                         (clock clk_pl_0 rise edge)
                                                      0.000     0.000 r  
    PS8_X0Y0             PS8                          0.000     0.000 r  system_i/ps/inst/PS8_i/PLCLK[0]
                         net (fo=1, routed)           0.164     0.164    system_i/ps/inst/pl_clk_unbuffered[0]
    BUFG_PS_X0Y80        BUFG_PS (Prop_BUFG_PS_I_O)
                                                      0.023     0.187 r  system_i/ps/inst/buffer_pl_clk_0.PL_CLK_0_BUFG/O
    X0Y1 (CLOCK_ROOT)    net (fo=8144, routed)        1.396     1.583    system_i/control_smc/inst/s00_nodes/s00_r_node/inst/s_sc_xpm_cdc_async_rst_inst/dest_clk
    SLICE_X7Y119         FDCE                                         r  system_i/control_smc/inst/s00_nodes/s00_r_node/inst/s_sc_xpm_cdc_async_rst_inst/arststages_ff_reg[1]/C

Slack:                    inf
  Source:                 system_i/control_smc/inst/clk_map/psr_aclk/U0/ACTIVE_LOW_BSR_OUT_DFF[0].FDRE_BSR_N/C
                            (rising edge-triggered cell FDRE clocked by clk_pl_0  {rise@0.000ns fall@5.000ns period=10.000ns})
  Destination:            system_i/control_smc/inst/s00_nodes/s00_r_node/inst/s_sc_xpm_cdc_async_rst_inst/arststages_ff_reg[2]/CLR
                            (removal check against rising-edge clock clk_pl_0  {rise@0.000ns fall@5.000ns period=10.000ns})
  Path Group:             (none)
  Path Type:              Removal (Min at Fast Process Corner)
  Data Path Delay:        0.208ns  (logic 0.083ns (39.956%)  route 0.125ns (60.044%))
  Logic Levels:           0  
  Clock Path Skew:        0.119ns (DCD - SCD - CPR)
    Destination Clock Delay (DCD):    1.583ns
    Source Clock Delay      (SCD):    1.464ns
    Clock Pessimism Removal (CPR):    -0.000ns
  Clock Uncertainty:      0.160ns  ((TSJ^2 + DJ^2)^1/2) / 2 + PE
    Total System Jitter     (TSJ):    0.071ns
    Discrete Jitter          (DJ):    0.312ns
    Phase Error              (PE):    0.000ns
  Clock Net Delay (Source):      1.313ns (routing 0.572ns, distribution 0.741ns)
  Clock Net Delay (Destination): 1.396ns (routing 0.623ns, distribution 0.773ns)
  Timing Exception:       False Path

    Location             Delay type                Incr(ns)  Path(ns)    Netlist Resource(s)
  -------------------------------------------------------------------    -------------------
                         (clock clk_pl_0 rise edge)
                                                      0.000     0.000 r  
    PS8_X0Y0             PS8                          0.000     0.000 r  system_i/ps/inst/PS8_i/PLCLK[0]
                         net (fo=1, routed)           0.129     0.129    system_i/ps/inst/pl_clk_unbuffered[0]
    BUFG_PS_X0Y80        BUFG_PS (Prop_BUFG_PS_I_O)
                                                      0.022     0.151 r  system_i/ps/inst/buffer_pl_clk_0.PL_CLK_0_BUFG/O
    X0Y1 (CLOCK_ROOT)    net (fo=8144, routed)        1.313     1.464    system_i/control_smc/inst/clk_map/psr_aclk/U0/aclk
    SLICE_X7Y121         FDRE                                         r  system_i/control_smc/inst/clk_map/psr_aclk/U0/ACTIVE_LOW_BSR_OUT_DFF[0].FDRE_BSR_N/C
  -------------------------------------------------------------------    -------------------
    SLICE_X7Y121         FDRE (Prop_HFF_SLICEM_C_Q)
                                                      0.083     1.547 r  system_i/control_smc/inst/clk_map/psr_aclk/U0/ACTIVE_LOW_BSR_OUT_DFF[0].FDRE_BSR_N/Q
                         net (fo=27, routed)          0.125     1.671    system_i/control_smc/inst/s00_nodes/s00_r_node/inst/s_sc_xpm_cdc_async_rst_inst/src_arst
    SLICE_X7Y119         FDCE                                         f  system_i/control_smc/inst/s00_nodes/s00_r_node/inst/s_sc_xpm_cdc_async_rst_inst/arststages_ff_reg[2]/CLR  (IS_INVERTED)
  -------------------------------------------------------------------    -------------------

                         (clock clk_pl_0 rise edge)
                                                      0.000     0.000 r  
    PS8_X0Y0             PS8                          0.000     0.000 r  system_i/ps/inst/PS8_i/PLCLK[0]
                         net (fo=1, routed)           0.164     0.164    system_i/ps/inst/pl_clk_unbuffered[0]
    BUFG_PS_X0Y80        BUFG_PS (Prop_BUFG_PS_I_O)
                                                      0.023     0.187 r  system_i/ps/inst/buffer_pl_clk_0.PL_CLK_0_BUFG/O
    X0Y1 (CLOCK_ROOT)    net (fo=8144, routed)        1.396     1.583    system_i/control_smc/inst/s00_nodes/s00_r_node/inst/s_sc_xpm_cdc_async_rst_inst/dest_clk
    SLICE_X7Y119         FDCE                                         r  system_i/control_smc/inst/s00_nodes/s00_r_node/inst/s_sc_xpm_cdc_async_rst_inst/arststages_ff_reg[2]/C

Slack:                    inf
  Source:                 system_i/control_smc/inst/clk_map/psr_aclk/U0/ACTIVE_LOW_BSR_OUT_DFF[0].FDRE_BSR_N/C
                            (rising edge-triggered cell FDRE clocked by clk_pl_0  {rise@0.000ns fall@5.000ns period=10.000ns})
  Destination:            system_i/control_smc/inst/s00_nodes/s00_ar_node/inst/s_sc_xpm_cdc_async_rst_inst/arststages_ff_reg[0]/CLR
                            (removal check against rising-edge clock clk_pl_0  {rise@0.000ns fall@5.000ns period=10.000ns})
  Path Group:             (none)
  Path Type:              Removal (Min at Fast Process Corner)
  Data Path Delay:        0.221ns  (logic 0.083ns (37.585%)  route 0.138ns (62.415%))
  Logic Levels:           0  
  Clock Path Skew:        0.119ns (DCD - SCD - CPR)
    Destination Clock Delay (DCD):    1.583ns
    Source Clock Delay      (SCD):    1.464ns
    Clock Pessimism Removal (CPR):    -0.000ns
  Clock Uncertainty:      0.160ns  ((TSJ^2 + DJ^2)^1/2) / 2 + PE
    Total System Jitter     (TSJ):    0.071ns
    Discrete Jitter          (DJ):    0.312ns
    Phase Error              (PE):    0.000ns
  Clock Net Delay (Source):      1.313ns (routing 0.572ns, distribution 0.741ns)
  Clock Net Delay (Destination): 1.396ns (routing 0.623ns, distribution 0.773ns)
  Timing Exception:       False Path

    Location             Delay type                Incr(ns)  Path(ns)    Netlist Resource(s)
  -------------------------------------------------------------------    -------------------
                         (clock clk_pl_0 rise edge)
                                                      0.000     0.000 r  
    PS8_X0Y0             PS8                          0.000     0.000 r  system_i/ps/inst/PS8_i/PLCLK[0]
                         net (fo=1, routed)           0.129     0.129    system_i/ps/inst/pl_clk_unbuffered[0]
    BUFG_PS_X0Y80        BUFG_PS (Prop_BUFG_PS_I_O)
                                                      0.022     0.151 r  system_i/ps/inst/buffer_pl_clk_0.PL_CLK_0_BUFG/O
    X0Y1 (CLOCK_ROOT)    net (fo=8144, routed)        1.313     1.464    system_i/control_smc/inst/clk_map/psr_aclk/U0/aclk
    SLICE_X7Y121         FDRE                                         r  system_i/control_smc/inst/clk_map/psr_aclk/U0/ACTIVE_LOW_BSR_OUT_DFF[0].FDRE_BSR_N/C
  -------------------------------------------------------------------    -------------------
    SLICE_X7Y121         FDRE (Prop_HFF_SLICEM_C_Q)
                                                      0.083     1.547 r  system_i/control_smc/inst/clk_map/psr_aclk/U0/ACTIVE_LOW_BSR_OUT_DFF[0].FDRE_BSR_N/Q
                         net (fo=27, routed)          0.138     1.684    system_i/control_smc/inst/s00_nodes/s00_ar_node/inst/s_sc_xpm_cdc_async_rst_inst/src_arst
    SLICE_X7Y118         FDCE                                         f  system_i/control_smc/inst/s00_nodes/s00_ar_node/inst/s_sc_xpm_cdc_async_rst_inst/arststages_ff_reg[0]/CLR  (IS_INVERTED)
  -------------------------------------------------------------------    -------------------

                         (clock clk_pl_0 rise edge)
                                                      0.000     0.000 r  
    PS8_X0Y0             PS8                          0.000     0.000 r  system_i/ps/inst/PS8_i/PLCLK[0]
                         net (fo=1, routed)           0.164     0.164    system_i/ps/inst/pl_clk_unbuffered[0]
    BUFG_PS_X0Y80        BUFG_PS (Prop_BUFG_PS_I_O)
                                                      0.023     0.187 r  system_i/ps/inst/buffer_pl_clk_0.PL_CLK_0_BUFG/O
    X0Y1 (CLOCK_ROOT)    net (fo=8144, routed)        1.396     1.583    system_i/control_smc/inst/s00_nodes/s00_ar_node/inst/s_sc_xpm_cdc_async_rst_inst/dest_clk
    SLICE_X7Y118         FDCE                                         r  system_i/control_smc/inst/s00_nodes/s00_ar_node/inst/s_sc_xpm_cdc_async_rst_inst/arststages_ff_reg[0]/C

Slack:                    inf
  Source:                 system_i/control_smc/inst/clk_map/psr_aclk/U0/ACTIVE_LOW_BSR_OUT_DFF[0].FDRE_BSR_N/C
                            (rising edge-triggered cell FDRE clocked by clk_pl_0  {rise@0.000ns fall@5.000ns period=10.000ns})
  Destination:            system_i/control_smc/inst/s00_nodes/s00_ar_node/inst/s_sc_xpm_cdc_async_rst_inst/arststages_ff_reg[1]/CLR
                            (removal check against rising-edge clock clk_pl_0  {rise@0.000ns fall@5.000ns period=10.000ns})
  Path Group:             (none)
  Path Type:              Removal (Min at Fast Process Corner)
  Data Path Delay:        0.221ns  (logic 0.083ns (37.585%)  route 0.138ns (62.415%))
  Logic Levels:           0  
  Clock Path Skew:        0.119ns (DCD - SCD - CPR)
    Destination Clock Delay (DCD):    1.583ns
    Source Clock Delay      (SCD):    1.464ns
    Clock Pessimism Removal (CPR):    -0.000ns
  Clock Uncertainty:      0.160ns  ((TSJ^2 + DJ^2)^1/2) / 2 + PE
    Total System Jitter     (TSJ):    0.071ns
    Discrete Jitter          (DJ):    0.312ns
    Phase Error              (PE):    0.000ns
  Clock Net Delay (Source):      1.313ns (routing 0.572ns, distribution 0.741ns)
  Clock Net Delay (Destination): 1.396ns (routing 0.623ns, distribution 0.773ns)
  Timing Exception:       False Path

    Location             Delay type                Incr(ns)  Path(ns)    Netlist Resource(s)
  -------------------------------------------------------------------    -------------------
                         (clock clk_pl_0 rise edge)
                                                      0.000     0.000 r  
    PS8_X0Y0             PS8                          0.000     0.000 r  system_i/ps/inst/PS8_i/PLCLK[0]
                         net (fo=1, routed)           0.129     0.129    system_i/ps/inst/pl_clk_unbuffered[0]
    BUFG_PS_X0Y80        BUFG_PS (Prop_BUFG_PS_I_O)
                                                      0.022     0.151 r  system_i/ps/inst/buffer_pl_clk_0.PL_CLK_0_BUFG/O
    X0Y1 (CLOCK_ROOT)    net (fo=8144, routed)        1.313     1.464    system_i/control_smc/inst/clk_map/psr_aclk/U0/aclk
    SLICE_X7Y121         FDRE                                         r  system_i/control_smc/inst/clk_map/psr_aclk/U0/ACTIVE_LOW_BSR_OUT_DFF[0].FDRE_BSR_N/C
  -------------------------------------------------------------------    -------------------
    SLICE_X7Y121         FDRE (Prop_HFF_SLICEM_C_Q)
                                                      0.083     1.547 r  system_i/control_smc/inst/clk_map/psr_aclk/U0/ACTIVE_LOW_BSR_OUT_DFF[0].FDRE_BSR_N/Q
                         net (fo=27, routed)          0.138     1.684    system_i/control_smc/inst/s00_nodes/s00_ar_node/inst/s_sc_xpm_cdc_async_rst_inst/src_arst
    SLICE_X7Y118         FDCE                                         f  system_i/control_smc/inst/s00_nodes/s00_ar_node/inst/s_sc_xpm_cdc_async_rst_inst/arststages_ff_reg[1]/CLR  (IS_INVERTED)
  -------------------------------------------------------------------    -------------------

                         (clock clk_pl_0 rise edge)
                                                      0.000     0.000 r  
    PS8_X0Y0             PS8                          0.000     0.000 r  system_i/ps/inst/PS8_i/PLCLK[0]
                         net (fo=1, routed)           0.164     0.164    system_i/ps/inst/pl_clk_unbuffered[0]
    BUFG_PS_X0Y80        BUFG_PS (Prop_BUFG_PS_I_O)
                                                      0.023     0.187 r  system_i/ps/inst/buffer_pl_clk_0.PL_CLK_0_BUFG/O
    X0Y1 (CLOCK_ROOT)    net (fo=8144, routed)        1.396     1.583    system_i/control_smc/inst/s00_nodes/s00_ar_node/inst/s_sc_xpm_cdc_async_rst_inst/dest_clk
    SLICE_X7Y118         FDCE                                         r  system_i/control_smc/inst/s00_nodes/s00_ar_node/inst/s_sc_xpm_cdc_async_rst_inst/arststages_ff_reg[1]/C

Slack:                    inf
  Source:                 system_i/control_smc/inst/clk_map/psr_aclk/U0/ACTIVE_LOW_BSR_OUT_DFF[0].FDRE_BSR_N/C
                            (rising edge-triggered cell FDRE clocked by clk_pl_0  {rise@0.000ns fall@5.000ns period=10.000ns})
  Destination:            system_i/control_smc/inst/s00_nodes/s00_ar_node/inst/s_sc_xpm_cdc_async_rst_inst/arststages_ff_reg[2]/CLR
                            (removal check against rising-edge clock clk_pl_0  {rise@0.000ns fall@5.000ns period=10.000ns})
  Path Group:             (none)
  Path Type:              Removal (Min at Fast Process Corner)
  Data Path Delay:        0.221ns  (logic 0.083ns (37.585%)  route 0.138ns (62.415%))
  Logic Levels:           0  
  Clock Path Skew:        0.119ns (DCD - SCD - CPR)
    Destination Clock Delay (DCD):    1.583ns
    Source Clock Delay      (SCD):    1.464ns
    Clock Pessimism Removal (CPR):    -0.000ns
  Clock Uncertainty:      0.160ns  ((TSJ^2 + DJ^2)^1/2) / 2 + PE
    Total System Jitter     (TSJ):    0.071ns
    Discrete Jitter          (DJ):    0.312ns
    Phase Error              (PE):    0.000ns
  Clock Net Delay (Source):      1.313ns (routing 0.572ns, distribution 0.741ns)
  Clock Net Delay (Destination): 1.396ns (routing 0.623ns, distribution 0.773ns)
  Timing Exception:       False Path

    Location             Delay type                Incr(ns)  Path(ns)    Netlist Resource(s)
  -------------------------------------------------------------------    -------------------
                         (clock clk_pl_0 rise edge)
                                                      0.000     0.000 r  
    PS8_X0Y0             PS8                          0.000     0.000 r  system_i/ps/inst/PS8_i/PLCLK[0]
                         net (fo=1, routed)           0.129     0.129    system_i/ps/inst/pl_clk_unbuffered[0]
    BUFG_PS_X0Y80        BUFG_PS (Prop_BUFG_PS_I_O)
                                                      0.022     0.151 r  system_i/ps/inst/buffer_pl_clk_0.PL_CLK_0_BUFG/O
    X0Y1 (CLOCK_ROOT)    net (fo=8144, routed)        1.313     1.464    system_i/control_smc/inst/clk_map/psr_aclk/U0/aclk
    SLICE_X7Y121         FDRE                                         r  system_i/control_smc/inst/clk_map/psr_aclk/U0/ACTIVE_LOW_BSR_OUT_DFF[0].FDRE_BSR_N/C
  -------------------------------------------------------------------    -------------------
    SLICE_X7Y121         FDRE (Prop_HFF_SLICEM_C_Q)
                                                      0.083     1.547 r  system_i/control_smc/inst/clk_map/psr_aclk/U0/ACTIVE_LOW_BSR_OUT_DFF[0].FDRE_BSR_N/Q
                         net (fo=27, routed)          0.138     1.684    system_i/control_smc/inst/s00_nodes/s00_ar_node/inst/s_sc_xpm_cdc_async_rst_inst/src_arst
    SLICE_X7Y118         FDCE                                         f  system_i/control_smc/inst/s00_nodes/s00_ar_node/inst/s_sc_xpm_cdc_async_rst_inst/arststages_ff_reg[2]/CLR  (IS_INVERTED)
  -------------------------------------------------------------------    -------------------

                         (clock clk_pl_0 rise edge)
                                                      0.000     0.000 r  
    PS8_X0Y0             PS8                          0.000     0.000 r  system_i/ps/inst/PS8_i/PLCLK[0]
                         net (fo=1, routed)           0.164     0.164    system_i/ps/inst/pl_clk_unbuffered[0]
    BUFG_PS_X0Y80        BUFG_PS (Prop_BUFG_PS_I_O)
                                                      0.023     0.187 r  system_i/ps/inst/buffer_pl_clk_0.PL_CLK_0_BUFG/O
    X0Y1 (CLOCK_ROOT)    net (fo=8144, routed)        1.396     1.583    system_i/control_smc/inst/s00_nodes/s00_ar_node/inst/s_sc_xpm_cdc_async_rst_inst/dest_clk
    SLICE_X7Y118         FDCE                                         r  system_i/control_smc/inst/s00_nodes/s00_ar_node/inst/s_sc_xpm_cdc_async_rst_inst/arststages_ff_reg[2]/C

Slack:                    inf
  Source:                 system_i/reset_100m/U0/ACTIVE_LOW_PR_OUT_DFF[0].FDRE_PER_N/C
                            (rising edge-triggered cell FDRE clocked by clk_pl_0  {rise@0.000ns fall@5.000ns period=10.000ns})
  Destination:            system_i/dma/U0/I_RST_MODULE/REG_HRD_RST_OUT/syncstages_ff_reg[0]/D
                            (rising edge-triggered cell FDRE clocked by clk_pl_0  {rise@0.000ns fall@5.000ns period=10.000ns})
  Path Group:             (none)
  Path Type:              Hold (Min at Fast Process Corner)
  Data Path Delay:        0.228ns  (logic 0.083ns (36.347%)  route 0.145ns (63.653%))
  Logic Levels:           0  
  Clock Path Skew:        0.118ns (DCD - SCD - CPR)
    Destination Clock Delay (DCD):    1.583ns
    Source Clock Delay      (SCD):    1.465ns
    Clock Pessimism Removal (CPR):    -0.000ns
  Clock Uncertainty:      0.160ns  ((TSJ^2 + DJ^2)^1/2) / 2 + PE
    Total System Jitter     (TSJ):    0.071ns
    Discrete Jitter          (DJ):    0.312ns
    Phase Error              (PE):    0.000ns
  Clock Net Delay (Source):      1.314ns (routing 0.572ns, distribution 0.742ns)
  Clock Net Delay (Destination): 1.396ns (routing 0.623ns, distribution 0.773ns)
  Timing Exception:       False Path

    Location             Delay type                Incr(ns)  Path(ns)    Netlist Resource(s)
  -------------------------------------------------------------------    -------------------
                         (clock clk_pl_0 rise edge)
                                                      0.000     0.000 r  
    PS8_X0Y0             PS8                          0.000     0.000 r  system_i/ps/inst/PS8_i/PLCLK[0]
                         net (fo=1, routed)           0.129     0.129    system_i/ps/inst/pl_clk_unbuffered[0]
    BUFG_PS_X0Y80        BUFG_PS (Prop_BUFG_PS_I_O)
                                                      0.022     0.151 r  system_i/ps/inst/buffer_pl_clk_0.PL_CLK_0_BUFG/O
    X0Y1 (CLOCK_ROOT)    net (fo=8144, routed)        1.314     1.465    system_i/reset_100m/U0/slowest_sync_clk
    SLICE_X5Y123         FDRE                                         r  system_i/reset_100m/U0/ACTIVE_LOW_PR_OUT_DFF[0].FDRE_PER_N/C
  -------------------------------------------------------------------    -------------------
    SLICE_X5Y123         FDRE (Prop_HFF_SLICEM_C_Q)
                                                      0.083     1.548 r  system_i/reset_100m/U0/ACTIVE_LOW_PR_OUT_DFF[0].FDRE_PER_N/Q
                         net (fo=4, routed)           0.145     1.693    system_i/dma/U0/I_RST_MODULE/REG_HRD_RST_OUT/src_rst
    SLICE_X7Y116         FDRE                                         r  system_i/dma/U0/I_RST_MODULE/REG_HRD_RST_OUT/syncstages_ff_reg[0]/D
  -------------------------------------------------------------------    -------------------

                         (clock clk_pl_0 rise edge)
                                                      0.000     0.000 r  
    PS8_X0Y0             PS8                          0.000     0.000 r  system_i/ps/inst/PS8_i/PLCLK[0]
                         net (fo=1, routed)           0.164     0.164    system_i/ps/inst/pl_clk_unbuffered[0]
    BUFG_PS_X0Y80        BUFG_PS (Prop_BUFG_PS_I_O)
                                                      0.023     0.187 r  system_i/ps/inst/buffer_pl_clk_0.PL_CLK_0_BUFG/O
    X0Y1 (CLOCK_ROOT)    net (fo=8144, routed)        1.396     1.583    system_i/dma/U0/I_RST_MODULE/REG_HRD_RST_OUT/dest_clk
    SLICE_X7Y116         FDRE                                         r  system_i/dma/U0/I_RST_MODULE/REG_HRD_RST_OUT/syncstages_ff_reg[0]/C

Slack:                    inf
  Source:                 system_i/reset_100m/U0/ACTIVE_LOW_PR_OUT_DFF[0].FDRE_PER_N/C
                            (rising edge-triggered cell FDRE clocked by clk_pl_0  {rise@0.000ns fall@5.000ns period=10.000ns})
  Destination:            system_i/control_smc/inst/clk_map/psr_aclk/U0/EXT_LPF/ACTIVE_LOW_AUX.ACT_LO_AUX/syncstages_ff_reg[0]/D
                            (rising edge-triggered cell FDRE clocked by clk_pl_0  {rise@0.000ns fall@5.000ns period=10.000ns})
  Path Group:             (none)
  Path Type:              Hold (Min at Fast Process Corner)
  Data Path Delay:        0.235ns  (logic 0.141ns (59.913%)  route 0.094ns (40.087%))
  Logic Levels:           1  (LUT1=1)
  Clock Path Skew:        0.181ns (DCD - SCD - CPR)
    Destination Clock Delay (DCD):    1.646ns
    Source Clock Delay      (SCD):    1.465ns
    Clock Pessimism Removal (CPR):    -0.000ns
  Clock Uncertainty:      0.160ns  ((TSJ^2 + DJ^2)^1/2) / 2 + PE
    Total System Jitter     (TSJ):    0.071ns
    Discrete Jitter          (DJ):    0.312ns
    Phase Error              (PE):    0.000ns
  Clock Net Delay (Source):      1.314ns (routing 0.572ns, distribution 0.742ns)
  Clock Net Delay (Destination): 1.459ns (routing 0.623ns, distribution 0.836ns)
  Timing Exception:       False Path

    Location             Delay type                Incr(ns)  Path(ns)    Netlist Resource(s)
  -------------------------------------------------------------------    -------------------
                         (clock clk_pl_0 rise edge)
                                                      0.000     0.000 r  
    PS8_X0Y0             PS8                          0.000     0.000 r  system_i/ps/inst/PS8_i/PLCLK[0]
                         net (fo=1, routed)           0.129     0.129    system_i/ps/inst/pl_clk_unbuffered[0]
    BUFG_PS_X0Y80        BUFG_PS (Prop_BUFG_PS_I_O)
                                                      0.022     0.151 r  system_i/ps/inst/buffer_pl_clk_0.PL_CLK_0_BUFG/O
    X0Y1 (CLOCK_ROOT)    net (fo=8144, routed)        1.314     1.465    system_i/reset_100m/U0/slowest_sync_clk
    SLICE_X5Y123         FDRE                                         r  system_i/reset_100m/U0/ACTIVE_LOW_PR_OUT_DFF[0].FDRE_PER_N/C
  -------------------------------------------------------------------    -------------------
    SLICE_X5Y123         FDRE (Prop_HFF_SLICEM_C_Q)
                                                      0.083     1.548 f  system_i/reset_100m/U0/ACTIVE_LOW_PR_OUT_DFF[0].FDRE_PER_N/Q
                         net (fo=4, routed)           0.084     1.632    system_i/control_smc/inst/clk_map/psr_aclk/U0/EXT_LPF/aresetn
    SLICE_X8Y123         LUT1 (Prop_D5LUT_SLICEM_I0_O)
                                                      0.058     1.690 r  system_i/control_smc/inst/clk_map/psr_aclk/U0/EXT_LPF/ACTIVE_LOW_AUX.ACT_LO_AUX_i_1/O
                         net (fo=1, routed)           0.010     1.700    system_i/control_smc/inst/clk_map/psr_aclk/U0/EXT_LPF/ACTIVE_LOW_AUX.ACT_LO_AUX/src_in
    SLICE_X8Y123         FDRE                                         r  system_i/control_smc/inst/clk_map/psr_aclk/U0/EXT_LPF/ACTIVE_LOW_AUX.ACT_LO_AUX/syncstages_ff_reg[0]/D
  -------------------------------------------------------------------    -------------------

                         (clock clk_pl_0 rise edge)
                                                      0.000     0.000 r  
    PS8_X0Y0             PS8                          0.000     0.000 r  system_i/ps/inst/PS8_i/PLCLK[0]
                         net (fo=1, routed)           0.164     0.164    system_i/ps/inst/pl_clk_unbuffered[0]
    BUFG_PS_X0Y80        BUFG_PS (Prop_BUFG_PS_I_O)
                                                      0.023     0.187 r  system_i/ps/inst/buffer_pl_clk_0.PL_CLK_0_BUFG/O
    X0Y1 (CLOCK_ROOT)    net (fo=8144, routed)        1.459     1.646    system_i/control_smc/inst/clk_map/psr_aclk/U0/EXT_LPF/ACTIVE_LOW_AUX.ACT_LO_AUX/dest_clk
    SLICE_X8Y123         FDRE                                         r  system_i/control_smc/inst/clk_map/psr_aclk/U0/EXT_LPF/ACTIVE_LOW_AUX.ACT_LO_AUX/syncstages_ff_reg[0]/C

Slack:                    inf
  Source:                 system_i/control_smc/inst/clk_map/psr_aclk/U0/ACTIVE_LOW_BSR_OUT_DFF[0].FDRE_BSR_N/C
                            (rising edge-triggered cell FDRE clocked by clk_pl_0  {rise@0.000ns fall@5.000ns period=10.000ns})
  Destination:            system_i/control_smc/inst/s00_nodes/s00_b_node/inst/s_sc_xpm_cdc_async_rst_inst/arststages_ff_reg[0]/CLR
                            (removal check against rising-edge clock clk_pl_0  {rise@0.000ns fall@5.000ns period=10.000ns})
  Path Group:             (none)
  Path Type:              Removal (Min at Fast Process Corner)
  Data Path Delay:        0.239ns  (logic 0.083ns (34.729%)  route 0.156ns (65.271%))
  Logic Levels:           0  
  Clock Path Skew:        0.126ns (DCD - SCD - CPR)
    Destination Clock Delay (DCD):    1.589ns
    Source Clock Delay      (SCD):    1.464ns
    Clock Pessimism Removal (CPR):    -0.000ns
  Clock Uncertainty:      0.160ns  ((TSJ^2 + DJ^2)^1/2) / 2 + PE
    Total System Jitter     (TSJ):    0.071ns
    Discrete Jitter          (DJ):    0.312ns
    Phase Error              (PE):    0.000ns
  Clock Net Delay (Source):      1.313ns (routing 0.572ns, distribution 0.741ns)
  Clock Net Delay (Destination): 1.402ns (routing 0.623ns, distribution 0.779ns)
  Timing Exception:       False Path

    Location             Delay type                Incr(ns)  Path(ns)    Netlist Resource(s)
  -------------------------------------------------------------------    -------------------
                         (clock clk_pl_0 rise edge)
                                                      0.000     0.000 r  
    PS8_X0Y0             PS8                          0.000     0.000 r  system_i/ps/inst/PS8_i/PLCLK[0]
                         net (fo=1, routed)           0.129     0.129    system_i/ps/inst/pl_clk_unbuffered[0]
    BUFG_PS_X0Y80        BUFG_PS (Prop_BUFG_PS_I_O)
                                                      0.022     0.151 r  system_i/ps/inst/buffer_pl_clk_0.PL_CLK_0_BUFG/O
    X0Y1 (CLOCK_ROOT)    net (fo=8144, routed)        1.313     1.464    system_i/control_smc/inst/clk_map/psr_aclk/U0/aclk
    SLICE_X7Y121         FDRE                                         r  system_i/control_smc/inst/clk_map/psr_aclk/U0/ACTIVE_LOW_BSR_OUT_DFF[0].FDRE_BSR_N/C
  -------------------------------------------------------------------    -------------------
    SLICE_X7Y121         FDRE (Prop_HFF_SLICEM_C_Q)
                                                      0.083     1.547 r  system_i/control_smc/inst/clk_map/psr_aclk/U0/ACTIVE_LOW_BSR_OUT_DFF[0].FDRE_BSR_N/Q
                         net (fo=27, routed)          0.156     1.703    system_i/control_smc/inst/s00_nodes/s00_b_node/inst/s_sc_xpm_cdc_async_rst_inst/src_arst
    SLICE_X4Y119         FDCE                                         f  system_i/control_smc/inst/s00_nodes/s00_b_node/inst/s_sc_xpm_cdc_async_rst_inst/arststages_ff_reg[0]/CLR  (IS_INVERTED)
  -------------------------------------------------------------------    -------------------

                         (clock clk_pl_0 rise edge)
                                                      0.000     0.000 r  
    PS8_X0Y0             PS8                          0.000     0.000 r  system_i/ps/inst/PS8_i/PLCLK[0]
                         net (fo=1, routed)           0.164     0.164    system_i/ps/inst/pl_clk_unbuffered[0]
    BUFG_PS_X0Y80        BUFG_PS (Prop_BUFG_PS_I_O)
                                                      0.023     0.187 r  system_i/ps/inst/buffer_pl_clk_0.PL_CLK_0_BUFG/O
    X0Y1 (CLOCK_ROOT)    net (fo=8144, routed)        1.402     1.589    system_i/control_smc/inst/s00_nodes/s00_b_node/inst/s_sc_xpm_cdc_async_rst_inst/dest_clk
    SLICE_X4Y119         FDCE                                         r  system_i/control_smc/inst/s00_nodes/s00_b_node/inst/s_sc_xpm_cdc_async_rst_inst/arststages_ff_reg[0]/C

Slack:                    inf
  Source:                 system_i/control_smc/inst/clk_map/psr_aclk/U0/ACTIVE_LOW_BSR_OUT_DFF[0].FDRE_BSR_N/C
                            (rising edge-triggered cell FDRE clocked by clk_pl_0  {rise@0.000ns fall@5.000ns period=10.000ns})
  Destination:            system_i/control_smc/inst/s00_nodes/s00_b_node/inst/s_sc_xpm_cdc_async_rst_inst/arststages_ff_reg[1]/CLR
                            (removal check against rising-edge clock clk_pl_0  {rise@0.000ns fall@5.000ns period=10.000ns})
  Path Group:             (none)
  Path Type:              Removal (Min at Fast Process Corner)
  Data Path Delay:        0.239ns  (logic 0.083ns (34.729%)  route 0.156ns (65.271%))
  Logic Levels:           0  
  Clock Path Skew:        0.126ns (DCD - SCD - CPR)
    Destination Clock Delay (DCD):    1.589ns
    Source Clock Delay      (SCD):    1.464ns
    Clock Pessimism Removal (CPR):    -0.000ns
  Clock Uncertainty:      0.160ns  ((TSJ^2 + DJ^2)^1/2) / 2 + PE
    Total System Jitter     (TSJ):    0.071ns
    Discrete Jitter          (DJ):    0.312ns
    Phase Error              (PE):    0.000ns
  Clock Net Delay (Source):      1.313ns (routing 0.572ns, distribution 0.741ns)
  Clock Net Delay (Destination): 1.402ns (routing 0.623ns, distribution 0.779ns)
  Timing Exception:       False Path

    Location             Delay type                Incr(ns)  Path(ns)    Netlist Resource(s)
  -------------------------------------------------------------------    -------------------
                         (clock clk_pl_0 rise edge)
                                                      0.000     0.000 r  
    PS8_X0Y0             PS8                          0.000     0.000 r  system_i/ps/inst/PS8_i/PLCLK[0]
                         net (fo=1, routed)           0.129     0.129    system_i/ps/inst/pl_clk_unbuffered[0]
    BUFG_PS_X0Y80        BUFG_PS (Prop_BUFG_PS_I_O)
                                                      0.022     0.151 r  system_i/ps/inst/buffer_pl_clk_0.PL_CLK_0_BUFG/O
    X0Y1 (CLOCK_ROOT)    net (fo=8144, routed)        1.313     1.464    system_i/control_smc/inst/clk_map/psr_aclk/U0/aclk
    SLICE_X7Y121         FDRE                                         r  system_i/control_smc/inst/clk_map/psr_aclk/U0/ACTIVE_LOW_BSR_OUT_DFF[0].FDRE_BSR_N/C
  -------------------------------------------------------------------    -------------------
    SLICE_X7Y121         FDRE (Prop_HFF_SLICEM_C_Q)
                                                      0.083     1.547 r  system_i/control_smc/inst/clk_map/psr_aclk/U0/ACTIVE_LOW_BSR_OUT_DFF[0].FDRE_BSR_N/Q
                         net (fo=27, routed)          0.156     1.703    system_i/control_smc/inst/s00_nodes/s00_b_node/inst/s_sc_xpm_cdc_async_rst_inst/src_arst
    SLICE_X4Y119         FDCE                                         f  system_i/control_smc/inst/s00_nodes/s00_b_node/inst/s_sc_xpm_cdc_async_rst_inst/arststages_ff_reg[1]/CLR  (IS_INVERTED)
  -------------------------------------------------------------------    -------------------

                         (clock clk_pl_0 rise edge)
                                                      0.000     0.000 r  
    PS8_X0Y0             PS8                          0.000     0.000 r  system_i/ps/inst/PS8_i/PLCLK[0]
                         net (fo=1, routed)           0.164     0.164    system_i/ps/inst/pl_clk_unbuffered[0]
    BUFG_PS_X0Y80        BUFG_PS (Prop_BUFG_PS_I_O)
                                                      0.023     0.187 r  system_i/ps/inst/buffer_pl_clk_0.PL_CLK_0_BUFG/O
    X0Y1 (CLOCK_ROOT)    net (fo=8144, routed)        1.402     1.589    system_i/control_smc/inst/s00_nodes/s00_b_node/inst/s_sc_xpm_cdc_async_rst_inst/dest_clk
    SLICE_X4Y119         FDCE                                         r  system_i/control_smc/inst/s00_nodes/s00_b_node/inst/s_sc_xpm_cdc_async_rst_inst/arststages_ff_reg[1]/C

Slack:                    inf
  Source:                 system_i/control_smc/inst/clk_map/psr_aclk/U0/ACTIVE_LOW_BSR_OUT_DFF[0].FDRE_BSR_N/C
                            (rising edge-triggered cell FDRE clocked by clk_pl_0  {rise@0.000ns fall@5.000ns period=10.000ns})
  Destination:            system_i/control_smc/inst/s00_nodes/s00_b_node/inst/s_sc_xpm_cdc_async_rst_inst/arststages_ff_reg[2]/CLR
                            (removal check against rising-edge clock clk_pl_0  {rise@0.000ns fall@5.000ns period=10.000ns})
  Path Group:             (none)
  Path Type:              Removal (Min at Fast Process Corner)
  Data Path Delay:        0.239ns  (logic 0.083ns (34.729%)  route 0.156ns (65.271%))
  Logic Levels:           0  
  Clock Path Skew:        0.126ns (DCD - SCD - CPR)
    Destination Clock Delay (DCD):    1.589ns
    Source Clock Delay      (SCD):    1.464ns
    Clock Pessimism Removal (CPR):    -0.000ns
  Clock Uncertainty:      0.160ns  ((TSJ^2 + DJ^2)^1/2) / 2 + PE
    Total System Jitter     (TSJ):    0.071ns
    Discrete Jitter          (DJ):    0.312ns
    Phase Error              (PE):    0.000ns
  Clock Net Delay (Source):      1.313ns (routing 0.572ns, distribution 0.741ns)
  Clock Net Delay (Destination): 1.402ns (routing 0.623ns, distribution 0.779ns)
  Timing Exception:       False Path

    Location             Delay type                Incr(ns)  Path(ns)    Netlist Resource(s)
  -------------------------------------------------------------------    -------------------
                         (clock clk_pl_0 rise edge)
                                                      0.000     0.000 r  
    PS8_X0Y0             PS8                          0.000     0.000 r  system_i/ps/inst/PS8_i/PLCLK[0]
                         net (fo=1, routed)           0.129     0.129    system_i/ps/inst/pl_clk_unbuffered[0]
    BUFG_PS_X0Y80        BUFG_PS (Prop_BUFG_PS_I_O)
                                                      0.022     0.151 r  system_i/ps/inst/buffer_pl_clk_0.PL_CLK_0_BUFG/O
    X0Y1 (CLOCK_ROOT)    net (fo=8144, routed)        1.313     1.464    system_i/control_smc/inst/clk_map/psr_aclk/U0/aclk
    SLICE_X7Y121         FDRE                                         r  system_i/control_smc/inst/clk_map/psr_aclk/U0/ACTIVE_LOW_BSR_OUT_DFF[0].FDRE_BSR_N/C
  -------------------------------------------------------------------    -------------------
    SLICE_X7Y121         FDRE (Prop_HFF_SLICEM_C_Q)
                                                      0.083     1.547 r  system_i/control_smc/inst/clk_map/psr_aclk/U0/ACTIVE_LOW_BSR_OUT_DFF[0].FDRE_BSR_N/Q
                         net (fo=27, routed)          0.156     1.703    system_i/control_smc/inst/s00_nodes/s00_b_node/inst/s_sc_xpm_cdc_async_rst_inst/src_arst
    SLICE_X4Y119         FDCE                                         f  system_i/control_smc/inst/s00_nodes/s00_b_node/inst/s_sc_xpm_cdc_async_rst_inst/arststages_ff_reg[2]/CLR  (IS_INVERTED)
  -------------------------------------------------------------------    -------------------

                         (clock clk_pl_0 rise edge)
                                                      0.000     0.000 r  
    PS8_X0Y0             PS8                          0.000     0.000 r  system_i/ps/inst/PS8_i/PLCLK[0]
                         net (fo=1, routed)           0.164     0.164    system_i/ps/inst/pl_clk_unbuffered[0]
    BUFG_PS_X0Y80        BUFG_PS (Prop_BUFG_PS_I_O)
                                                      0.023     0.187 r  system_i/ps/inst/buffer_pl_clk_0.PL_CLK_0_BUFG/O
    X0Y1 (CLOCK_ROOT)    net (fo=8144, routed)        1.402     1.589    system_i/control_smc/inst/s00_nodes/s00_b_node/inst/s_sc_xpm_cdc_async_rst_inst/dest_clk
    SLICE_X4Y119         FDCE                                         r  system_i/control_smc/inst/s00_nodes/s00_b_node/inst/s_sc_xpm_cdc_async_rst_inst/arststages_ff_reg[2]/C

Slack:                    inf
  Source:                 system_i/memory_smc/inst/clk_map/psr_aclk/U0/ACTIVE_LOW_BSR_OUT_DFF[0].FDRE_BSR_N/C
                            (rising edge-triggered cell FDRE clocked by clk_pl_0  {rise@0.000ns fall@5.000ns period=10.000ns})
  Destination:            system_i/memory_smc/inst/s00_entry_pipeline/s00_mmu/inst/xpm_cdc_async_rst_inst/arststages_ff_reg[0]/CLR
                            (removal check against rising-edge clock clk_pl_0  {rise@0.000ns fall@5.000ns period=10.000ns})
  Path Group:             (none)
  Path Type:              Removal (Min at Fast Process Corner)
  Data Path Delay:        0.275ns  (logic 0.084ns (30.534%)  route 0.191ns (69.466%))
  Logic Levels:           0  
  Clock Path Skew:        0.153ns (DCD - SCD - CPR)
    Destination Clock Delay (DCD):    1.583ns
    Source Clock Delay      (SCD):    1.430ns
    Clock Pessimism Removal (CPR):    -0.000ns
  Clock Uncertainty:      0.160ns  ((TSJ^2 + DJ^2)^1/2) / 2 + PE
    Total System Jitter     (TSJ):    0.071ns
    Discrete Jitter          (DJ):    0.312ns
    Phase Error              (PE):    0.000ns
  Clock Net Delay (Source):      1.279ns (routing 0.572ns, distribution 0.707ns)
  Clock Net Delay (Destination): 1.396ns (routing 0.623ns, distribution 0.773ns)
  Timing Exception:       False Path

    Location             Delay type                Incr(ns)  Path(ns)    Netlist Resource(s)
  -------------------------------------------------------------------    -------------------
                         (clock clk_pl_0 rise edge)
                                                      0.000     0.000 r  
    PS8_X0Y0             PS8                          0.000     0.000 r  system_i/ps/inst/PS8_i/PLCLK[0]
                         net (fo=1, routed)           0.129     0.129    system_i/ps/inst/pl_clk_unbuffered[0]
    BUFG_PS_X0Y80        BUFG_PS (Prop_BUFG_PS_I_O)
                                                      0.022     0.151 r  system_i/ps/inst/buffer_pl_clk_0.PL_CLK_0_BUFG/O
    X0Y1 (CLOCK_ROOT)    net (fo=8144, routed)        1.279     1.430    system_i/memory_smc/inst/clk_map/psr_aclk/U0/aclk
    SLICE_X9Y119         FDRE                                         r  system_i/memory_smc/inst/clk_map/psr_aclk/U0/ACTIVE_LOW_BSR_OUT_DFF[0].FDRE_BSR_N/C
  -------------------------------------------------------------------    -------------------
    SLICE_X9Y119         FDRE (Prop_DFF_SLICEL_C_Q)
                                                      0.084     1.514 r  system_i/memory_smc/inst/clk_map/psr_aclk/U0/ACTIVE_LOW_BSR_OUT_DFF[0].FDRE_BSR_N/Q
                         net (fo=45, routed)          0.191     1.705    system_i/memory_smc/inst/s00_entry_pipeline/s00_mmu/inst/xpm_cdc_async_rst_inst/src_arst
    SLICE_X6Y91          FDCE                                         f  system_i/memory_smc/inst/s00_entry_pipeline/s00_mmu/inst/xpm_cdc_async_rst_inst/arststages_ff_reg[0]/CLR  (IS_INVERTED)
  -------------------------------------------------------------------    -------------------

                         (clock clk_pl_0 rise edge)
                                                      0.000     0.000 r  
    PS8_X0Y0             PS8                          0.000     0.000 r  system_i/ps/inst/PS8_i/PLCLK[0]
                         net (fo=1, routed)           0.164     0.164    system_i/ps/inst/pl_clk_unbuffered[0]
    BUFG_PS_X0Y80        BUFG_PS (Prop_BUFG_PS_I_O)
                                                      0.023     0.187 r  system_i/ps/inst/buffer_pl_clk_0.PL_CLK_0_BUFG/O
    X0Y1 (CLOCK_ROOT)    net (fo=8144, routed)        1.396     1.583    system_i/memory_smc/inst/s00_entry_pipeline/s00_mmu/inst/xpm_cdc_async_rst_inst/dest_clk
    SLICE_X6Y91          FDCE                                         r  system_i/memory_smc/inst/s00_entry_pipeline/s00_mmu/inst/xpm_cdc_async_rst_inst/arststages_ff_reg[0]/C

Slack:                    inf
  Source:                 system_i/memory_smc/inst/clk_map/psr_aclk/U0/ACTIVE_LOW_BSR_OUT_DFF[0].FDRE_BSR_N/C
                            (rising edge-triggered cell FDRE clocked by clk_pl_0  {rise@0.000ns fall@5.000ns period=10.000ns})
  Destination:            system_i/memory_smc/inst/s00_entry_pipeline/s00_mmu/inst/xpm_cdc_async_rst_inst/arststages_ff_reg[1]/CLR
                            (removal check against rising-edge clock clk_pl_0  {rise@0.000ns fall@5.000ns period=10.000ns})
  Path Group:             (none)
  Path Type:              Removal (Min at Fast Process Corner)
  Data Path Delay:        0.275ns  (logic 0.084ns (30.534%)  route 0.191ns (69.466%))
  Logic Levels:           0  
  Clock Path Skew:        0.153ns (DCD - SCD - CPR)
    Destination Clock Delay (DCD):    1.583ns
    Source Clock Delay      (SCD):    1.430ns
    Clock Pessimism Removal (CPR):    -0.000ns
  Clock Uncertainty:      0.160ns  ((TSJ^2 + DJ^2)^1/2) / 2 + PE
    Total System Jitter     (TSJ):    0.071ns
    Discrete Jitter          (DJ):    0.312ns
    Phase Error              (PE):    0.000ns
  Clock Net Delay (Source):      1.279ns (routing 0.572ns, distribution 0.707ns)
  Clock Net Delay (Destination): 1.396ns (routing 0.623ns, distribution 0.773ns)
  Timing Exception:       False Path

    Location             Delay type                Incr(ns)  Path(ns)    Netlist Resource(s)
  -------------------------------------------------------------------    -------------------
                         (clock clk_pl_0 rise edge)
                                                      0.000     0.000 r  
    PS8_X0Y0             PS8                          0.000     0.000 r  system_i/ps/inst/PS8_i/PLCLK[0]
                         net (fo=1, routed)           0.129     0.129    system_i/ps/inst/pl_clk_unbuffered[0]
    BUFG_PS_X0Y80        BUFG_PS (Prop_BUFG_PS_I_O)
                                                      0.022     0.151 r  system_i/ps/inst/buffer_pl_clk_0.PL_CLK_0_BUFG/O
    X0Y1 (CLOCK_ROOT)    net (fo=8144, routed)        1.279     1.430    system_i/memory_smc/inst/clk_map/psr_aclk/U0/aclk
    SLICE_X9Y119         FDRE                                         r  system_i/memory_smc/inst/clk_map/psr_aclk/U0/ACTIVE_LOW_BSR_OUT_DFF[0].FDRE_BSR_N/C
  -------------------------------------------------------------------    -------------------
    SLICE_X9Y119         FDRE (Prop_DFF_SLICEL_C_Q)
                                                      0.084     1.514 r  system_i/memory_smc/inst/clk_map/psr_aclk/U0/ACTIVE_LOW_BSR_OUT_DFF[0].FDRE_BSR_N/Q
                         net (fo=45, routed)          0.191     1.705    system_i/memory_smc/inst/s00_entry_pipeline/s00_mmu/inst/xpm_cdc_async_rst_inst/src_arst
    SLICE_X6Y91          FDCE                                         f  system_i/memory_smc/inst/s00_entry_pipeline/s00_mmu/inst/xpm_cdc_async_rst_inst/arststages_ff_reg[1]/CLR  (IS_INVERTED)
  -------------------------------------------------------------------    -------------------

                         (clock clk_pl_0 rise edge)
                                                      0.000     0.000 r  
    PS8_X0Y0             PS8                          0.000     0.000 r  system_i/ps/inst/PS8_i/PLCLK[0]
                         net (fo=1, routed)           0.164     0.164    system_i/ps/inst/pl_clk_unbuffered[0]
    BUFG_PS_X0Y80        BUFG_PS (Prop_BUFG_PS_I_O)
                                                      0.023     0.187 r  system_i/ps/inst/buffer_pl_clk_0.PL_CLK_0_BUFG/O
    X0Y1 (CLOCK_ROOT)    net (fo=8144, routed)        1.396     1.583    system_i/memory_smc/inst/s00_entry_pipeline/s00_mmu/inst/xpm_cdc_async_rst_inst/dest_clk
    SLICE_X6Y91          FDCE                                         r  system_i/memory_smc/inst/s00_entry_pipeline/s00_mmu/inst/xpm_cdc_async_rst_inst/arststages_ff_reg[1]/C

Slack:                    inf
  Source:                 system_i/memory_smc/inst/clk_map/psr_aclk/U0/ACTIVE_LOW_BSR_OUT_DFF[0].FDRE_BSR_N/C
                            (rising edge-triggered cell FDRE clocked by clk_pl_0  {rise@0.000ns fall@5.000ns period=10.000ns})
  Destination:            system_i/memory_smc/inst/s00_entry_pipeline/s00_mmu/inst/xpm_cdc_async_rst_inst/arststages_ff_reg[2]/CLR
                            (removal check against rising-edge clock clk_pl_0  {rise@0.000ns fall@5.000ns period=10.000ns})
  Path Group:             (none)
  Path Type:              Removal (Min at Fast Process Corner)
  Data Path Delay:        0.275ns  (logic 0.084ns (30.534%)  route 0.191ns (69.466%))
  Logic Levels:           0  
  Clock Path Skew:        0.153ns (DCD - SCD - CPR)
    Destination Clock Delay (DCD):    1.583ns
    Source Clock Delay      (SCD):    1.430ns
    Clock Pessimism Removal (CPR):    -0.000ns
  Clock Uncertainty:      0.160ns  ((TSJ^2 + DJ^2)^1/2) / 2 + PE
    Total System Jitter     (TSJ):    0.071ns
    Discrete Jitter          (DJ):    0.312ns
    Phase Error              (PE):    0.000ns
  Clock Net Delay (Source):      1.279ns (routing 0.572ns, distribution 0.707ns)
  Clock Net Delay (Destination): 1.396ns (routing 0.623ns, distribution 0.773ns)
  Timing Exception:       False Path

    Location             Delay type                Incr(ns)  Path(ns)    Netlist Resource(s)
  -------------------------------------------------------------------    -------------------
                         (clock clk_pl_0 rise edge)
                                                      0.000     0.000 r  
    PS8_X0Y0             PS8                          0.000     0.000 r  system_i/ps/inst/PS8_i/PLCLK[0]
                         net (fo=1, routed)           0.129     0.129    system_i/ps/inst/pl_clk_unbuffered[0]
    BUFG_PS_X0Y80        BUFG_PS (Prop_BUFG_PS_I_O)
                                                      0.022     0.151 r  system_i/ps/inst/buffer_pl_clk_0.PL_CLK_0_BUFG/O
    X0Y1 (CLOCK_ROOT)    net (fo=8144, routed)        1.279     1.430    system_i/memory_smc/inst/clk_map/psr_aclk/U0/aclk
    SLICE_X9Y119         FDRE                                         r  system_i/memory_smc/inst/clk_map/psr_aclk/U0/ACTIVE_LOW_BSR_OUT_DFF[0].FDRE_BSR_N/C
  -------------------------------------------------------------------    -------------------
    SLICE_X9Y119         FDRE (Prop_DFF_SLICEL_C_Q)
                                                      0.084     1.514 r  system_i/memory_smc/inst/clk_map/psr_aclk/U0/ACTIVE_LOW_BSR_OUT_DFF[0].FDRE_BSR_N/Q
                         net (fo=45, routed)          0.191     1.705    system_i/memory_smc/inst/s00_entry_pipeline/s00_mmu/inst/xpm_cdc_async_rst_inst/src_arst
    SLICE_X6Y91          FDCE                                         f  system_i/memory_smc/inst/s00_entry_pipeline/s00_mmu/inst/xpm_cdc_async_rst_inst/arststages_ff_reg[2]/CLR  (IS_INVERTED)
  -------------------------------------------------------------------    -------------------

                         (clock clk_pl_0 rise edge)
                                                      0.000     0.000 r  
    PS8_X0Y0             PS8                          0.000     0.000 r  system_i/ps/inst/PS8_i/PLCLK[0]
                         net (fo=1, routed)           0.164     0.164    system_i/ps/inst/pl_clk_unbuffered[0]
    BUFG_PS_X0Y80        BUFG_PS (Prop_BUFG_PS_I_O)
                                                      0.023     0.187 r  system_i/ps/inst/buffer_pl_clk_0.PL_CLK_0_BUFG/O
    X0Y1 (CLOCK_ROOT)    net (fo=8144, routed)        1.396     1.583    system_i/memory_smc/inst/s00_entry_pipeline/s00_mmu/inst/xpm_cdc_async_rst_inst/dest_clk
    SLICE_X6Y91          FDCE                                         r  system_i/memory_smc/inst/s00_entry_pipeline/s00_mmu/inst/xpm_cdc_async_rst_inst/arststages_ff_reg[2]/C





