Copyright 1986-2022 Xilinx, Inc. All Rights Reserved. Copyright 2022-2025 Advanced Micro Devices, Inc. All Rights Reserved.
-----------------------------------------------------------------------------------------------------------------------------------------------------------------------------------------------
| Tool Version      : Vivado v.2025.2 (lin64) Build 6299465 Fri Nov 14 12:34:56 MST 2025
| Date              : Thu Oct  1 11:03:15 2026
| Host              : l-1tmyz44.physics.lsa.umich.edu running 64-bit Red Hat Enterprise Linux 9.8 (Plow)
| Command           : report_timing_summary -delay_type min_max -max_paths 20 -report_unconstrained -file /home/tengyao/keria-board-self-driving-trigger/reports/trigger_v2_timing_summary.rpt
| Design            : system_wrapper
| Device            : xck26-sfvc784
| Speed File        : -2LV  PRODUCTION 1.30 05-15-2022
| Design State      : Routed
| Temperature Grade : C
-----------------------------------------------------------------------------------------------------------------------------------------------------------------------------------------------

Timing Summary Report

------------------------------------------------------------------------------------------------
| Timer Settings
| --------------
------------------------------------------------------------------------------------------------

  Enable Multi Corner Analysis               :  Yes
  Enable Pessimism Removal                   :  Yes
  Pessimism Removal Resolution               :  Nearest Common Node
  Enable Input Delay Default Clock           :  No
  Enable Preset / Clear Arcs                 :  No
  Disable Flight Delays                      :  No
  Ignore I/O Paths                           :  No
  Timing Early Launch at Borrowing Latches   :  No
  Borrow Time for Max Delay Exceptions       :  Yes
  Merge Timing Exceptions                    :  Yes
  Inter-SLR Compensation                     :  Conservative

  Corner  Analyze    Analyze
  Name    Max Paths  Min Paths
  ------  ---------  ---------
  Slow    Yes        Yes
  Fast    Yes        Yes


------------------------------------------------------------------------------------------------
| Report Methodology
| ------------------
------------------------------------------------------------------------------------------------

No report available as report_methodology has not been run prior. Run report_methodology on the current design for the summary of methodology violations.



check_timing report

Table of Contents
-----------------
1. checking no_clock (0)
2. checking constant_clock (0)
3. checking pulse_width_clock (0)
4. checking unconstrained_internal_endpoints (0)
5. checking no_input_delay (0)
6. checking no_output_delay (0)
7. checking multiple_clock (0)
8. checking generated_clocks (0)
9. checking loops (0)
10. checking partial_input_delay (0)
11. checking partial_output_delay (0)
12. checking latch_loops (0)

1. checking no_clock (0)
------------------------
 There are 0 register/latch pins with no clock.


2. checking constant_clock (0)
------------------------------
 There are 0 register/latch pins with constant_clock.


3. checking pulse_width_clock (0)
---------------------------------
 There are 0 register/latch pins which need pulse_width check


4. checking unconstrained_internal_endpoints (0)
------------------------------------------------
 There are 0 pins that are not constrained for maximum delay.

 There are 0 pins that are not constrained for maximum delay due to constant clock.


5. checking no_input_delay (0)
------------------------------
 There are 0 input ports with no input delay specified.

 There are 0 input ports with no input delay but user has a false path constraint.


6. checking no_output_delay (0)
-------------------------------
 There are 0 ports with no output delay specified.

 There are 0 ports with no output delay but user has a false path constraint

 There are 0 ports with no output delay but with a timing clock defined on it or propagating through it


7. checking multiple_clock (0)
------------------------------
 There are 0 register/latch pins with multiple clocks.


8. checking generated_clocks (0)
--------------------------------
 There are 0 generated clocks that are not connected to a clock source.


9. checking loops (0)
---------------------
 There are 0 combinational loops in the design.


10. checking partial_input_delay (0)
------------------------------------
 There are 0 input ports with partial input delay specified.


11. checking partial_output_delay (0)
-------------------------------------
 There are 0 ports with partial output delay specified.


12. checking latch_loops (0)
----------------------------
 There are 0 combinational latch loops in the design through latch input



------------------------------------------------------------------------------------------------
| Design Timing Summary
| ---------------------
------------------------------------------------------------------------------------------------

    WNS(ns)      TNS(ns)  TNS Failing Endpoints  TNS Total Endpoints      WHS(ns)      THS(ns)  THS Failing Endpoints  THS Total Endpoints     WPWS(ns)     TPWS(ns)  TPWS Failing Endpoints  TPWS Total Endpoints
    -------      -------  ---------------------  -------------------      -------      -------  ---------------------  -------------------     --------     --------  ----------------------  --------------------
      4.985        0.000                      0                26372        0.010        0.000                      0                26372        3.500        0.000                       0                  8705


All user specified timing constraints are met.


------------------------------------------------------------------------------------------------
| Clock Summary
| -------------
------------------------------------------------------------------------------------------------

Clock     Waveform(ns)       Period(ns)      Frequency(MHz)
-----     ------------       ----------      --------------
clk_pl_0  {0.000 5.000}      10.000          100.000
clk_pl_1  {0.000 5.000}      10.000          100.000


------------------------------------------------------------------------------------------------
| Intra Clock Table
| -----------------
------------------------------------------------------------------------------------------------

Clock             WNS(ns)      TNS(ns)  TNS Failing Endpoints  TNS Total Endpoints      WHS(ns)      THS(ns)  THS Failing Endpoints  THS Total Endpoints     WPWS(ns)     TPWS(ns)  TPWS Failing Endpoints  TPWS Total Endpoints
-----             -------      -------  ---------------------  -------------------      -------      -------  ---------------------  -------------------     --------     --------  ----------------------  --------------------
clk_pl_0            4.985        0.000                      0                26372        0.010        0.000                      0                26372        3.500        0.000                       0                  8705


------------------------------------------------------------------------------------------------
| Inter Clock Table
| -----------------
------------------------------------------------------------------------------------------------

From Clock    To Clock          WNS(ns)      TNS(ns)  TNS Failing Endpoints  TNS Total Endpoints      WHS(ns)      THS(ns)  THS Failing Endpoints  THS Total Endpoints
----------    --------          -------      -------  ---------------------  -------------------      -------      -------  ---------------------  -------------------


------------------------------------------------------------------------------------------------
| Other Path Groups Table
| -----------------------
------------------------------------------------------------------------------------------------

Path Group    From Clock    To Clock          WNS(ns)      TNS(ns)  TNS Failing Endpoints  TNS Total Endpoints      WHS(ns)      THS(ns)  THS Failing Endpoints  THS Total Endpoints
----------    ----------    --------          -------      -------  ---------------------  -------------------      -------      -------  ---------------------  -------------------


------------------------------------------------------------------------------------------------
| User Ignored Path Table
| -----------------------
------------------------------------------------------------------------------------------------

Path Group    From Clock    To Clock
----------    ----------    --------
(none)                      clk_pl_0
(none)        clk_pl_0      clk_pl_0


------------------------------------------------------------------------------------------------
| Unconstrained Path Table
| ------------------------
------------------------------------------------------------------------------------------------

Path Group    From Clock    To Clock
----------    ----------    --------


------------------------------------------------------------------------------------------------
| Timing Details
| --------------
------------------------------------------------------------------------------------------------


---------------------------------------------------------------------------------------------------
From Clock:  clk_pl_0
  To Clock:  clk_pl_0

Setup :            0  Failing Endpoints,  Worst Slack        4.985ns,  Total Violation        0.000ns
Hold  :            0  Failing Endpoints,  Worst Slack        0.010ns,  Total Violation        0.000ns
PW    :            0  Failing Endpoints,  Worst Slack        3.500ns,  Total Violation        0.000ns
---------------------------------------------------------------------------------------------------


Max Delay Paths
--------------------------------------------------------------------------------------
Slack (MET) :             4.985ns  (required time - arrival time)
  Source:                 system_i/trigger/inst/implementation/trigger_i/beat_index_reg[0]/C
                            (rising edge-triggered cell FDRE clocked by clk_pl_0  {rise@0.000ns fall@5.000ns period=10.000ns})
  Destination:            system_i/trigger/inst/implementation/trigger_i/m_axis_tdata_reg[22]/D
                            (rising edge-triggered cell FDRE clocked by clk_pl_0  {rise@0.000ns fall@5.000ns period=10.000ns})
  Path Group:             clk_pl_0
  Path Type:              Setup (Max at Slow Process Corner)
  Requirement:            10.000ns  (clk_pl_0 rise@10.000ns - clk_pl_0 rise@0.000ns)
  Data Path Delay:        4.788ns  (logic 1.411ns (29.470%)  route 3.377ns (70.530%))
  Logic Levels:           7  (CARRY8=1 LUT3=1 LUT4=1 LUT5=1 LUT6=3)
  Clock Path Skew:        -0.110ns (DCD - SCD + CPR)
    Destination Clock Delay (DCD):    2.145ns = ( 12.145 - 10.000 )
    Source Clock Delay      (SCD):    2.428ns
    Clock Pessimism Removal (CPR):    0.173ns
  Clock Uncertainty:      0.160ns  ((TSJ^2 + DJ^2)^1/2) / 2 + PE
    Total System Jitter     (TSJ):    0.071ns
    Discrete Jitter          (DJ):    0.312ns
    Phase Error              (PE):    0.000ns
  Clock Net Delay (Source):      2.161ns (routing 1.045ns, distribution 1.116ns)
  Clock Net Delay (Destination): 1.929ns (routing 0.955ns, distribution 0.974ns)

    Location             Delay type                Incr(ns)  Path(ns)    Netlist Resource(s)
  -------------------------------------------------------------------    -------------------
                         (clock clk_pl_0 rise edge)
                                                      0.000     0.000 r
    PS8_X0Y0             PS8                          0.000     0.000 r  system_i/ps/inst/PS8_i/PLCLK[0]
                         net (fo=1, routed)           0.229     0.229    system_i/ps/inst/pl_clk_unbuffered[0]
    BUFG_PS_X0Y80        BUFG_PS (Prop_BUFG_PS_I_O)
                                                      0.038     0.267 r  system_i/ps/inst/buffer_pl_clk_0.PL_CLK_0_BUFG/O
    X0Y1 (CLOCK_ROOT)    net (fo=8705, routed)        2.161     2.428    system_i/trigger/inst/implementation/trigger_i/aclk
    SLICE_X16Y95         FDRE                                         r  system_i/trigger/inst/implementation/trigger_i/beat_index_reg[0]/C
  -------------------------------------------------------------------    -------------------
    SLICE_X16Y95         FDRE (Prop_EFF_SLICEL_C_Q)
                                                      0.114     2.542 r  system_i/trigger/inst/implementation/trigger_i/beat_index_reg[0]/Q
                         net (fo=210, routed)         1.433     3.974    system_i/trigger/inst/implementation/regs_i/Q[0]
    SLICE_X6Y122         LUT3 (Prop_B5LUT_SLICEL_I1_O)
                                                      0.097     4.071 r  system_i/trigger/inst/implementation/regs_i/pass_accum1_carry__0_i_36/O
                         net (fo=1, routed)           0.299     4.370    system_i/trigger/inst/implementation/regs_i/pass_accum1_carry__0_i_36_n_0
    SLICE_X2Y121         LUT6 (Prop_D6LUT_SLICEM_I1_O)
                                                      0.220     4.590 r  system_i/trigger/inst/implementation/regs_i/pass_accum1_carry__0_i_18/O
                         net (fo=2, routed)           0.452     5.042    system_i/trigger/inst/implementation/regs_i/pass_accum1_carry__0_i_18_n_0
    SLICE_X5Y108         LUT4 (Prop_H6LUT_SLICEM_I0_O)
                                                      0.189     5.231 r  system_i/trigger/inst/implementation/regs_i/pass_accum1_carry__0_i_9/O
                         net (fo=1, routed)           0.021     5.252    system_i/trigger/inst/implementation/trigger_i/m_axis_tdata_reg[9]_1[7]
    SLICE_X5Y108         CARRY8 (Prop_CARRY8_SLICEM_S[7]_CO[7])
                                                      0.183     5.435 r  system_i/trigger/inst/implementation/trigger_i/pass_accum1_carry__0/CO[7]
                         net (fo=25, routed)          0.703     6.138    system_i/trigger/inst/implementation/trigger_i/pass_accum1_carry__0_n_0
    SLICE_X17Y92         LUT5 (Prop_D5LUT_SLICEM_I2_O)
                                                      0.154     6.292 r  system_i/trigger/inst/implementation/trigger_i/m_axis_tdata[22]_i_7/O
                         net (fo=1, routed)           0.244     6.536    system_i/trigger/inst/implementation/trigger_i/m_axis_tdata[22]_i_7_n_0
    SLICE_X17Y92         LUT6 (Prop_H6LUT_SLICEM_I5_O)
                                                      0.228     6.764 r  system_i/trigger/inst/implementation/trigger_i/m_axis_tdata[22]_i_3/O
                         net (fo=1, routed)           0.145     6.909    system_i/trigger/inst/implementation/trigger_i/m_axis_tdata[22]_i_3_n_0
    SLICE_X18Y93         LUT6 (Prop_G6LUT_SLICEM_I1_O)
                                                      0.226     7.135 r  system_i/trigger/inst/implementation/trigger_i/m_axis_tdata[22]_i_1/O
                         net (fo=1, routed)           0.080     7.215    system_i/trigger/inst/implementation/trigger_i/m_axis_tdata0
    SLICE_X18Y93         FDRE                                         r  system_i/trigger/inst/implementation/trigger_i/m_axis_tdata_reg[22]/D
  -------------------------------------------------------------------    -------------------

                         (clock clk_pl_0 rise edge)
                                                     10.000    10.000 r
    PS8_X0Y0             PS8                          0.000    10.000 r  system_i/ps/inst/PS8_i/PLCLK[0]
                         net (fo=1, routed)           0.181    10.181    system_i/ps/inst/pl_clk_unbuffered[0]
    BUFG_PS_X0Y80        BUFG_PS (Prop_BUFG_PS_I_O)
                                                      0.035    10.216 r  system_i/ps/inst/buffer_pl_clk_0.PL_CLK_0_BUFG/O
    X0Y1 (CLOCK_ROOT)    net (fo=8705, routed)        1.929    12.145    system_i/trigger/inst/implementation/trigger_i/aclk
    SLICE_X18Y93         FDRE                                         r  system_i/trigger/inst/implementation/trigger_i/m_axis_tdata_reg[22]/C
                         clock pessimism              0.173    12.318
                         clock uncertainty           -0.160    12.158
    SLICE_X18Y93         FDRE (Setup_GFF_SLICEM_C_D)
                                                      0.043    12.201    system_i/trigger/inst/implementation/trigger_i/m_axis_tdata_reg[22]
  -------------------------------------------------------------------
                         required time                         12.201
                         arrival time                          -7.215
  -------------------------------------------------------------------
                         slack                                  4.985

Slack (MET) :             5.329ns  (required time - arrival time)
  Source:                 system_i/trigger/inst/implementation/trigger_i/beat_index_reg[0]/C
                            (rising edge-triggered cell FDRE clocked by clk_pl_0  {rise@0.000ns fall@5.000ns period=10.000ns})
  Destination:            system_i/trigger/inst/implementation/trigger_i/m_axis_tdata_reg[13]/D
                            (rising edge-triggered cell FDRE clocked by clk_pl_0  {rise@0.000ns fall@5.000ns period=10.000ns})
  Path Group:             clk_pl_0
  Path Type:              Setup (Max at Slow Process Corner)
  Requirement:            10.000ns  (clk_pl_0 rise@10.000ns - clk_pl_0 rise@0.000ns)
  Data Path Delay:        4.445ns  (logic 1.023ns (23.016%)  route 3.422ns (76.984%))
  Logic Levels:           5  (CARRY8=1 LUT3=2 LUT4=1 LUT6=1)
  Clock Path Skew:        -0.111ns (DCD - SCD + CPR)
    Destination Clock Delay (DCD):    2.144ns = ( 12.144 - 10.000 )
    Source Clock Delay      (SCD):    2.428ns
    Clock Pessimism Removal (CPR):    0.173ns
  Clock Uncertainty:      0.160ns  ((TSJ^2 + DJ^2)^1/2) / 2 + PE
    Total System Jitter     (TSJ):    0.071ns
    Discrete Jitter          (DJ):    0.312ns
    Phase Error              (PE):    0.000ns
  Clock Net Delay (Source):      2.161ns (routing 1.045ns, distribution 1.116ns)
  Clock Net Delay (Destination): 1.928ns (routing 0.955ns, distribution 0.973ns)

    Location             Delay type                Incr(ns)  Path(ns)    Netlist Resource(s)
  -------------------------------------------------------------------    -------------------
                         (clock clk_pl_0 rise edge)
                                                      0.000     0.000 r
    PS8_X0Y0             PS8                          0.000     0.000 r  system_i/ps/inst/PS8_i/PLCLK[0]
                         net (fo=1, routed)           0.229     0.229    system_i/ps/inst/pl_clk_unbuffered[0]
    BUFG_PS_X0Y80        BUFG_PS (Prop_BUFG_PS_I_O)
                                                      0.038     0.267 r  system_i/ps/inst/buffer_pl_clk_0.PL_CLK_0_BUFG/O
    X0Y1 (CLOCK_ROOT)    net (fo=8705, routed)        2.161     2.428    system_i/trigger/inst/implementation/trigger_i/aclk
    SLICE_X16Y95         FDRE                                         r  system_i/trigger/inst/implementation/trigger_i/beat_index_reg[0]/C
  -------------------------------------------------------------------    -------------------
    SLICE_X16Y95         FDRE (Prop_EFF_SLICEL_C_Q)
                                                      0.114     2.542 r  system_i/trigger/inst/implementation/trigger_i/beat_index_reg[0]/Q
                         net (fo=210, routed)         1.433     3.974    system_i/trigger/inst/implementation/regs_i/Q[0]
    SLICE_X6Y122         LUT3 (Prop_B5LUT_SLICEL_I1_O)
                                                      0.097     4.071 r  system_i/trigger/inst/implementation/regs_i/pass_accum1_carry__0_i_36/O
                         net (fo=1, routed)           0.299     4.370    system_i/trigger/inst/implementation/regs_i/pass_accum1_carry__0_i_36_n_0
    SLICE_X2Y121         LUT6 (Prop_D6LUT_SLICEM_I1_O)
                                                      0.220     4.590 r  system_i/trigger/inst/implementation/regs_i/pass_accum1_carry__0_i_18/O
                         net (fo=2, routed)           0.452     5.042    system_i/trigger/inst/implementation/regs_i/pass_accum1_carry__0_i_18_n_0
    SLICE_X5Y108         LUT4 (Prop_H6LUT_SLICEM_I0_O)
                                                      0.189     5.231 r  system_i/trigger/inst/implementation/regs_i/pass_accum1_carry__0_i_9/O
                         net (fo=1, routed)           0.021     5.252    system_i/trigger/inst/implementation/trigger_i/m_axis_tdata_reg[9]_1[7]
    SLICE_X5Y108         CARRY8 (Prop_CARRY8_SLICEM_S[7]_CO[7])
                                                      0.183     5.435 r  system_i/trigger/inst/implementation/trigger_i/pass_accum1_carry__0/CO[7]
                         net (fo=25, routed)          0.813     6.248    system_i/trigger/inst/implementation/trigger_i/pass_accum1_carry__0_n_0
    SLICE_X18Y92         LUT3 (Prop_D5LUT_SLICEM_I2_O)
                                                      0.220     6.468 r  system_i/trigger/inst/implementation/trigger_i/m_axis_tdata[13]_i_1/O
                         net (fo=2, routed)           0.404     6.872    system_i/trigger/inst/implementation/trigger_i/mux7_out[13]
    SLICE_X18Y92         FDRE                                         r  system_i/trigger/inst/implementation/trigger_i/m_axis_tdata_reg[13]/D
  -------------------------------------------------------------------    -------------------

                         (clock clk_pl_0 rise edge)
                                                     10.000    10.000 r
    PS8_X0Y0             PS8                          0.000    10.000 r  system_i/ps/inst/PS8_i/PLCLK[0]
                         net (fo=1, routed)           0.181    10.181    system_i/ps/inst/pl_clk_unbuffered[0]
    BUFG_PS_X0Y80        BUFG_PS (Prop_BUFG_PS_I_O)
                                                      0.035    10.216 r  system_i/ps/inst/buffer_pl_clk_0.PL_CLK_0_BUFG/O
    X0Y1 (CLOCK_ROOT)    net (fo=8705, routed)        1.928    12.144    system_i/trigger/inst/implementation/trigger_i/aclk
    SLICE_X18Y92         FDRE                                         r  system_i/trigger/inst/implementation/trigger_i/m_axis_tdata_reg[13]/C
                         clock pessimism              0.173    12.317
                         clock uncertainty           -0.160    12.157
    SLICE_X18Y92         FDRE (Setup_EFF2_SLICEM_C_D)
                                                      0.045    12.202    system_i/trigger/inst/implementation/trigger_i/m_axis_tdata_reg[13]
  -------------------------------------------------------------------
                         required time                         12.202
                         arrival time                          -6.872
  -------------------------------------------------------------------
                         slack                                  5.329

Slack (MET) :             5.345ns  (required time - arrival time)
  Source:                 system_i/trigger/inst/implementation/trigger_i/beat_index_reg[0]/C
                            (rising edge-triggered cell FDRE clocked by clk_pl_0  {rise@0.000ns fall@5.000ns period=10.000ns})
  Destination:            system_i/trigger/inst/implementation/trigger_i/m_axis_tdata_reg[16]/D
                            (rising edge-triggered cell FDRE clocked by clk_pl_0  {rise@0.000ns fall@5.000ns period=10.000ns})
  Path Group:             clk_pl_0
  Path Type:              Setup (Max at Slow Process Corner)
  Requirement:            10.000ns  (clk_pl_0 rise@10.000ns - clk_pl_0 rise@0.000ns)
  Data Path Delay:        4.411ns  (logic 1.087ns (24.642%)  route 3.324ns (75.358%))
  Logic Levels:           6  (CARRY8=2 LUT3=2 LUT4=1 LUT6=1)
  Clock Path Skew:        -0.127ns (DCD - SCD + CPR)
    Destination Clock Delay (DCD):    2.128ns = ( 12.128 - 10.000 )
    Source Clock Delay      (SCD):    2.428ns
    Clock Pessimism Removal (CPR):    0.173ns
  Clock Uncertainty:      0.160ns  ((TSJ^2 + DJ^2)^1/2) / 2 + PE
    Total System Jitter     (TSJ):    0.071ns
    Discrete Jitter          (DJ):    0.312ns
    Phase Error              (PE):    0.000ns
  Clock Net Delay (Source):      2.161ns (routing 1.045ns, distribution 1.116ns)
  Clock Net Delay (Destination): 1.912ns (routing 0.955ns, distribution 0.957ns)

    Location             Delay type                Incr(ns)  Path(ns)    Netlist Resource(s)
  -------------------------------------------------------------------    -------------------
                         (clock clk_pl_0 rise edge)
                                                      0.000     0.000 r
    PS8_X0Y0             PS8                          0.000     0.000 r  system_i/ps/inst/PS8_i/PLCLK[0]
                         net (fo=1, routed)           0.229     0.229    system_i/ps/inst/pl_clk_unbuffered[0]
    BUFG_PS_X0Y80        BUFG_PS (Prop_BUFG_PS_I_O)
                                                      0.038     0.267 r  system_i/ps/inst/buffer_pl_clk_0.PL_CLK_0_BUFG/O
    X0Y1 (CLOCK_ROOT)    net (fo=8705, routed)        2.161     2.428    system_i/trigger/inst/implementation/trigger_i/aclk
    SLICE_X16Y95         FDRE                                         r  system_i/trigger/inst/implementation/trigger_i/beat_index_reg[0]/C
  -------------------------------------------------------------------    -------------------
    SLICE_X16Y95         FDRE (Prop_EFF_SLICEL_C_Q)
                                                      0.114     2.542 r  system_i/trigger/inst/implementation/trigger_i/beat_index_reg[0]/Q
                         net (fo=210, routed)         1.358     3.900    system_i/trigger/inst/implementation/regs_i/Q[0]
    SLICE_X5Y119         LUT3 (Prop_H6LUT_SLICEM_I1_O)
                                                      0.138     4.038 r  system_i/trigger/inst/implementation/regs_i/i__carry_i_42/O
                         net (fo=1, routed)           0.408     4.446    system_i/trigger/inst/implementation/regs_i/i__carry_i_42_n_0
    SLICE_X6Y110         LUT6 (Prop_H6LUT_SLICEL_I1_O)
                                                      0.227     4.673 r  system_i/trigger/inst/implementation/regs_i/i__carry_i_20/O
                         net (fo=2, routed)           0.285     4.958    system_i/trigger/inst/implementation/regs_i/i__carry_i_20_n_0
    SLICE_X6Y107         LUT4 (Prop_G6LUT_SLICEL_I0_O)
                                                      0.137     5.095 r  system_i/trigger/inst/implementation/regs_i/i__carry_i_10/O
                         net (fo=1, routed)           0.012     5.107    system_i/trigger/inst/implementation/trigger_i/pass_accum2_inferred__0/i__carry__0_1[6]
    SLICE_X6Y107         CARRY8 (Prop_CARRY8_SLICEL_S[6]_CO[7])
                                                      0.171     5.278 r  system_i/trigger/inst/implementation/trigger_i/pass_accum2_inferred__0/i__carry/CO[7]
                         net (fo=1, routed)           0.030     5.308    system_i/trigger/inst/implementation/trigger_i/pass_accum2_inferred__0/i__carry_n_0
    SLICE_X6Y108         CARRY8 (Prop_CARRY8_SLICEL_CI_CO[7])
                                                      0.073     5.381 r  system_i/trigger/inst/implementation/trigger_i/pass_accum2_inferred__0/i__carry__0/CO[7]
                         net (fo=26, routed)          0.723     6.104    system_i/trigger/inst/implementation/trigger_i/pass_accum2_inferred__0/i__carry__0_n_0
    SLICE_X16Y93         LUT3 (Prop_H6LUT_SLICEL_I2_O)
                                                      0.227     6.331 r  system_i/trigger/inst/implementation/trigger_i/m_axis_tdata[16]_i_1/O
                         net (fo=2, routed)           0.508     6.839    system_i/trigger/inst/implementation/trigger_i/mux7_out[16]
    SLICE_X17Y92         FDRE                                         r  system_i/trigger/inst/implementation/trigger_i/m_axis_tdata_reg[16]/D
  -------------------------------------------------------------------    -------------------

                         (clock clk_pl_0 rise edge)
                                                     10.000    10.000 r
    PS8_X0Y0             PS8                          0.000    10.000 r  system_i/ps/inst/PS8_i/PLCLK[0]
                         net (fo=1, routed)           0.181    10.181    system_i/ps/inst/pl_clk_unbuffered[0]
    BUFG_PS_X0Y80        BUFG_PS (Prop_BUFG_PS_I_O)
                                                      0.035    10.216 r  system_i/ps/inst/buffer_pl_clk_0.PL_CLK_0_BUFG/O
    X0Y1 (CLOCK_ROOT)    net (fo=8705, routed)        1.912    12.128    system_i/trigger/inst/implementation/trigger_i/aclk
    SLICE_X17Y92         FDRE                                         r  system_i/trigger/inst/implementation/trigger_i/m_axis_tdata_reg[16]/C
                         clock pessimism              0.173    12.301
                         clock uncertainty           -0.160    12.141
    SLICE_X17Y92         FDRE (Setup_FFF_SLICEM_C_D)
                                                      0.043    12.184    system_i/trigger/inst/implementation/trigger_i/m_axis_tdata_reg[16]
  -------------------------------------------------------------------
                         required time                         12.184
                         arrival time                          -6.839
  -------------------------------------------------------------------
                         slack                                  5.345

Slack (MET) :             5.387ns  (required time - arrival time)
  Source:                 system_i/trigger/inst/implementation/trigger_i/beat_index_reg[0]/C
                            (rising edge-triggered cell FDRE clocked by clk_pl_0  {rise@0.000ns fall@5.000ns period=10.000ns})
  Destination:            system_i/trigger/inst/implementation/trigger_i/m_axis_tdata_reg[11]/D
                            (rising edge-triggered cell FDRE clocked by clk_pl_0  {rise@0.000ns fall@5.000ns period=10.000ns})
  Path Group:             clk_pl_0
  Path Type:              Setup (Max at Slow Process Corner)
  Requirement:            10.000ns  (clk_pl_0 rise@10.000ns - clk_pl_0 rise@0.000ns)
  Data Path Delay:        4.370ns  (logic 1.023ns (23.408%)  route 3.347ns (76.592%))
  Logic Levels:           5  (CARRY8=1 LUT3=2 LUT4=1 LUT6=1)
  Clock Path Skew:        -0.127ns (DCD - SCD + CPR)
    Destination Clock Delay (DCD):    2.128ns = ( 12.128 - 10.000 )
    Source Clock Delay      (SCD):    2.428ns
    Clock Pessimism Removal (CPR):    0.173ns
  Clock Uncertainty:      0.160ns  ((TSJ^2 + DJ^2)^1/2) / 2 + PE
    Total System Jitter     (TSJ):    0.071ns
    Discrete Jitter          (DJ):    0.312ns
    Phase Error              (PE):    0.000ns
  Clock Net Delay (Source):      2.161ns (routing 1.045ns, distribution 1.116ns)
  Clock Net Delay (Destination): 1.912ns (routing 0.955ns, distribution 0.957ns)

    Location             Delay type                Incr(ns)  Path(ns)    Netlist Resource(s)
  -------------------------------------------------------------------    -------------------
                         (clock clk_pl_0 rise edge)
                                                      0.000     0.000 r
    PS8_X0Y0             PS8                          0.000     0.000 r  system_i/ps/inst/PS8_i/PLCLK[0]
                         net (fo=1, routed)           0.229     0.229    system_i/ps/inst/pl_clk_unbuffered[0]
    BUFG_PS_X0Y80        BUFG_PS (Prop_BUFG_PS_I_O)
                                                      0.038     0.267 r  system_i/ps/inst/buffer_pl_clk_0.PL_CLK_0_BUFG/O
    X0Y1 (CLOCK_ROOT)    net (fo=8705, routed)        2.161     2.428    system_i/trigger/inst/implementation/trigger_i/aclk
    SLICE_X16Y95         FDRE                                         r  system_i/trigger/inst/implementation/trigger_i/beat_index_reg[0]/C
  -------------------------------------------------------------------    -------------------
    SLICE_X16Y95         FDRE (Prop_EFF_SLICEL_C_Q)
                                                      0.114     2.542 r  system_i/trigger/inst/implementation/trigger_i/beat_index_reg[0]/Q
                         net (fo=210, routed)         1.433     3.974    system_i/trigger/inst/implementation/regs_i/Q[0]
    SLICE_X6Y122         LUT3 (Prop_B5LUT_SLICEL_I1_O)
                                                      0.097     4.071 r  system_i/trigger/inst/implementation/regs_i/pass_accum1_carry__0_i_36/O
                         net (fo=1, routed)           0.299     4.370    system_i/trigger/inst/implementation/regs_i/pass_accum1_carry__0_i_36_n_0
    SLICE_X2Y121         LUT6 (Prop_D6LUT_SLICEM_I1_O)
                                                      0.220     4.590 r  system_i/trigger/inst/implementation/regs_i/pass_accum1_carry__0_i_18/O
                         net (fo=2, routed)           0.452     5.042    system_i/trigger/inst/implementation/regs_i/pass_accum1_carry__0_i_18_n_0
    SLICE_X5Y108         LUT4 (Prop_H6LUT_SLICEM_I0_O)
                                                      0.189     5.231 r  system_i/trigger/inst/implementation/regs_i/pass_accum1_carry__0_i_9/O
                         net (fo=1, routed)           0.021     5.252    system_i/trigger/inst/implementation/trigger_i/m_axis_tdata_reg[9]_1[7]
    SLICE_X5Y108         CARRY8 (Prop_CARRY8_SLICEM_S[7]_CO[7])
                                                      0.183     5.435 r  system_i/trigger/inst/implementation/trigger_i/pass_accum1_carry__0/CO[7]
                         net (fo=25, routed)          0.769     6.204    system_i/trigger/inst/implementation/trigger_i/pass_accum1_carry__0_n_0
    SLICE_X17Y93         LUT3 (Prop_D5LUT_SLICEM_I2_O)
                                                      0.220     6.424 r  system_i/trigger/inst/implementation/trigger_i/m_axis_tdata[11]_i_1/O
                         net (fo=2, routed)           0.374     6.798    system_i/trigger/inst/implementation/trigger_i/mux7_out[11]
    SLICE_X17Y92         FDRE                                         r  system_i/trigger/inst/implementation/trigger_i/m_axis_tdata_reg[11]/D
  -------------------------------------------------------------------    -------------------

                         (clock clk_pl_0 rise edge)
                                                     10.000    10.000 r
    PS8_X0Y0             PS8                          0.000    10.000 r  system_i/ps/inst/PS8_i/PLCLK[0]
                         net (fo=1, routed)           0.181    10.181    system_i/ps/inst/pl_clk_unbuffered[0]
    BUFG_PS_X0Y80        BUFG_PS (Prop_BUFG_PS_I_O)
                                                      0.035    10.216 r  system_i/ps/inst/buffer_pl_clk_0.PL_CLK_0_BUFG/O
    X0Y1 (CLOCK_ROOT)    net (fo=8705, routed)        1.912    12.128    system_i/trigger/inst/implementation/trigger_i/aclk
    SLICE_X17Y92         FDRE                                         r  system_i/trigger/inst/implementation/trigger_i/m_axis_tdata_reg[11]/C
                         clock pessimism              0.173    12.301
                         clock uncertainty           -0.160    12.141
    SLICE_X17Y92         FDRE (Setup_EFF_SLICEM_C_D)
                                                      0.044    12.185    system_i/trigger/inst/implementation/trigger_i/m_axis_tdata_reg[11]
  -------------------------------------------------------------------
                         required time                         12.185
                         arrival time                          -6.798
  -------------------------------------------------------------------
                         slack                                  5.387

Slack (MET) :             5.436ns  (required time - arrival time)
  Source:                 system_i/trigger/inst/implementation/trigger_i/beat_index_reg[0]/C
                            (rising edge-triggered cell FDRE clocked by clk_pl_0  {rise@0.000ns fall@5.000ns period=10.000ns})
  Destination:            system_i/trigger/inst/implementation/trigger_i/m_axis_tdata_reg[4]/D
                            (rising edge-triggered cell FDRE clocked by clk_pl_0  {rise@0.000ns fall@5.000ns period=10.000ns})
  Path Group:             clk_pl_0
  Path Type:              Setup (Max at Slow Process Corner)
  Requirement:            10.000ns  (clk_pl_0 rise@10.000ns - clk_pl_0 rise@0.000ns)
  Data Path Delay:        4.337ns  (logic 0.941ns (21.699%)  route 3.396ns (78.301%))
  Logic Levels:           6  (CARRY8=2 LUT3=2 LUT4=1 LUT6=1)
  Clock Path Skew:        -0.111ns (DCD - SCD + CPR)
    Destination Clock Delay (DCD):    2.144ns = ( 12.144 - 10.000 )
    Source Clock Delay      (SCD):    2.428ns
    Clock Pessimism Removal (CPR):    0.173ns
  Clock Uncertainty:      0.160ns  ((TSJ^2 + DJ^2)^1/2) / 2 + PE
    Total System Jitter     (TSJ):    0.071ns
    Discrete Jitter          (DJ):    0.312ns
    Phase Error              (PE):    0.000ns
  Clock Net Delay (Source):      2.161ns (routing 1.045ns, distribution 1.116ns)
  Clock Net Delay (Destination): 1.928ns (routing 0.955ns, distribution 0.973ns)

    Location             Delay type                Incr(ns)  Path(ns)    Netlist Resource(s)
  -------------------------------------------------------------------    -------------------
                         (clock clk_pl_0 rise edge)
                                                      0.000     0.000 r
    PS8_X0Y0             PS8                          0.000     0.000 r  system_i/ps/inst/PS8_i/PLCLK[0]
                         net (fo=1, routed)           0.229     0.229    system_i/ps/inst/pl_clk_unbuffered[0]
    BUFG_PS_X0Y80        BUFG_PS (Prop_BUFG_PS_I_O)
                                                      0.038     0.267 r  system_i/ps/inst/buffer_pl_clk_0.PL_CLK_0_BUFG/O
    X0Y1 (CLOCK_ROOT)    net (fo=8705, routed)        2.161     2.428    system_i/trigger/inst/implementation/trigger_i/aclk
    SLICE_X16Y95         FDRE                                         r  system_i/trigger/inst/implementation/trigger_i/beat_index_reg[0]/C
  -------------------------------------------------------------------    -------------------
    SLICE_X16Y95         FDRE (Prop_EFF_SLICEL_C_Q)
                                                      0.114     2.542 r  system_i/trigger/inst/implementation/trigger_i/beat_index_reg[0]/Q
                         net (fo=210, routed)         1.358     3.900    system_i/trigger/inst/implementation/regs_i/Q[0]
    SLICE_X5Y119         LUT3 (Prop_H6LUT_SLICEM_I1_O)
                                                      0.138     4.038 r  system_i/trigger/inst/implementation/regs_i/i__carry_i_42/O
                         net (fo=1, routed)           0.408     4.446    system_i/trigger/inst/implementation/regs_i/i__carry_i_42_n_0
    SLICE_X6Y110         LUT6 (Prop_H6LUT_SLICEL_I1_O)
                                                      0.227     4.673 r  system_i/trigger/inst/implementation/regs_i/i__carry_i_20/O
                         net (fo=2, routed)           0.285     4.958    system_i/trigger/inst/implementation/regs_i/i__carry_i_20_n_0
    SLICE_X6Y107         LUT4 (Prop_G6LUT_SLICEL_I0_O)
                                                      0.137     5.095 r  system_i/trigger/inst/implementation/regs_i/i__carry_i_10/O
                         net (fo=1, routed)           0.012     5.107    system_i/trigger/inst/implementation/trigger_i/pass_accum2_inferred__0/i__carry__0_1[6]
    SLICE_X6Y107         CARRY8 (Prop_CARRY8_SLICEL_S[6]_CO[7])
                                                      0.171     5.278 r  system_i/trigger/inst/implementation/trigger_i/pass_accum2_inferred__0/i__carry/CO[7]
                         net (fo=1, routed)           0.030     5.308    system_i/trigger/inst/implementation/trigger_i/pass_accum2_inferred__0/i__carry_n_0
    SLICE_X6Y108         CARRY8 (Prop_CARRY8_SLICEL_CI_CO[7])
                                                      0.073     5.381 r  system_i/trigger/inst/implementation/trigger_i/pass_accum2_inferred__0/i__carry__0/CO[7]
                         net (fo=26, routed)          0.846     6.226    system_i/trigger/inst/implementation/trigger_i/pass_accum2_inferred__0/i__carry__0_n_0
    SLICE_X16Y95         LUT3 (Prop_C6LUT_SLICEL_I2_O)
                                                      0.081     6.307 r  system_i/trigger/inst/implementation/trigger_i/m_axis_tdata[4]_i_1/O
                         net (fo=2, routed)           0.457     6.764    system_i/trigger/inst/implementation/trigger_i/mux7_out[4]
    SLICE_X18Y92         FDRE                                         r  system_i/trigger/inst/implementation/trigger_i/m_axis_tdata_reg[4]/D
  -------------------------------------------------------------------    -------------------

                         (clock clk_pl_0 rise edge)
                                                     10.000    10.000 r
    PS8_X0Y0             PS8                          0.000    10.000 r  system_i/ps/inst/PS8_i/PLCLK[0]
                         net (fo=1, routed)           0.181    10.181    system_i/ps/inst/pl_clk_unbuffered[0]
    BUFG_PS_X0Y80        BUFG_PS (Prop_BUFG_PS_I_O)
                                                      0.035    10.216 r  system_i/ps/inst/buffer_pl_clk_0.PL_CLK_0_BUFG/O
    X0Y1 (CLOCK_ROOT)    net (fo=8705, routed)        1.928    12.144    system_i/trigger/inst/implementation/trigger_i/aclk
    SLICE_X18Y92         FDRE                                         r  system_i/trigger/inst/implementation/trigger_i/m_axis_tdata_reg[4]/C
                         clock pessimism              0.173    12.317
                         clock uncertainty           -0.160    12.157
    SLICE_X18Y92         FDRE (Setup_FFF_SLICEM_C_D)
                                                      0.043    12.200    system_i/trigger/inst/implementation/trigger_i/m_axis_tdata_reg[4]
  -------------------------------------------------------------------
                         required time                         12.200
                         arrival time                          -6.764
  -------------------------------------------------------------------
                         slack                                  5.436

Slack (MET) :             5.445ns  (required time - arrival time)
  Source:                 system_i/trigger/inst/implementation/trigger_i/beat_index_reg[0]/C
                            (rising edge-triggered cell FDRE clocked by clk_pl_0  {rise@0.000ns fall@5.000ns period=10.000ns})
  Destination:            system_i/trigger/inst/implementation/trigger_i/m_axis_tdata_reg[17]/D
                            (rising edge-triggered cell FDRE clocked by clk_pl_0  {rise@0.000ns fall@5.000ns period=10.000ns})
  Path Group:             clk_pl_0
  Path Type:              Setup (Max at Slow Process Corner)
  Requirement:            10.000ns  (clk_pl_0 rise@10.000ns - clk_pl_0 rise@0.000ns)
  Data Path Delay:        4.313ns  (logic 0.935ns (21.680%)  route 3.378ns (78.320%))
  Logic Levels:           5  (CARRY8=1 LUT3=2 LUT4=1 LUT6=1)
  Clock Path Skew:        -0.127ns (DCD - SCD + CPR)
    Destination Clock Delay (DCD):    2.128ns = ( 12.128 - 10.000 )
    Source Clock Delay      (SCD):    2.428ns
    Clock Pessimism Removal (CPR):    0.173ns
  Clock Uncertainty:      0.160ns  ((TSJ^2 + DJ^2)^1/2) / 2 + PE
    Total System Jitter     (TSJ):    0.071ns
    Discrete Jitter          (DJ):    0.312ns
    Phase Error              (PE):    0.000ns
  Clock Net Delay (Source):      2.161ns (routing 1.045ns, distribution 1.116ns)
  Clock Net Delay (Destination): 1.912ns (routing 0.955ns, distribution 0.957ns)

    Location             Delay type                Incr(ns)  Path(ns)    Netlist Resource(s)
  -------------------------------------------------------------------    -------------------
                         (clock clk_pl_0 rise edge)
                                                      0.000     0.000 r
    PS8_X0Y0             PS8                          0.000     0.000 r  system_i/ps/inst/PS8_i/PLCLK[0]
                         net (fo=1, routed)           0.229     0.229    system_i/ps/inst/pl_clk_unbuffered[0]
    BUFG_PS_X0Y80        BUFG_PS (Prop_BUFG_PS_I_O)
                                                      0.038     0.267 r  system_i/ps/inst/buffer_pl_clk_0.PL_CLK_0_BUFG/O
    X0Y1 (CLOCK_ROOT)    net (fo=8705, routed)        2.161     2.428    system_i/trigger/inst/implementation/trigger_i/aclk
    SLICE_X16Y95         FDRE                                         r  system_i/trigger/inst/implementation/trigger_i/beat_index_reg[0]/C
  -------------------------------------------------------------------    -------------------
    SLICE_X16Y95         FDRE (Prop_EFF_SLICEL_C_Q)
                                                      0.114     2.542 r  system_i/trigger/inst/implementation/trigger_i/beat_index_reg[0]/Q
                         net (fo=210, routed)         1.433     3.974    system_i/trigger/inst/implementation/regs_i/Q[0]
    SLICE_X6Y122         LUT3 (Prop_B5LUT_SLICEL_I1_O)
                                                      0.097     4.071 r  system_i/trigger/inst/implementation/regs_i/pass_accum1_carry__0_i_36/O
                         net (fo=1, routed)           0.299     4.370    system_i/trigger/inst/implementation/regs_i/pass_accum1_carry__0_i_36_n_0
    SLICE_X2Y121         LUT6 (Prop_D6LUT_SLICEM_I1_O)
                                                      0.220     4.590 r  system_i/trigger/inst/implementation/regs_i/pass_accum1_carry__0_i_18/O
                         net (fo=2, routed)           0.452     5.042    system_i/trigger/inst/implementation/regs_i/pass_accum1_carry__0_i_18_n_0
    SLICE_X5Y108         LUT4 (Prop_H6LUT_SLICEM_I0_O)
                                                      0.189     5.231 r  system_i/trigger/inst/implementation/regs_i/pass_accum1_carry__0_i_9/O
                         net (fo=1, routed)           0.021     5.252    system_i/trigger/inst/implementation/trigger_i/m_axis_tdata_reg[9]_1[7]
    SLICE_X5Y108         CARRY8 (Prop_CARRY8_SLICEM_S[7]_CO[7])
                                                      0.183     5.435 r  system_i/trigger/inst/implementation/trigger_i/pass_accum1_carry__0/CO[7]
                         net (fo=25, routed)          0.796     6.231    system_i/trigger/inst/implementation/trigger_i/pass_accum1_carry__0_n_0
    SLICE_X16Y93         LUT3 (Prop_H5LUT_SLICEL_I2_O)
                                                      0.132     6.363 r  system_i/trigger/inst/implementation/trigger_i/m_axis_tdata[17]_i_1/O
                         net (fo=2, routed)           0.377     6.740    system_i/trigger/inst/implementation/trigger_i/mux7_out[17]
    SLICE_X17Y92         FDRE                                         r  system_i/trigger/inst/implementation/trigger_i/m_axis_tdata_reg[17]/D
  -------------------------------------------------------------------    -------------------

                         (clock clk_pl_0 rise edge)
                                                     10.000    10.000 r
    PS8_X0Y0             PS8                          0.000    10.000 r  system_i/ps/inst/PS8_i/PLCLK[0]
                         net (fo=1, routed)           0.181    10.181    system_i/ps/inst/pl_clk_unbuffered[0]
    BUFG_PS_X0Y80        BUFG_PS (Prop_BUFG_PS_I_O)
                                                      0.035    10.216 r  system_i/ps/inst/buffer_pl_clk_0.PL_CLK_0_BUFG/O
    X0Y1 (CLOCK_ROOT)    net (fo=8705, routed)        1.912    12.128    system_i/trigger/inst/implementation/trigger_i/aclk
    SLICE_X17Y92         FDRE                                         r  system_i/trigger/inst/implementation/trigger_i/m_axis_tdata_reg[17]/C
                         clock pessimism              0.173    12.301
                         clock uncertainty           -0.160    12.141
    SLICE_X17Y92         FDRE (Setup_FFF2_SLICEM_C_D)
                                                      0.045    12.186    system_i/trigger/inst/implementation/trigger_i/m_axis_tdata_reg[17]
  -------------------------------------------------------------------
                         required time                         12.186
                         arrival time                          -6.740
  -------------------------------------------------------------------
                         slack                                  5.445

Slack (MET) :             5.470ns  (required time - arrival time)
  Source:                 system_i/trigger/inst/implementation/trigger_i/beat_index_reg[0]/C
                            (rising edge-triggered cell FDRE clocked by clk_pl_0  {rise@0.000ns fall@5.000ns period=10.000ns})
  Destination:            system_i/trigger/inst/implementation/trigger_i/m_axis_tdata_reg[8]/D
                            (rising edge-triggered cell FDRE clocked by clk_pl_0  {rise@0.000ns fall@5.000ns period=10.000ns})
  Path Group:             clk_pl_0
  Path Type:              Setup (Max at Slow Process Corner)
  Requirement:            10.000ns  (clk_pl_0 rise@10.000ns - clk_pl_0 rise@0.000ns)
  Data Path Delay:        4.305ns  (logic 0.951ns (22.089%)  route 3.354ns (77.911%))
  Logic Levels:           6  (CARRY8=2 LUT3=2 LUT4=1 LUT6=1)
  Clock Path Skew:        -0.110ns (DCD - SCD + CPR)
    Destination Clock Delay (DCD):    2.145ns = ( 12.145 - 10.000 )
    Source Clock Delay      (SCD):    2.428ns
    Clock Pessimism Removal (CPR):    0.173ns
  Clock Uncertainty:      0.160ns  ((TSJ^2 + DJ^2)^1/2) / 2 + PE
    Total System Jitter     (TSJ):    0.071ns
    Discrete Jitter          (DJ):    0.312ns
    Phase Error              (PE):    0.000ns
  Clock Net Delay (Source):      2.161ns (routing 1.045ns, distribution 1.116ns)
  Clock Net Delay (Destination): 1.929ns (routing 0.955ns, distribution 0.974ns)

    Location             Delay type                Incr(ns)  Path(ns)    Netlist Resource(s)
  -------------------------------------------------------------------    -------------------
                         (clock clk_pl_0 rise edge)
                                                      0.000     0.000 r
    PS8_X0Y0             PS8                          0.000     0.000 r  system_i/ps/inst/PS8_i/PLCLK[0]
                         net (fo=1, routed)           0.229     0.229    system_i/ps/inst/pl_clk_unbuffered[0]
    BUFG_PS_X0Y80        BUFG_PS (Prop_BUFG_PS_I_O)
                                                      0.038     0.267 r  system_i/ps/inst/buffer_pl_clk_0.PL_CLK_0_BUFG/O
    X0Y1 (CLOCK_ROOT)    net (fo=8705, routed)        2.161     2.428    system_i/trigger/inst/implementation/trigger_i/aclk
    SLICE_X16Y95         FDRE                                         r  system_i/trigger/inst/implementation/trigger_i/beat_index_reg[0]/C
  -------------------------------------------------------------------    -------------------
    SLICE_X16Y95         FDRE (Prop_EFF_SLICEL_C_Q)
                                                      0.114     2.542 r  system_i/trigger/inst/implementation/trigger_i/beat_index_reg[0]/Q
                         net (fo=210, routed)         1.358     3.900    system_i/trigger/inst/implementation/regs_i/Q[0]
    SLICE_X5Y119         LUT3 (Prop_H6LUT_SLICEM_I1_O)
                                                      0.138     4.038 r  system_i/trigger/inst/implementation/regs_i/i__carry_i_42/O
                         net (fo=1, routed)           0.408     4.446    system_i/trigger/inst/implementation/regs_i/i__carry_i_42_n_0
    SLICE_X6Y110         LUT6 (Prop_H6LUT_SLICEL_I1_O)
                                                      0.227     4.673 r  system_i/trigger/inst/implementation/regs_i/i__carry_i_20/O
                         net (fo=2, routed)           0.285     4.958    system_i/trigger/inst/implementation/regs_i/i__carry_i_20_n_0
    SLICE_X6Y107         LUT4 (Prop_G6LUT_SLICEL_I0_O)
                                                      0.137     5.095 r  system_i/trigger/inst/implementation/regs_i/i__carry_i_10/O
                         net (fo=1, routed)           0.012     5.107    system_i/trigger/inst/implementation/trigger_i/pass_accum2_inferred__0/i__carry__0_1[6]
    SLICE_X6Y107         CARRY8 (Prop_CARRY8_SLICEL_S[6]_CO[7])
                                                      0.171     5.278 r  system_i/trigger/inst/implementation/trigger_i/pass_accum2_inferred__0/i__carry/CO[7]
                         net (fo=1, routed)           0.030     5.308    system_i/trigger/inst/implementation/trigger_i/pass_accum2_inferred__0/i__carry_n_0
    SLICE_X6Y108         CARRY8 (Prop_CARRY8_SLICEL_CI_CO[7])
                                                      0.073     5.381 r  system_i/trigger/inst/implementation/trigger_i/pass_accum2_inferred__0/i__carry__0/CO[7]
                         net (fo=26, routed)          0.868     6.249    system_i/trigger/inst/implementation/trigger_i/pass_accum2_inferred__0/i__carry__0_n_0
    SLICE_X18Y93         LUT3 (Prop_D5LUT_SLICEM_I2_O)
                                                      0.091     6.340 r  system_i/trigger/inst/implementation/trigger_i/m_axis_tdata[8]_i_1/O
                         net (fo=1, routed)           0.393     6.733    system_i/trigger/inst/implementation/trigger_i/mux7_out[8]
    SLICE_X18Y93         FDRE                                         r  system_i/trigger/inst/implementation/trigger_i/m_axis_tdata_reg[8]/D
  -------------------------------------------------------------------    -------------------

                         (clock clk_pl_0 rise edge)
                                                     10.000    10.000 r
    PS8_X0Y0             PS8                          0.000    10.000 r  system_i/ps/inst/PS8_i/PLCLK[0]
                         net (fo=1, routed)           0.181    10.181    system_i/ps/inst/pl_clk_unbuffered[0]
    BUFG_PS_X0Y80        BUFG_PS (Prop_BUFG_PS_I_O)
                                                      0.035    10.216 r  system_i/ps/inst/buffer_pl_clk_0.PL_CLK_0_BUFG/O
    X0Y1 (CLOCK_ROOT)    net (fo=8705, routed)        1.929    12.145    system_i/trigger/inst/implementation/trigger_i/aclk
    SLICE_X18Y93         FDRE                                         r  system_i/trigger/inst/implementation/trigger_i/m_axis_tdata_reg[8]/C
                         clock pessimism              0.173    12.318
                         clock uncertainty           -0.160    12.158
    SLICE_X18Y93         FDRE (Setup_EFF2_SLICEM_C_D)
                                                      0.045    12.203    system_i/trigger/inst/implementation/trigger_i/m_axis_tdata_reg[8]
  -------------------------------------------------------------------
                         required time                         12.203
                         arrival time                          -6.733
  -------------------------------------------------------------------
                         slack                                  5.470

Slack (MET) :             5.503ns  (required time - arrival time)
  Source:                 system_i/trigger/inst/implementation/trigger_i/beat_index_reg[0]/C
                            (rising edge-triggered cell FDRE clocked by clk_pl_0  {rise@0.000ns fall@5.000ns period=10.000ns})
  Destination:            system_i/trigger/inst/implementation/trigger_i/m_axis_tdata_reg[6]/D
                            (rising edge-triggered cell FDRE clocked by clk_pl_0  {rise@0.000ns fall@5.000ns period=10.000ns})
  Path Group:             clk_pl_0
  Path Type:              Setup (Max at Slow Process Corner)
  Requirement:            10.000ns  (clk_pl_0 rise@10.000ns - clk_pl_0 rise@0.000ns)
  Data Path Delay:        4.274ns  (logic 0.944ns (22.088%)  route 3.330ns (77.912%))
  Logic Levels:           6  (CARRY8=2 LUT3=2 LUT4=1 LUT6=1)
  Clock Path Skew:        -0.107ns (DCD - SCD + CPR)
    Destination Clock Delay (DCD):    2.148ns = ( 12.148 - 10.000 )
    Source Clock Delay      (SCD):    2.428ns
    Clock Pessimism Removal (CPR):    0.173ns
  Clock Uncertainty:      0.160ns  ((TSJ^2 + DJ^2)^1/2) / 2 + PE
    Total System Jitter     (TSJ):    0.071ns
    Discrete Jitter          (DJ):    0.312ns
    Phase Error              (PE):    0.000ns
  Clock Net Delay (Source):      2.161ns (routing 1.045ns, distribution 1.116ns)
  Clock Net Delay (Destination): 1.932ns (routing 0.955ns, distribution 0.977ns)

    Location             Delay type                Incr(ns)  Path(ns)    Netlist Resource(s)
  -------------------------------------------------------------------    -------------------
                         (clock clk_pl_0 rise edge)
                                                      0.000     0.000 r
    PS8_X0Y0             PS8                          0.000     0.000 r  system_i/ps/inst/PS8_i/PLCLK[0]
                         net (fo=1, routed)           0.229     0.229    system_i/ps/inst/pl_clk_unbuffered[0]
    BUFG_PS_X0Y80        BUFG_PS (Prop_BUFG_PS_I_O)
                                                      0.038     0.267 r  system_i/ps/inst/buffer_pl_clk_0.PL_CLK_0_BUFG/O
    X0Y1 (CLOCK_ROOT)    net (fo=8705, routed)        2.161     2.428    system_i/trigger/inst/implementation/trigger_i/aclk
    SLICE_X16Y95         FDRE                                         r  system_i/trigger/inst/implementation/trigger_i/beat_index_reg[0]/C
  -------------------------------------------------------------------    -------------------
    SLICE_X16Y95         FDRE (Prop_EFF_SLICEL_C_Q)
                                                      0.114     2.542 r  system_i/trigger/inst/implementation/trigger_i/beat_index_reg[0]/Q
                         net (fo=210, routed)         1.358     3.900    system_i/trigger/inst/implementation/regs_i/Q[0]
    SLICE_X5Y119         LUT3 (Prop_H6LUT_SLICEM_I1_O)
                                                      0.138     4.038 r  system_i/trigger/inst/implementation/regs_i/i__carry_i_42/O
                         net (fo=1, routed)           0.408     4.446    system_i/trigger/inst/implementation/regs_i/i__carry_i_42_n_0
    SLICE_X6Y110         LUT6 (Prop_H6LUT_SLICEL_I1_O)
                                                      0.227     4.673 r  system_i/trigger/inst/implementation/regs_i/i__carry_i_20/O
                         net (fo=2, routed)           0.285     4.958    system_i/trigger/inst/implementation/regs_i/i__carry_i_20_n_0
    SLICE_X6Y107         LUT4 (Prop_G6LUT_SLICEL_I0_O)
                                                      0.137     5.095 r  system_i/trigger/inst/implementation/regs_i/i__carry_i_10/O
                         net (fo=1, routed)           0.012     5.107    system_i/trigger/inst/implementation/trigger_i/pass_accum2_inferred__0/i__carry__0_1[6]
    SLICE_X6Y107         CARRY8 (Prop_CARRY8_SLICEL_S[6]_CO[7])
                                                      0.171     5.278 r  system_i/trigger/inst/implementation/trigger_i/pass_accum2_inferred__0/i__carry/CO[7]
                         net (fo=1, routed)           0.030     5.308    system_i/trigger/inst/implementation/trigger_i/pass_accum2_inferred__0/i__carry_n_0
    SLICE_X6Y108         CARRY8 (Prop_CARRY8_SLICEL_CI_CO[7])
                                                      0.073     5.381 r  system_i/trigger/inst/implementation/trigger_i/pass_accum2_inferred__0/i__carry__0/CO[7]
                         net (fo=26, routed)          0.977     6.357    system_i/trigger/inst/implementation/trigger_i/pass_accum2_inferred__0/i__carry__0_n_0
    SLICE_X18Y95         LUT3 (Prop_H6LUT_SLICEM_I2_O)
                                                      0.084     6.441 r  system_i/trigger/inst/implementation/trigger_i/m_axis_tdata[6]_i_1/O
                         net (fo=2, routed)           0.260     6.701    system_i/trigger/inst/implementation/trigger_i/mux7_out[6]
    SLICE_X18Y95         FDRE                                         r  system_i/trigger/inst/implementation/trigger_i/m_axis_tdata_reg[6]/D
  -------------------------------------------------------------------    -------------------

                         (clock clk_pl_0 rise edge)
                                                     10.000    10.000 r
    PS8_X0Y0             PS8                          0.000    10.000 r  system_i/ps/inst/PS8_i/PLCLK[0]
                         net (fo=1, routed)           0.181    10.181    system_i/ps/inst/pl_clk_unbuffered[0]
    BUFG_PS_X0Y80        BUFG_PS (Prop_BUFG_PS_I_O)
                                                      0.035    10.216 r  system_i/ps/inst/buffer_pl_clk_0.PL_CLK_0_BUFG/O
    X0Y1 (CLOCK_ROOT)    net (fo=8705, routed)        1.932    12.148    system_i/trigger/inst/implementation/trigger_i/aclk
    SLICE_X18Y95         FDRE                                         r  system_i/trigger/inst/implementation/trigger_i/m_axis_tdata_reg[6]/C
                         clock pessimism              0.173    12.321
                         clock uncertainty           -0.160    12.161
    SLICE_X18Y95         FDRE (Setup_AFF_SLICEM_C_D)
                                                      0.044    12.205    system_i/trigger/inst/implementation/trigger_i/m_axis_tdata_reg[6]
  -------------------------------------------------------------------
                         required time                         12.205
                         arrival time                          -6.701
  -------------------------------------------------------------------
                         slack                                  5.503

Slack (MET) :             5.548ns  (required time - arrival time)
  Source:                 system_i/trigger/inst/implementation/trigger_i/beat_index_reg[0]/C
                            (rising edge-triggered cell FDRE clocked by clk_pl_0  {rise@0.000ns fall@5.000ns period=10.000ns})
  Destination:            system_i/trigger/inst/implementation/trigger_i/m_axis_tdata_reg[1]/D
                            (rising edge-triggered cell FDRE clocked by clk_pl_0  {rise@0.000ns fall@5.000ns period=10.000ns})
  Path Group:             clk_pl_0
  Path Type:              Setup (Max at Slow Process Corner)
  Requirement:            10.000ns  (clk_pl_0 rise@10.000ns - clk_pl_0 rise@0.000ns)
  Data Path Delay:        4.211ns  (logic 0.955ns (22.676%)  route 3.256ns (77.324%))
  Logic Levels:           5  (CARRY8=1 LUT3=2 LUT4=1 LUT6=1)
  Clock Path Skew:        -0.127ns (DCD - SCD + CPR)
    Destination Clock Delay (DCD):    2.128ns = ( 12.128 - 10.000 )
    Source Clock Delay      (SCD):    2.428ns
    Clock Pessimism Removal (CPR):    0.173ns
  Clock Uncertainty:      0.160ns  ((TSJ^2 + DJ^2)^1/2) / 2 + PE
    Total System Jitter     (TSJ):    0.071ns
    Discrete Jitter          (DJ):    0.312ns
    Phase Error              (PE):    0.000ns
  Clock Net Delay (Source):      2.161ns (routing 1.045ns, distribution 1.116ns)
  Clock Net Delay (Destination): 1.912ns (routing 0.955ns, distribution 0.957ns)

    Location             Delay type                Incr(ns)  Path(ns)    Netlist Resource(s)
  -------------------------------------------------------------------    -------------------
                         (clock clk_pl_0 rise edge)
                                                      0.000     0.000 r
    PS8_X0Y0             PS8                          0.000     0.000 r  system_i/ps/inst/PS8_i/PLCLK[0]
                         net (fo=1, routed)           0.229     0.229    system_i/ps/inst/pl_clk_unbuffered[0]
    BUFG_PS_X0Y80        BUFG_PS (Prop_BUFG_PS_I_O)
                                                      0.038     0.267 r  system_i/ps/inst/buffer_pl_clk_0.PL_CLK_0_BUFG/O
    X0Y1 (CLOCK_ROOT)    net (fo=8705, routed)        2.161     2.428    system_i/trigger/inst/implementation/trigger_i/aclk
    SLICE_X16Y95         FDRE                                         r  system_i/trigger/inst/implementation/trigger_i/beat_index_reg[0]/C
  -------------------------------------------------------------------    -------------------
    SLICE_X16Y95         FDRE (Prop_EFF_SLICEL_C_Q)
                                                      0.114     2.542 r  system_i/trigger/inst/implementation/trigger_i/beat_index_reg[0]/Q
                         net (fo=210, routed)         1.433     3.974    system_i/trigger/inst/implementation/regs_i/Q[0]
    SLICE_X6Y122         LUT3 (Prop_B5LUT_SLICEL_I1_O)
                                                      0.097     4.071 r  system_i/trigger/inst/implementation/regs_i/pass_accum1_carry__0_i_36/O
                         net (fo=1, routed)           0.299     4.370    system_i/trigger/inst/implementation/regs_i/pass_accum1_carry__0_i_36_n_0
    SLICE_X2Y121         LUT6 (Prop_D6LUT_SLICEM_I1_O)
                                                      0.220     4.590 r  system_i/trigger/inst/implementation/regs_i/pass_accum1_carry__0_i_18/O
                         net (fo=2, routed)           0.452     5.042    system_i/trigger/inst/implementation/regs_i/pass_accum1_carry__0_i_18_n_0
    SLICE_X5Y108         LUT4 (Prop_H6LUT_SLICEM_I0_O)
                                                      0.189     5.231 r  system_i/trigger/inst/implementation/regs_i/pass_accum1_carry__0_i_9/O
                         net (fo=1, routed)           0.021     5.252    system_i/trigger/inst/implementation/trigger_i/m_axis_tdata_reg[9]_1[7]
    SLICE_X5Y108         CARRY8 (Prop_CARRY8_SLICEM_S[7]_CO[7])
                                                      0.183     5.435 r  system_i/trigger/inst/implementation/trigger_i/pass_accum1_carry__0/CO[7]
                         net (fo=25, routed)          0.667     6.102    system_i/trigger/inst/implementation/trigger_i/pass_accum1_carry__0_n_0
    SLICE_X16Y94         LUT3 (Prop_D5LUT_SLICEL_I2_O)
                                                      0.152     6.254 r  system_i/trigger/inst/implementation/trigger_i/m_axis_tdata[1]_i_1/O
                         net (fo=2, routed)           0.385     6.639    system_i/trigger/inst/implementation/trigger_i/mux7_out[1]
    SLICE_X17Y92         FDRE                                         r  system_i/trigger/inst/implementation/trigger_i/m_axis_tdata_reg[1]/D
  -------------------------------------------------------------------    -------------------

                         (clock clk_pl_0 rise edge)
                                                     10.000    10.000 r
    PS8_X0Y0             PS8                          0.000    10.000 r  system_i/ps/inst/PS8_i/PLCLK[0]
                         net (fo=1, routed)           0.181    10.181    system_i/ps/inst/pl_clk_unbuffered[0]
    BUFG_PS_X0Y80        BUFG_PS (Prop_BUFG_PS_I_O)
                                                      0.035    10.216 r  system_i/ps/inst/buffer_pl_clk_0.PL_CLK_0_BUFG/O
    X0Y1 (CLOCK_ROOT)    net (fo=8705, routed)        1.912    12.128    system_i/trigger/inst/implementation/trigger_i/aclk
    SLICE_X17Y92         FDRE                                         r  system_i/trigger/inst/implementation/trigger_i/m_axis_tdata_reg[1]/C
                         clock pessimism              0.173    12.301
                         clock uncertainty           -0.160    12.141
    SLICE_X17Y92         FDRE (Setup_GFF2_SLICEM_C_D)
                                                      0.046    12.187    system_i/trigger/inst/implementation/trigger_i/m_axis_tdata_reg[1]
  -------------------------------------------------------------------
                         required time                         12.187
                         arrival time                          -6.639
  -------------------------------------------------------------------
                         slack                                  5.548

Slack (MET) :             5.551ns  (required time - arrival time)
  Source:                 system_i/trigger/inst/implementation/trigger_i/beat_index_reg[0]/C
                            (rising edge-triggered cell FDRE clocked by clk_pl_0  {rise@0.000ns fall@5.000ns period=10.000ns})
  Destination:            system_i/trigger/inst/implementation/trigger_i/m_axis_tdata_reg[12]/D
                            (rising edge-triggered cell FDRE clocked by clk_pl_0  {rise@0.000ns fall@5.000ns period=10.000ns})
  Path Group:             clk_pl_0
  Path Type:              Setup (Max at Slow Process Corner)
  Requirement:            10.000ns  (clk_pl_0 rise@10.000ns - clk_pl_0 rise@0.000ns)
  Data Path Delay:        4.222ns  (logic 0.940ns (22.264%)  route 3.282ns (77.736%))
  Logic Levels:           6  (CARRY8=2 LUT3=2 LUT4=1 LUT6=1)
  Clock Path Skew:        -0.111ns (DCD - SCD + CPR)
    Destination Clock Delay (DCD):    2.144ns = ( 12.144 - 10.000 )
    Source Clock Delay      (SCD):    2.428ns
    Clock Pessimism Removal (CPR):    0.173ns
  Clock Uncertainty:      0.160ns  ((TSJ^2 + DJ^2)^1/2) / 2 + PE
    Total System Jitter     (TSJ):    0.071ns
    Discrete Jitter          (DJ):    0.312ns
    Phase Error              (PE):    0.000ns
  Clock Net Delay (Source):      2.161ns (routing 1.045ns, distribution 1.116ns)
  Clock Net Delay (Destination): 1.928ns (routing 0.955ns, distribution 0.973ns)

    Location             Delay type                Incr(ns)  Path(ns)    Netlist Resource(s)
  -------------------------------------------------------------------    -------------------
                         (clock clk_pl_0 rise edge)
                                                      0.000     0.000 r
    PS8_X0Y0             PS8                          0.000     0.000 r  system_i/ps/inst/PS8_i/PLCLK[0]
                         net (fo=1, routed)           0.229     0.229    system_i/ps/inst/pl_clk_unbuffered[0]
    BUFG_PS_X0Y80        BUFG_PS (Prop_BUFG_PS_I_O)
                                                      0.038     0.267 r  system_i/ps/inst/buffer_pl_clk_0.PL_CLK_0_BUFG/O
    X0Y1 (CLOCK_ROOT)    net (fo=8705, routed)        2.161     2.428    system_i/trigger/inst/implementation/trigger_i/aclk
    SLICE_X16Y95         FDRE                                         r  system_i/trigger/inst/implementation/trigger_i/beat_index_reg[0]/C
  -------------------------------------------------------------------    -------------------
    SLICE_X16Y95         FDRE (Prop_EFF_SLICEL_C_Q)
                                                      0.114     2.542 r  system_i/trigger/inst/implementation/trigger_i/beat_index_reg[0]/Q
                         net (fo=210, routed)         1.358     3.900    system_i/trigger/inst/implementation/regs_i/Q[0]
    SLICE_X5Y119         LUT3 (Prop_H6LUT_SLICEM_I1_O)
                                                      0.138     4.038 r  system_i/trigger/inst/implementation/regs_i/i__carry_i_42/O
                         net (fo=1, routed)           0.408     4.446    system_i/trigger/inst/implementation/regs_i/i__carry_i_42_n_0
    SLICE_X6Y110         LUT6 (Prop_H6LUT_SLICEL_I1_O)
                                                      0.227     4.673 r  system_i/trigger/inst/implementation/regs_i/i__carry_i_20/O
                         net (fo=2, routed)           0.285     4.958    system_i/trigger/inst/implementation/regs_i/i__carry_i_20_n_0
    SLICE_X6Y107         LUT4 (Prop_G6LUT_SLICEL_I0_O)
                                                      0.137     5.095 r  system_i/trigger/inst/implementation/regs_i/i__carry_i_10/O
                         net (fo=1, routed)           0.012     5.107    system_i/trigger/inst/implementation/trigger_i/pass_accum2_inferred__0/i__carry__0_1[6]
    SLICE_X6Y107         CARRY8 (Prop_CARRY8_SLICEL_S[6]_CO[7])
                                                      0.171     5.278 r  system_i/trigger/inst/implementation/trigger_i/pass_accum2_inferred__0/i__carry/CO[7]
                         net (fo=1, routed)           0.030     5.308    system_i/trigger/inst/implementation/trigger_i/pass_accum2_inferred__0/i__carry_n_0
    SLICE_X6Y108         CARRY8 (Prop_CARRY8_SLICEL_CI_CO[7])
                                                      0.073     5.381 r  system_i/trigger/inst/implementation/trigger_i/pass_accum2_inferred__0/i__carry__0/CO[7]
                         net (fo=26, routed)          0.920     6.300    system_i/trigger/inst/implementation/trigger_i/pass_accum2_inferred__0/i__carry__0_n_0
    SLICE_X18Y92         LUT3 (Prop_D6LUT_SLICEM_I2_O)
                                                      0.080     6.380 r  system_i/trigger/inst/implementation/trigger_i/m_axis_tdata[12]_i_1/O
                         net (fo=2, routed)           0.269     6.650    system_i/trigger/inst/implementation/trigger_i/mux7_out[12]
    SLICE_X18Y92         FDRE                                         r  system_i/trigger/inst/implementation/trigger_i/m_axis_tdata_reg[12]/D
  -------------------------------------------------------------------    -------------------

                         (clock clk_pl_0 rise edge)
                                                     10.000    10.000 r
    PS8_X0Y0             PS8                          0.000    10.000 r  system_i/ps/inst/PS8_i/PLCLK[0]
                         net (fo=1, routed)           0.181    10.181    system_i/ps/inst/pl_clk_unbuffered[0]
    BUFG_PS_X0Y80        BUFG_PS (Prop_BUFG_PS_I_O)
                                                      0.035    10.216 r  system_i/ps/inst/buffer_pl_clk_0.PL_CLK_0_BUFG/O
    X0Y1 (CLOCK_ROOT)    net (fo=8705, routed)        1.928    12.144    system_i/trigger/inst/implementation/trigger_i/aclk
    SLICE_X18Y92         FDRE                                         r  system_i/trigger/inst/implementation/trigger_i/m_axis_tdata_reg[12]/C
                         clock pessimism              0.173    12.317
                         clock uncertainty           -0.160    12.157
    SLICE_X18Y92         FDRE (Setup_EFF_SLICEM_C_D)
                                                      0.044    12.201    system_i/trigger/inst/implementation/trigger_i/m_axis_tdata_reg[12]
  -------------------------------------------------------------------
                         required time                         12.201
                         arrival time                          -6.650
  -------------------------------------------------------------------
                         slack                                  5.551

Slack (MET) :             5.561ns  (required time - arrival time)
  Source:                 system_i/trigger/inst/implementation/trigger_i/beat_index_reg[0]/C
                            (rising edge-triggered cell FDRE clocked by clk_pl_0  {rise@0.000ns fall@5.000ns period=10.000ns})
  Destination:            system_i/trigger/inst/implementation/trigger_i/m_axis_tdata_reg[3]/D
                            (rising edge-triggered cell FDRE clocked by clk_pl_0  {rise@0.000ns fall@5.000ns period=10.000ns})
  Path Group:             clk_pl_0
  Path Type:              Setup (Max at Slow Process Corner)
  Requirement:            10.000ns  (clk_pl_0 rise@10.000ns - clk_pl_0 rise@0.000ns)
  Data Path Delay:        4.200ns  (logic 0.957ns (22.784%)  route 3.243ns (77.216%))
  Logic Levels:           5  (CARRY8=1 LUT3=2 LUT4=1 LUT6=1)
  Clock Path Skew:        -0.124ns (DCD - SCD + CPR)
    Destination Clock Delay (DCD):    2.131ns = ( 12.131 - 10.000 )
    Source Clock Delay      (SCD):    2.428ns
    Clock Pessimism Removal (CPR):    0.173ns
  Clock Uncertainty:      0.160ns  ((TSJ^2 + DJ^2)^1/2) / 2 + PE
    Total System Jitter     (TSJ):    0.071ns
    Discrete Jitter          (DJ):    0.312ns
    Phase Error              (PE):    0.000ns
  Clock Net Delay (Source):      2.161ns (routing 1.045ns, distribution 1.116ns)
  Clock Net Delay (Destination): 1.915ns (routing 0.955ns, distribution 0.960ns)

    Location             Delay type                Incr(ns)  Path(ns)    Netlist Resource(s)
  -------------------------------------------------------------------    -------------------
                         (clock clk_pl_0 rise edge)
                                                      0.000     0.000 r
    PS8_X0Y0             PS8                          0.000     0.000 r  system_i/ps/inst/PS8_i/PLCLK[0]
                         net (fo=1, routed)           0.229     0.229    system_i/ps/inst/pl_clk_unbuffered[0]
    BUFG_PS_X0Y80        BUFG_PS (Prop_BUFG_PS_I_O)
                                                      0.038     0.267 r  system_i/ps/inst/buffer_pl_clk_0.PL_CLK_0_BUFG/O
    X0Y1 (CLOCK_ROOT)    net (fo=8705, routed)        2.161     2.428    system_i/trigger/inst/implementation/trigger_i/aclk
    SLICE_X16Y95         FDRE                                         r  system_i/trigger/inst/implementation/trigger_i/beat_index_reg[0]/C
  -------------------------------------------------------------------    -------------------
    SLICE_X16Y95         FDRE (Prop_EFF_SLICEL_C_Q)
                                                      0.114     2.542 r  system_i/trigger/inst/implementation/trigger_i/beat_index_reg[0]/Q
                         net (fo=210, routed)         1.433     3.974    system_i/trigger/inst/implementation/regs_i/Q[0]
    SLICE_X6Y122         LUT3 (Prop_B5LUT_SLICEL_I1_O)
                                                      0.097     4.071 r  system_i/trigger/inst/implementation/regs_i/pass_accum1_carry__0_i_36/O
                         net (fo=1, routed)           0.299     4.370    system_i/trigger/inst/implementation/regs_i/pass_accum1_carry__0_i_36_n_0
    SLICE_X2Y121         LUT6 (Prop_D6LUT_SLICEM_I1_O)
                                                      0.220     4.590 r  system_i/trigger/inst/implementation/regs_i/pass_accum1_carry__0_i_18/O
                         net (fo=2, routed)           0.452     5.042    system_i/trigger/inst/implementation/regs_i/pass_accum1_carry__0_i_18_n_0
    SLICE_X5Y108         LUT4 (Prop_H6LUT_SLICEM_I0_O)
                                                      0.189     5.231 r  system_i/trigger/inst/implementation/regs_i/pass_accum1_carry__0_i_9/O
                         net (fo=1, routed)           0.021     5.252    system_i/trigger/inst/implementation/trigger_i/m_axis_tdata_reg[9]_1[7]
    SLICE_X5Y108         CARRY8 (Prop_CARRY8_SLICEM_S[7]_CO[7])
                                                      0.183     5.435 r  system_i/trigger/inst/implementation/trigger_i/pass_accum1_carry__0/CO[7]
                         net (fo=25, routed)          0.643     6.079    system_i/trigger/inst/implementation/trigger_i/pass_accum1_carry__0_n_0
    SLICE_X17Y94         LUT3 (Prop_D5LUT_SLICEM_I2_O)
                                                      0.154     6.233 r  system_i/trigger/inst/implementation/trigger_i/m_axis_tdata[3]_i_1/O
                         net (fo=2, routed)           0.395     6.628    system_i/trigger/inst/implementation/trigger_i/mux7_out[3]
    SLICE_X17Y94         FDRE                                         r  system_i/trigger/inst/implementation/trigger_i/m_axis_tdata_reg[3]/D
  -------------------------------------------------------------------    -------------------

                         (clock clk_pl_0 rise edge)
                                                     10.000    10.000 r
    PS8_X0Y0             PS8                          0.000    10.000 r  system_i/ps/inst/PS8_i/PLCLK[0]
                         net (fo=1, routed)           0.181    10.181    system_i/ps/inst/pl_clk_unbuffered[0]
    BUFG_PS_X0Y80        BUFG_PS (Prop_BUFG_PS_I_O)
                                                      0.035    10.216 r  system_i/ps/inst/buffer_pl_clk_0.PL_CLK_0_BUFG/O
    X0Y1 (CLOCK_ROOT)    net (fo=8705, routed)        1.915    12.131    system_i/trigger/inst/implementation/trigger_i/aclk
    SLICE_X17Y94         FDRE                                         r  system_i/trigger/inst/implementation/trigger_i/m_axis_tdata_reg[3]/C
                         clock pessimism              0.173    12.304
                         clock uncertainty           -0.160    12.144
    SLICE_X17Y94         FDRE (Setup_EFF2_SLICEM_C_D)
                                                      0.045    12.189    system_i/trigger/inst/implementation/trigger_i/m_axis_tdata_reg[3]
  -------------------------------------------------------------------
                         required time                         12.189
                         arrival time                          -6.628
  -------------------------------------------------------------------
                         slack                                  5.561

Slack (MET) :             5.585ns  (required time - arrival time)
  Source:                 system_i/trigger/inst/implementation/trigger_i/beat_index_reg[0]/C
                            (rising edge-triggered cell FDRE clocked by clk_pl_0  {rise@0.000ns fall@5.000ns period=10.000ns})
  Destination:            system_i/trigger/inst/implementation/trigger_i/m_axis_tdata_reg[14]/D
                            (rising edge-triggered cell FDRE clocked by clk_pl_0  {rise@0.000ns fall@5.000ns period=10.000ns})
  Path Group:             clk_pl_0
  Path Type:              Setup (Max at Slow Process Corner)
  Requirement:            10.000ns  (clk_pl_0 rise@10.000ns - clk_pl_0 rise@0.000ns)
  Data Path Delay:        4.173ns  (logic 1.045ns (25.039%)  route 3.128ns (74.961%))
  Logic Levels:           6  (CARRY8=2 LUT3=2 LUT4=1 LUT6=1)
  Clock Path Skew:        -0.127ns (DCD - SCD + CPR)
    Destination Clock Delay (DCD):    2.128ns = ( 12.128 - 10.000 )
    Source Clock Delay      (SCD):    2.428ns
    Clock Pessimism Removal (CPR):    0.173ns
  Clock Uncertainty:      0.160ns  ((TSJ^2 + DJ^2)^1/2) / 2 + PE
    Total System Jitter     (TSJ):    0.071ns
    Discrete Jitter          (DJ):    0.312ns
    Phase Error              (PE):    0.000ns
  Clock Net Delay (Source):      2.161ns (routing 1.045ns, distribution 1.116ns)
  Clock Net Delay (Destination): 1.912ns (routing 0.955ns, distribution 0.957ns)

    Location             Delay type                Incr(ns)  Path(ns)    Netlist Resource(s)
  -------------------------------------------------------------------    -------------------
                         (clock clk_pl_0 rise edge)
                                                      0.000     0.000 r
    PS8_X0Y0             PS8                          0.000     0.000 r  system_i/ps/inst/PS8_i/PLCLK[0]
                         net (fo=1, routed)           0.229     0.229    system_i/ps/inst/pl_clk_unbuffered[0]
    BUFG_PS_X0Y80        BUFG_PS (Prop_BUFG_PS_I_O)
                                                      0.038     0.267 r  system_i/ps/inst/buffer_pl_clk_0.PL_CLK_0_BUFG/O
    X0Y1 (CLOCK_ROOT)    net (fo=8705, routed)        2.161     2.428    system_i/trigger/inst/implementation/trigger_i/aclk
    SLICE_X16Y95         FDRE                                         r  system_i/trigger/inst/implementation/trigger_i/beat_index_reg[0]/C
  -------------------------------------------------------------------    -------------------
    SLICE_X16Y95         FDRE (Prop_EFF_SLICEL_C_Q)
                                                      0.114     2.542 r  system_i/trigger/inst/implementation/trigger_i/beat_index_reg[0]/Q
                         net (fo=210, routed)         1.358     3.900    system_i/trigger/inst/implementation/regs_i/Q[0]
    SLICE_X5Y119         LUT3 (Prop_H6LUT_SLICEM_I1_O)
                                                      0.138     4.038 r  system_i/trigger/inst/implementation/regs_i/i__carry_i_42/O
                         net (fo=1, routed)           0.408     4.446    system_i/trigger/inst/implementation/regs_i/i__carry_i_42_n_0
    SLICE_X6Y110         LUT6 (Prop_H6LUT_SLICEL_I1_O)
                                                      0.227     4.673 r  system_i/trigger/inst/implementation/regs_i/i__carry_i_20/O
                         net (fo=2, routed)           0.285     4.958    system_i/trigger/inst/implementation/regs_i/i__carry_i_20_n_0
    SLICE_X6Y107         LUT4 (Prop_G6LUT_SLICEL_I0_O)
                                                      0.137     5.095 r  system_i/trigger/inst/implementation/regs_i/i__carry_i_10/O
                         net (fo=1, routed)           0.012     5.107    system_i/trigger/inst/implementation/trigger_i/pass_accum2_inferred__0/i__carry__0_1[6]
    SLICE_X6Y107         CARRY8 (Prop_CARRY8_SLICEL_S[6]_CO[7])
                                                      0.171     5.278 r  system_i/trigger/inst/implementation/trigger_i/pass_accum2_inferred__0/i__carry/CO[7]
                         net (fo=1, routed)           0.030     5.308    system_i/trigger/inst/implementation/trigger_i/pass_accum2_inferred__0/i__carry_n_0
    SLICE_X6Y108         CARRY8 (Prop_CARRY8_SLICEL_CI_CO[7])
                                                      0.073     5.381 r  system_i/trigger/inst/implementation/trigger_i/pass_accum2_inferred__0/i__carry__0/CO[7]
                         net (fo=26, routed)          0.739     6.119    system_i/trigger/inst/implementation/trigger_i/pass_accum2_inferred__0/i__carry__0_n_0
    SLICE_X16Y93         LUT3 (Prop_D6LUT_SLICEL_I2_O)
                                                      0.185     6.304 r  system_i/trigger/inst/implementation/trigger_i/m_axis_tdata[14]_i_1/O
                         net (fo=2, routed)           0.297     6.601    system_i/trigger/inst/implementation/trigger_i/mux7_out[14]
    SLICE_X17Y92         FDRE                                         r  system_i/trigger/inst/implementation/trigger_i/m_axis_tdata_reg[14]/D
  -------------------------------------------------------------------    -------------------

                         (clock clk_pl_0 rise edge)
                                                     10.000    10.000 r
    PS8_X0Y0             PS8                          0.000    10.000 r  system_i/ps/inst/PS8_i/PLCLK[0]
                         net (fo=1, routed)           0.181    10.181    system_i/ps/inst/pl_clk_unbuffered[0]
    BUFG_PS_X0Y80        BUFG_PS (Prop_BUFG_PS_I_O)
                                                      0.035    10.216 r  system_i/ps/inst/buffer_pl_clk_0.PL_CLK_0_BUFG/O
    X0Y1 (CLOCK_ROOT)    net (fo=8705, routed)        1.912    12.128    system_i/trigger/inst/implementation/trigger_i/aclk
    SLICE_X17Y92         FDRE                                         r  system_i/trigger/inst/implementation/trigger_i/m_axis_tdata_reg[14]/C
                         clock pessimism              0.173    12.301
                         clock uncertainty           -0.160    12.141
    SLICE_X17Y92         FDRE (Setup_EFF2_SLICEM_C_D)
                                                      0.045    12.186    system_i/trigger/inst/implementation/trigger_i/m_axis_tdata_reg[14]
  -------------------------------------------------------------------
                         required time                         12.186
                         arrival time                          -6.601
  -------------------------------------------------------------------
                         slack                                  5.585

Slack (MET) :             5.593ns  (required time - arrival time)
  Source:                 system_i/trigger/inst/implementation/trigger_i/beat_index_reg[0]/C
                            (rising edge-triggered cell FDRE clocked by clk_pl_0  {rise@0.000ns fall@5.000ns period=10.000ns})
  Destination:            system_i/trigger/inst/implementation/trigger_i/m_axis_tdata_reg[7]/D
                            (rising edge-triggered cell FDRE clocked by clk_pl_0  {rise@0.000ns fall@5.000ns period=10.000ns})
  Path Group:             clk_pl_0
  Path Type:              Setup (Max at Slow Process Corner)
  Requirement:            10.000ns  (clk_pl_0 rise@10.000ns - clk_pl_0 rise@0.000ns)
  Data Path Delay:        4.185ns  (logic 0.936ns (22.367%)  route 3.249ns (77.633%))
  Logic Levels:           5  (CARRY8=1 LUT3=2 LUT4=1 LUT6=1)
  Clock Path Skew:        -0.107ns (DCD - SCD + CPR)
    Destination Clock Delay (DCD):    2.148ns = ( 12.148 - 10.000 )
    Source Clock Delay      (SCD):    2.428ns
    Clock Pessimism Removal (CPR):    0.173ns
  Clock Uncertainty:      0.160ns  ((TSJ^2 + DJ^2)^1/2) / 2 + PE
    Total System Jitter     (TSJ):    0.071ns
    Discrete Jitter          (DJ):    0.312ns
    Phase Error              (PE):    0.000ns
  Clock Net Delay (Source):      2.161ns (routing 1.045ns, distribution 1.116ns)
  Clock Net Delay (Destination): 1.932ns (routing 0.955ns, distribution 0.977ns)

    Location             Delay type                Incr(ns)  Path(ns)    Netlist Resource(s)
  -------------------------------------------------------------------    -------------------
                         (clock clk_pl_0 rise edge)
                                                      0.000     0.000 r
    PS8_X0Y0             PS8                          0.000     0.000 r  system_i/ps/inst/PS8_i/PLCLK[0]
                         net (fo=1, routed)           0.229     0.229    system_i/ps/inst/pl_clk_unbuffered[0]
    BUFG_PS_X0Y80        BUFG_PS (Prop_BUFG_PS_I_O)
                                                      0.038     0.267 r  system_i/ps/inst/buffer_pl_clk_0.PL_CLK_0_BUFG/O
    X0Y1 (CLOCK_ROOT)    net (fo=8705, routed)        2.161     2.428    system_i/trigger/inst/implementation/trigger_i/aclk
    SLICE_X16Y95         FDRE                                         r  system_i/trigger/inst/implementation/trigger_i/beat_index_reg[0]/C
  -------------------------------------------------------------------    -------------------
    SLICE_X16Y95         FDRE (Prop_EFF_SLICEL_C_Q)
                                                      0.114     2.542 r  system_i/trigger/inst/implementation/trigger_i/beat_index_reg[0]/Q
                         net (fo=210, routed)         1.433     3.974    system_i/trigger/inst/implementation/regs_i/Q[0]
    SLICE_X6Y122         LUT3 (Prop_B5LUT_SLICEL_I1_O)
                                                      0.097     4.071 r  system_i/trigger/inst/implementation/regs_i/pass_accum1_carry__0_i_36/O
                         net (fo=1, routed)           0.299     4.370    system_i/trigger/inst/implementation/regs_i/pass_accum1_carry__0_i_36_n_0
    SLICE_X2Y121         LUT6 (Prop_D6LUT_SLICEM_I1_O)
                                                      0.220     4.590 r  system_i/trigger/inst/implementation/regs_i/pass_accum1_carry__0_i_18/O
                         net (fo=2, routed)           0.452     5.042    system_i/trigger/inst/implementation/regs_i/pass_accum1_carry__0_i_18_n_0
    SLICE_X5Y108         LUT4 (Prop_H6LUT_SLICEM_I0_O)
                                                      0.189     5.231 r  system_i/trigger/inst/implementation/regs_i/pass_accum1_carry__0_i_9/O
                         net (fo=1, routed)           0.021     5.252    system_i/trigger/inst/implementation/trigger_i/m_axis_tdata_reg[9]_1[7]
    SLICE_X5Y108         CARRY8 (Prop_CARRY8_SLICEM_S[7]_CO[7])
                                                      0.183     5.435 r  system_i/trigger/inst/implementation/trigger_i/pass_accum1_carry__0/CO[7]
                         net (fo=25, routed)          0.722     6.157    system_i/trigger/inst/implementation/trigger_i/pass_accum1_carry__0_n_0
    SLICE_X18Y95         LUT3 (Prop_H5LUT_SLICEM_I2_O)
                                                      0.133     6.290 r  system_i/trigger/inst/implementation/trigger_i/m_axis_tdata[7]_i_1/O
                         net (fo=2, routed)           0.322     6.612    system_i/trigger/inst/implementation/trigger_i/mux7_out[7]
    SLICE_X18Y95         FDRE                                         r  system_i/trigger/inst/implementation/trigger_i/m_axis_tdata_reg[7]/D
  -------------------------------------------------------------------    -------------------

                         (clock clk_pl_0 rise edge)
                                                     10.000    10.000 r
    PS8_X0Y0             PS8                          0.000    10.000 r  system_i/ps/inst/PS8_i/PLCLK[0]
                         net (fo=1, routed)           0.181    10.181    system_i/ps/inst/pl_clk_unbuffered[0]
    BUFG_PS_X0Y80        BUFG_PS (Prop_BUFG_PS_I_O)
                                                      0.035    10.216 r  system_i/ps/inst/buffer_pl_clk_0.PL_CLK_0_BUFG/O
    X0Y1 (CLOCK_ROOT)    net (fo=8705, routed)        1.932    12.148    system_i/trigger/inst/implementation/trigger_i/aclk
    SLICE_X18Y95         FDRE                                         r  system_i/trigger/inst/implementation/trigger_i/m_axis_tdata_reg[7]/C
                         clock pessimism              0.173    12.321
                         clock uncertainty           -0.160    12.161
    SLICE_X18Y95         FDRE (Setup_AFF2_SLICEM_C_D)
                                                      0.045    12.206    system_i/trigger/inst/implementation/trigger_i/m_axis_tdata_reg[7]
  -------------------------------------------------------------------
                         required time                         12.206
                         arrival time                          -6.612
  -------------------------------------------------------------------
                         slack                                  5.593

Slack (MET) :             5.606ns  (required time - arrival time)
  Source:                 system_i/trigger/inst/implementation/trigger_i/beat_index_reg[0]/C
                            (rising edge-triggered cell FDRE clocked by clk_pl_0  {rise@0.000ns fall@5.000ns period=10.000ns})
  Destination:            system_i/trigger/inst/implementation/trigger_i/pass_accum_reg[12]/D
                            (rising edge-triggered cell FDRE clocked by clk_pl_0  {rise@0.000ns fall@5.000ns period=10.000ns})
  Path Group:             clk_pl_0
  Path Type:              Setup (Max at Slow Process Corner)
  Requirement:            10.000ns  (clk_pl_0 rise@10.000ns - clk_pl_0 rise@0.000ns)
  Data Path Delay:        4.167ns  (logic 1.012ns (24.288%)  route 3.155ns (75.712%))
  Logic Levels:           6  (CARRY8=2 LUT3=1 LUT4=1 LUT6=2)
  Clock Path Skew:        -0.111ns (DCD - SCD + CPR)
    Destination Clock Delay (DCD):    2.144ns = ( 12.144 - 10.000 )
    Source Clock Delay      (SCD):    2.428ns
    Clock Pessimism Removal (CPR):    0.173ns
  Clock Uncertainty:      0.160ns  ((TSJ^2 + DJ^2)^1/2) / 2 + PE
    Total System Jitter     (TSJ):    0.071ns
    Discrete Jitter          (DJ):    0.312ns
    Phase Error              (PE):    0.000ns
  Clock Net Delay (Source):      2.161ns (routing 1.045ns, distribution 1.116ns)
  Clock Net Delay (Destination): 1.928ns (routing 0.955ns, distribution 0.973ns)

    Location             Delay type                Incr(ns)  Path(ns)    Netlist Resource(s)
  -------------------------------------------------------------------    -------------------
                         (clock clk_pl_0 rise edge)
                                                      0.000     0.000 r
    PS8_X0Y0             PS8                          0.000     0.000 r  system_i/ps/inst/PS8_i/PLCLK[0]
                         net (fo=1, routed)           0.229     0.229    system_i/ps/inst/pl_clk_unbuffered[0]
    BUFG_PS_X0Y80        BUFG_PS (Prop_BUFG_PS_I_O)
                                                      0.038     0.267 r  system_i/ps/inst/buffer_pl_clk_0.PL_CLK_0_BUFG/O
    X0Y1 (CLOCK_ROOT)    net (fo=8705, routed)        2.161     2.428    system_i/trigger/inst/implementation/trigger_i/aclk
    SLICE_X16Y95         FDRE                                         r  system_i/trigger/inst/implementation/trigger_i/beat_index_reg[0]/C
  -------------------------------------------------------------------    -------------------
    SLICE_X16Y95         FDRE (Prop_EFF_SLICEL_C_Q)
                                                      0.114     2.542 r  system_i/trigger/inst/implementation/trigger_i/beat_index_reg[0]/Q
                         net (fo=210, routed)         1.358     3.900    system_i/trigger/inst/implementation/regs_i/Q[0]
    SLICE_X5Y119         LUT3 (Prop_H6LUT_SLICEM_I1_O)
                                                      0.138     4.038 r  system_i/trigger/inst/implementation/regs_i/i__carry_i_42/O
                         net (fo=1, routed)           0.408     4.446    system_i/trigger/inst/implementation/regs_i/i__carry_i_42_n_0
    SLICE_X6Y110         LUT6 (Prop_H6LUT_SLICEL_I1_O)
                                                      0.227     4.673 r  system_i/trigger/inst/implementation/regs_i/i__carry_i_20/O
                         net (fo=2, routed)           0.285     4.958    system_i/trigger/inst/implementation/regs_i/i__carry_i_20_n_0
    SLICE_X6Y107         LUT4 (Prop_G6LUT_SLICEL_I0_O)
                                                      0.137     5.095 r  system_i/trigger/inst/implementation/regs_i/i__carry_i_10/O
                         net (fo=1, routed)           0.012     5.107    system_i/trigger/inst/implementation/trigger_i/pass_accum2_inferred__0/i__carry__0_1[6]
    SLICE_X6Y107         CARRY8 (Prop_CARRY8_SLICEL_S[6]_CO[7])
                                                      0.171     5.278 r  system_i/trigger/inst/implementation/trigger_i/pass_accum2_inferred__0/i__carry/CO[7]
                         net (fo=1, routed)           0.030     5.308    system_i/trigger/inst/implementation/trigger_i/pass_accum2_inferred__0/i__carry_n_0
    SLICE_X6Y108         CARRY8 (Prop_CARRY8_SLICEL_CI_CO[7])
                                                      0.073     5.381 r  system_i/trigger/inst/implementation/trigger_i/pass_accum2_inferred__0/i__carry__0/CO[7]
                         net (fo=26, routed)          0.981     6.361    system_i/trigger/inst/implementation/trigger_i/pass_accum2_inferred__0/i__carry__0_n_0
    SLICE_X18Y92         LUT6 (Prop_B6LUT_SLICEM_I0_O)
                                                      0.152     6.513 r  system_i/trigger/inst/implementation/trigger_i/pass_accum[12]_i_1/O
                         net (fo=1, routed)           0.081     6.594    system_i/trigger/inst/implementation/trigger_i/pass_accum[12]_i_1_n_0
    SLICE_X18Y92         FDRE                                         r  system_i/trigger/inst/implementation/trigger_i/pass_accum_reg[12]/D
  -------------------------------------------------------------------    -------------------

                         (clock clk_pl_0 rise edge)
                                                     10.000    10.000 r
    PS8_X0Y0             PS8                          0.000    10.000 r  system_i/ps/inst/PS8_i/PLCLK[0]
                         net (fo=1, routed)           0.181    10.181    system_i/ps/inst/pl_clk_unbuffered[0]
    BUFG_PS_X0Y80        BUFG_PS (Prop_BUFG_PS_I_O)
                                                      0.035    10.216 r  system_i/ps/inst/buffer_pl_clk_0.PL_CLK_0_BUFG/O
    X0Y1 (CLOCK_ROOT)    net (fo=8705, routed)        1.928    12.144    system_i/trigger/inst/implementation/trigger_i/aclk
    SLICE_X18Y92         FDRE                                         r  system_i/trigger/inst/implementation/trigger_i/pass_accum_reg[12]/C
                         clock pessimism              0.173    12.317
                         clock uncertainty           -0.160    12.157
    SLICE_X18Y92         FDRE (Setup_BFF_SLICEM_C_D)
                                                      0.043    12.200    system_i/trigger/inst/implementation/trigger_i/pass_accum_reg[12]
  -------------------------------------------------------------------
                         required time                         12.200
                         arrival time                          -6.594
  -------------------------------------------------------------------
                         slack                                  5.606

Slack (MET) :             5.609ns  (required time - arrival time)
  Source:                 system_i/trigger/inst/implementation/trigger_i/beat_index_reg[0]/C
                            (rising edge-triggered cell FDRE clocked by clk_pl_0  {rise@0.000ns fall@5.000ns period=10.000ns})
  Destination:            system_i/trigger/inst/implementation/trigger_i/m_axis_tdata_reg[15]/D
                            (rising edge-triggered cell FDRE clocked by clk_pl_0  {rise@0.000ns fall@5.000ns period=10.000ns})
  Path Group:             clk_pl_0
  Path Type:              Setup (Max at Slow Process Corner)
  Requirement:            10.000ns  (clk_pl_0 rise@10.000ns - clk_pl_0 rise@0.000ns)
  Data Path Delay:        4.150ns  (logic 0.891ns (21.472%)  route 3.259ns (78.528%))
  Logic Levels:           5  (CARRY8=1 LUT3=2 LUT4=1 LUT6=1)
  Clock Path Skew:        -0.126ns (DCD - SCD + CPR)
    Destination Clock Delay (DCD):    2.129ns = ( 12.129 - 10.000 )
    Source Clock Delay      (SCD):    2.428ns
    Clock Pessimism Removal (CPR):    0.173ns
  Clock Uncertainty:      0.160ns  ((TSJ^2 + DJ^2)^1/2) / 2 + PE
    Total System Jitter     (TSJ):    0.071ns
    Discrete Jitter          (DJ):    0.312ns
    Phase Error              (PE):    0.000ns
  Clock Net Delay (Source):      2.161ns (routing 1.045ns, distribution 1.116ns)
  Clock Net Delay (Destination): 1.913ns (routing 0.955ns, distribution 0.958ns)

    Location             Delay type                Incr(ns)  Path(ns)    Netlist Resource(s)
  -------------------------------------------------------------------    -------------------
                         (clock clk_pl_0 rise edge)
                                                      0.000     0.000 r
    PS8_X0Y0             PS8                          0.000     0.000 r  system_i/ps/inst/PS8_i/PLCLK[0]
                         net (fo=1, routed)           0.229     0.229    system_i/ps/inst/pl_clk_unbuffered[0]
    BUFG_PS_X0Y80        BUFG_PS (Prop_BUFG_PS_I_O)
                                                      0.038     0.267 r  system_i/ps/inst/buffer_pl_clk_0.PL_CLK_0_BUFG/O
    X0Y1 (CLOCK_ROOT)    net (fo=8705, routed)        2.161     2.428    system_i/trigger/inst/implementation/trigger_i/aclk
    SLICE_X16Y95         FDRE                                         r  system_i/trigger/inst/implementation/trigger_i/beat_index_reg[0]/C
  -------------------------------------------------------------------    -------------------
    SLICE_X16Y95         FDRE (Prop_EFF_SLICEL_C_Q)
                                                      0.114     2.542 r  system_i/trigger/inst/implementation/trigger_i/beat_index_reg[0]/Q
                         net (fo=210, routed)         1.433     3.974    system_i/trigger/inst/implementation/regs_i/Q[0]
    SLICE_X6Y122         LUT3 (Prop_B5LUT_SLICEL_I1_O)
                                                      0.097     4.071 r  system_i/trigger/inst/implementation/regs_i/pass_accum1_carry__0_i_36/O
                         net (fo=1, routed)           0.299     4.370    system_i/trigger/inst/implementation/regs_i/pass_accum1_carry__0_i_36_n_0
    SLICE_X2Y121         LUT6 (Prop_D6LUT_SLICEM_I1_O)
                                                      0.220     4.590 r  system_i/trigger/inst/implementation/regs_i/pass_accum1_carry__0_i_18/O
                         net (fo=2, routed)           0.452     5.042    system_i/trigger/inst/implementation/regs_i/pass_accum1_carry__0_i_18_n_0
    SLICE_X5Y108         LUT4 (Prop_H6LUT_SLICEM_I0_O)
                                                      0.189     5.231 r  system_i/trigger/inst/implementation/regs_i/pass_accum1_carry__0_i_9/O
                         net (fo=1, routed)           0.021     5.252    system_i/trigger/inst/implementation/trigger_i/m_axis_tdata_reg[9]_1[7]
    SLICE_X5Y108         CARRY8 (Prop_CARRY8_SLICEM_S[7]_CO[7])
                                                      0.183     5.435 r  system_i/trigger/inst/implementation/trigger_i/pass_accum1_carry__0/CO[7]
                         net (fo=25, routed)          0.725     6.160    system_i/trigger/inst/implementation/trigger_i/pass_accum1_carry__0_n_0
    SLICE_X16Y93         LUT3 (Prop_D5LUT_SLICEL_I2_O)
                                                      0.088     6.248 r  system_i/trigger/inst/implementation/trigger_i/m_axis_tdata[15]_i_1/O
                         net (fo=2, routed)           0.329     6.577    system_i/trigger/inst/implementation/trigger_i/mux7_out[15]
    SLICE_X17Y93         FDRE                                         r  system_i/trigger/inst/implementation/trigger_i/m_axis_tdata_reg[15]/D
  -------------------------------------------------------------------    -------------------

                         (clock clk_pl_0 rise edge)
                                                     10.000    10.000 r
    PS8_X0Y0             PS8                          0.000    10.000 r  system_i/ps/inst/PS8_i/PLCLK[0]
                         net (fo=1, routed)           0.181    10.181    system_i/ps/inst/pl_clk_unbuffered[0]
    BUFG_PS_X0Y80        BUFG_PS (Prop_BUFG_PS_I_O)
                                                      0.035    10.216 r  system_i/ps/inst/buffer_pl_clk_0.PL_CLK_0_BUFG/O
    X0Y1 (CLOCK_ROOT)    net (fo=8705, routed)        1.913    12.129    system_i/trigger/inst/implementation/trigger_i/aclk
    SLICE_X17Y93         FDRE                                         r  system_i/trigger/inst/implementation/trigger_i/m_axis_tdata_reg[15]/C
                         clock pessimism              0.173    12.302
                         clock uncertainty           -0.160    12.142
    SLICE_X17Y93         FDRE (Setup_EFF2_SLICEM_C_D)
                                                      0.045    12.187    system_i/trigger/inst/implementation/trigger_i/m_axis_tdata_reg[15]
  -------------------------------------------------------------------
                         required time                         12.187
                         arrival time                          -6.577
  -------------------------------------------------------------------
                         slack                                  5.609

Slack (MET) :             5.631ns  (required time - arrival time)
  Source:                 system_i/trigger/inst/implementation/trigger_i/beat_index_reg[0]/C
                            (rising edge-triggered cell FDRE clocked by clk_pl_0  {rise@0.000ns fall@5.000ns period=10.000ns})
  Destination:            system_i/trigger/inst/implementation/trigger_i/m_axis_tdata_reg[0]/D
                            (rising edge-triggered cell FDRE clocked by clk_pl_0  {rise@0.000ns fall@5.000ns period=10.000ns})
  Path Group:             clk_pl_0
  Path Type:              Setup (Max at Slow Process Corner)
  Requirement:            10.000ns  (clk_pl_0 rise@10.000ns - clk_pl_0 rise@0.000ns)
  Data Path Delay:        4.143ns  (logic 0.941ns (22.714%)  route 3.202ns (77.286%))
  Logic Levels:           6  (CARRY8=2 LUT3=2 LUT4=1 LUT6=1)
  Clock Path Skew:        -0.110ns (DCD - SCD + CPR)
    Destination Clock Delay (DCD):    2.145ns = ( 12.145 - 10.000 )
    Source Clock Delay      (SCD):    2.428ns
    Clock Pessimism Removal (CPR):    0.173ns
  Clock Uncertainty:      0.160ns  ((TSJ^2 + DJ^2)^1/2) / 2 + PE
    Total System Jitter     (TSJ):    0.071ns
    Discrete Jitter          (DJ):    0.312ns
    Phase Error              (PE):    0.000ns
  Clock Net Delay (Source):      2.161ns (routing 1.045ns, distribution 1.116ns)
  Clock Net Delay (Destination): 1.929ns (routing 0.955ns, distribution 0.974ns)

    Location             Delay type                Incr(ns)  Path(ns)    Netlist Resource(s)
  -------------------------------------------------------------------    -------------------
                         (clock clk_pl_0 rise edge)
                                                      0.000     0.000 r
    PS8_X0Y0             PS8                          0.000     0.000 r  system_i/ps/inst/PS8_i/PLCLK[0]
                         net (fo=1, routed)           0.229     0.229    system_i/ps/inst/pl_clk_unbuffered[0]
    BUFG_PS_X0Y80        BUFG_PS (Prop_BUFG_PS_I_O)
                                                      0.038     0.267 r  system_i/ps/inst/buffer_pl_clk_0.PL_CLK_0_BUFG/O
    X0Y1 (CLOCK_ROOT)    net (fo=8705, routed)        2.161     2.428    system_i/trigger/inst/implementation/trigger_i/aclk
    SLICE_X16Y95         FDRE                                         r  system_i/trigger/inst/implementation/trigger_i/beat_index_reg[0]/C
  -------------------------------------------------------------------    -------------------
    SLICE_X16Y95         FDRE (Prop_EFF_SLICEL_C_Q)
                                                      0.114     2.542 r  system_i/trigger/inst/implementation/trigger_i/beat_index_reg[0]/Q
                         net (fo=210, routed)         1.358     3.900    system_i/trigger/inst/implementation/regs_i/Q[0]
    SLICE_X5Y119         LUT3 (Prop_H6LUT_SLICEM_I1_O)
                                                      0.138     4.038 r  system_i/trigger/inst/implementation/regs_i/i__carry_i_42/O
                         net (fo=1, routed)           0.408     4.446    system_i/trigger/inst/implementation/regs_i/i__carry_i_42_n_0
    SLICE_X6Y110         LUT6 (Prop_H6LUT_SLICEL_I1_O)
                                                      0.227     4.673 r  system_i/trigger/inst/implementation/regs_i/i__carry_i_20/O
                         net (fo=2, routed)           0.285     4.958    system_i/trigger/inst/implementation/regs_i/i__carry_i_20_n_0
    SLICE_X6Y107         LUT4 (Prop_G6LUT_SLICEL_I0_O)
                                                      0.137     5.095 r  system_i/trigger/inst/implementation/regs_i/i__carry_i_10/O
                         net (fo=1, routed)           0.012     5.107    system_i/trigger/inst/implementation/trigger_i/pass_accum2_inferred__0/i__carry__0_1[6]
    SLICE_X6Y107         CARRY8 (Prop_CARRY8_SLICEL_S[6]_CO[7])
                                                      0.171     5.278 r  system_i/trigger/inst/implementation/trigger_i/pass_accum2_inferred__0/i__carry/CO[7]
                         net (fo=1, routed)           0.030     5.308    system_i/trigger/inst/implementation/trigger_i/pass_accum2_inferred__0/i__carry_n_0
    SLICE_X6Y108         CARRY8 (Prop_CARRY8_SLICEL_CI_CO[7])
                                                      0.073     5.381 r  system_i/trigger/inst/implementation/trigger_i/pass_accum2_inferred__0/i__carry__0/CO[7]
                         net (fo=26, routed)          0.720     6.100    system_i/trigger/inst/implementation/trigger_i/pass_accum2_inferred__0/i__carry__0_n_0
    SLICE_X16Y94         LUT3 (Prop_D6LUT_SLICEL_I2_O)
                                                      0.081     6.181 r  system_i/trigger/inst/implementation/trigger_i/m_axis_tdata[0]_i_1/O
                         net (fo=2, routed)           0.389     6.570    system_i/trigger/inst/implementation/trigger_i/mux7_out[0]
    SLICE_X18Y93         FDRE                                         r  system_i/trigger/inst/implementation/trigger_i/m_axis_tdata_reg[0]/D
  -------------------------------------------------------------------    -------------------

                         (clock clk_pl_0 rise edge)
                                                     10.000    10.000 r
    PS8_X0Y0             PS8                          0.000    10.000 r  system_i/ps/inst/PS8_i/PLCLK[0]
                         net (fo=1, routed)           0.181    10.181    system_i/ps/inst/pl_clk_unbuffered[0]
    BUFG_PS_X0Y80        BUFG_PS (Prop_BUFG_PS_I_O)
                                                      0.035    10.216 r  system_i/ps/inst/buffer_pl_clk_0.PL_CLK_0_BUFG/O
    X0Y1 (CLOCK_ROOT)    net (fo=8705, routed)        1.929    12.145    system_i/trigger/inst/implementation/trigger_i/aclk
    SLICE_X18Y93         FDRE                                         r  system_i/trigger/inst/implementation/trigger_i/m_axis_tdata_reg[0]/C
                         clock pessimism              0.173    12.318
                         clock uncertainty           -0.160    12.158
    SLICE_X18Y93         FDRE (Setup_EFF_SLICEM_C_D)
                                                      0.044    12.202    system_i/trigger/inst/implementation/trigger_i/m_axis_tdata_reg[0]
  -------------------------------------------------------------------
                         required time                         12.202
                         arrival time                          -6.570
  -------------------------------------------------------------------
                         slack                                  5.631

Slack (MET) :             5.639ns  (required time - arrival time)
  Source:                 system_i/trigger/inst/implementation/trigger_i/beat_index_reg[0]/C
                            (rising edge-triggered cell FDRE clocked by clk_pl_0  {rise@0.000ns fall@5.000ns period=10.000ns})
  Destination:            system_i/trigger/inst/implementation/trigger_i/m_axis_tdata_reg[5]/D
                            (rising edge-triggered cell FDRE clocked by clk_pl_0  {rise@0.000ns fall@5.000ns period=10.000ns})
  Path Group:             clk_pl_0
  Path Type:              Setup (Max at Slow Process Corner)
  Requirement:            10.000ns  (clk_pl_0 rise@10.000ns - clk_pl_0 rise@0.000ns)
  Data Path Delay:        4.124ns  (logic 0.993ns (24.078%)  route 3.131ns (75.922%))
  Logic Levels:           5  (CARRY8=1 LUT3=2 LUT4=1 LUT6=1)
  Clock Path Skew:        -0.123ns (DCD - SCD + CPR)
    Destination Clock Delay (DCD):    2.132ns = ( 12.132 - 10.000 )
    Source Clock Delay      (SCD):    2.428ns
    Clock Pessimism Removal (CPR):    0.173ns
  Clock Uncertainty:      0.160ns  ((TSJ^2 + DJ^2)^1/2) / 2 + PE
    Total System Jitter     (TSJ):    0.071ns
    Discrete Jitter          (DJ):    0.312ns
    Phase Error              (PE):    0.000ns
  Clock Net Delay (Source):      2.161ns (routing 1.045ns, distribution 1.116ns)
  Clock Net Delay (Destination): 1.916ns (routing 0.955ns, distribution 0.961ns)

    Location             Delay type                Incr(ns)  Path(ns)    Netlist Resource(s)
  -------------------------------------------------------------------    -------------------
                         (clock clk_pl_0 rise edge)
                                                      0.000     0.000 r
    PS8_X0Y0             PS8                          0.000     0.000 r  system_i/ps/inst/PS8_i/PLCLK[0]
                         net (fo=1, routed)           0.229     0.229    system_i/ps/inst/pl_clk_unbuffered[0]
    BUFG_PS_X0Y80        BUFG_PS (Prop_BUFG_PS_I_O)
                                                      0.038     0.267 r  system_i/ps/inst/buffer_pl_clk_0.PL_CLK_0_BUFG/O
    X0Y1 (CLOCK_ROOT)    net (fo=8705, routed)        2.161     2.428    system_i/trigger/inst/implementation/trigger_i/aclk
    SLICE_X16Y95         FDRE                                         r  system_i/trigger/inst/implementation/trigger_i/beat_index_reg[0]/C
  -------------------------------------------------------------------    -------------------
    SLICE_X16Y95         FDRE (Prop_EFF_SLICEL_C_Q)
                                                      0.114     2.542 r  system_i/trigger/inst/implementation/trigger_i/beat_index_reg[0]/Q
                         net (fo=210, routed)         1.433     3.974    system_i/trigger/inst/implementation/regs_i/Q[0]
    SLICE_X6Y122         LUT3 (Prop_B5LUT_SLICEL_I1_O)
                                                      0.097     4.071 r  system_i/trigger/inst/implementation/regs_i/pass_accum1_carry__0_i_36/O
                         net (fo=1, routed)           0.299     4.370    system_i/trigger/inst/implementation/regs_i/pass_accum1_carry__0_i_36_n_0
    SLICE_X2Y121         LUT6 (Prop_D6LUT_SLICEM_I1_O)
                                                      0.220     4.590 r  system_i/trigger/inst/implementation/regs_i/pass_accum1_carry__0_i_18/O
                         net (fo=2, routed)           0.452     5.042    system_i/trigger/inst/implementation/regs_i/pass_accum1_carry__0_i_18_n_0
    SLICE_X5Y108         LUT4 (Prop_H6LUT_SLICEM_I0_O)
                                                      0.189     5.231 r  system_i/trigger/inst/implementation/regs_i/pass_accum1_carry__0_i_9/O
                         net (fo=1, routed)           0.021     5.252    system_i/trigger/inst/implementation/trigger_i/m_axis_tdata_reg[9]_1[7]
    SLICE_X5Y108         CARRY8 (Prop_CARRY8_SLICEM_S[7]_CO[7])
                                                      0.183     5.435 r  system_i/trigger/inst/implementation/trigger_i/pass_accum1_carry__0/CO[7]
                         net (fo=25, routed)          0.654     6.089    system_i/trigger/inst/implementation/trigger_i/pass_accum1_carry__0_n_0
    SLICE_X16Y95         LUT3 (Prop_C5LUT_SLICEL_I2_O)
                                                      0.190     6.279 r  system_i/trigger/inst/implementation/trigger_i/m_axis_tdata[5]_i_1/O
                         net (fo=2, routed)           0.273     6.552    system_i/trigger/inst/implementation/trigger_i/mux7_out[5]
    SLICE_X17Y95         FDRE                                         r  system_i/trigger/inst/implementation/trigger_i/m_axis_tdata_reg[5]/D
  -------------------------------------------------------------------    -------------------

                         (clock clk_pl_0 rise edge)
                                                     10.000    10.000 r
    PS8_X0Y0             PS8                          0.000    10.000 r  system_i/ps/inst/PS8_i/PLCLK[0]
                         net (fo=1, routed)           0.181    10.181    system_i/ps/inst/pl_clk_unbuffered[0]
    BUFG_PS_X0Y80        BUFG_PS (Prop_BUFG_PS_I_O)
                                                      0.035    10.216 r  system_i/ps/inst/buffer_pl_clk_0.PL_CLK_0_BUFG/O
    X0Y1 (CLOCK_ROOT)    net (fo=8705, routed)        1.916    12.132    system_i/trigger/inst/implementation/trigger_i/aclk
    SLICE_X17Y95         FDRE                                         r  system_i/trigger/inst/implementation/trigger_i/m_axis_tdata_reg[5]/C
                         clock pessimism              0.173    12.305
                         clock uncertainty           -0.160    12.145
    SLICE_X17Y95         FDRE (Setup_HFF2_SLICEM_C_D)
                                                      0.046    12.191    system_i/trigger/inst/implementation/trigger_i/m_axis_tdata_reg[5]
  -------------------------------------------------------------------
                         required time                         12.191
                         arrival time                          -6.552
  -------------------------------------------------------------------
                         slack                                  5.639

Slack (MET) :             5.650ns  (required time - arrival time)
  Source:                 system_i/trigger/inst/implementation/trigger_i/beat_index_reg[0]/C
                            (rising edge-triggered cell FDRE clocked by clk_pl_0  {rise@0.000ns fall@5.000ns period=10.000ns})
  Destination:            system_i/trigger/inst/implementation/trigger_i/m_axis_tdata_reg[20]/D
                            (rising edge-triggered cell FDRE clocked by clk_pl_0  {rise@0.000ns fall@5.000ns period=10.000ns})
  Path Group:             clk_pl_0
  Path Type:              Setup (Max at Slow Process Corner)
  Requirement:            10.000ns  (clk_pl_0 rise@10.000ns - clk_pl_0 rise@0.000ns)
  Data Path Delay:        4.107ns  (logic 0.940ns (22.890%)  route 3.167ns (77.110%))
  Logic Levels:           6  (CARRY8=2 LUT3=2 LUT4=1 LUT6=1)
  Clock Path Skew:        -0.127ns (DCD - SCD + CPR)
    Destination Clock Delay (DCD):    2.128ns = ( 12.128 - 10.000 )
    Source Clock Delay      (SCD):    2.428ns
    Clock Pessimism Removal (CPR):    0.173ns
  Clock Uncertainty:      0.160ns  ((TSJ^2 + DJ^2)^1/2) / 2 + PE
    Total System Jitter     (TSJ):    0.071ns
    Discrete Jitter          (DJ):    0.312ns
    Phase Error              (PE):    0.000ns
  Clock Net Delay (Source):      2.161ns (routing 1.045ns, distribution 1.116ns)
  Clock Net Delay (Destination): 1.912ns (routing 0.955ns, distribution 0.957ns)

    Location             Delay type                Incr(ns)  Path(ns)    Netlist Resource(s)
  -------------------------------------------------------------------    -------------------
                         (clock clk_pl_0 rise edge)
                                                      0.000     0.000 r
    PS8_X0Y0             PS8                          0.000     0.000 r  system_i/ps/inst/PS8_i/PLCLK[0]
                         net (fo=1, routed)           0.229     0.229    system_i/ps/inst/pl_clk_unbuffered[0]
    BUFG_PS_X0Y80        BUFG_PS (Prop_BUFG_PS_I_O)
                                                      0.038     0.267 r  system_i/ps/inst/buffer_pl_clk_0.PL_CLK_0_BUFG/O
    X0Y1 (CLOCK_ROOT)    net (fo=8705, routed)        2.161     2.428    system_i/trigger/inst/implementation/trigger_i/aclk
    SLICE_X16Y95         FDRE                                         r  system_i/trigger/inst/implementation/trigger_i/beat_index_reg[0]/C
  -------------------------------------------------------------------    -------------------
    SLICE_X16Y95         FDRE (Prop_EFF_SLICEL_C_Q)
                                                      0.114     2.542 r  system_i/trigger/inst/implementation/trigger_i/beat_index_reg[0]/Q
                         net (fo=210, routed)         1.358     3.900    system_i/trigger/inst/implementation/regs_i/Q[0]
    SLICE_X5Y119         LUT3 (Prop_H6LUT_SLICEM_I1_O)
                                                      0.138     4.038 r  system_i/trigger/inst/implementation/regs_i/i__carry_i_42/O
                         net (fo=1, routed)           0.408     4.446    system_i/trigger/inst/implementation/regs_i/i__carry_i_42_n_0
    SLICE_X6Y110         LUT6 (Prop_H6LUT_SLICEL_I1_O)
                                                      0.227     4.673 r  system_i/trigger/inst/implementation/regs_i/i__carry_i_20/O
                         net (fo=2, routed)           0.285     4.958    system_i/trigger/inst/implementation/regs_i/i__carry_i_20_n_0
    SLICE_X6Y107         LUT4 (Prop_G6LUT_SLICEL_I0_O)
                                                      0.137     5.095 r  system_i/trigger/inst/implementation/regs_i/i__carry_i_10/O
                         net (fo=1, routed)           0.012     5.107    system_i/trigger/inst/implementation/trigger_i/pass_accum2_inferred__0/i__carry__0_1[6]
    SLICE_X6Y107         CARRY8 (Prop_CARRY8_SLICEL_S[6]_CO[7])
                                                      0.171     5.278 r  system_i/trigger/inst/implementation/trigger_i/pass_accum2_inferred__0/i__carry/CO[7]
                         net (fo=1, routed)           0.030     5.308    system_i/trigger/inst/implementation/trigger_i/pass_accum2_inferred__0/i__carry_n_0
    SLICE_X6Y108         CARRY8 (Prop_CARRY8_SLICEL_CI_CO[7])
                                                      0.073     5.381 r  system_i/trigger/inst/implementation/trigger_i/pass_accum2_inferred__0/i__carry__0/CO[7]
                         net (fo=26, routed)          0.721     6.101    system_i/trigger/inst/implementation/trigger_i/pass_accum2_inferred__0/i__carry__0_n_0
    SLICE_X17Y92         LUT3 (Prop_C6LUT_SLICEM_I2_O)
                                                      0.080     6.181 r  system_i/trigger/inst/implementation/trigger_i/m_axis_tdata[20]_i_1/O
                         net (fo=1, routed)           0.353     6.534    system_i/trigger/inst/implementation/trigger_i/mux7_out[20]
    SLICE_X17Y92         FDRE                                         r  system_i/trigger/inst/implementation/trigger_i/m_axis_tdata_reg[20]/D
  -------------------------------------------------------------------    -------------------

                         (clock clk_pl_0 rise edge)
                                                     10.000    10.000 r
    PS8_X0Y0             PS8                          0.000    10.000 r  system_i/ps/inst/PS8_i/PLCLK[0]
                         net (fo=1, routed)           0.181    10.181    system_i/ps/inst/pl_clk_unbuffered[0]
    BUFG_PS_X0Y80        BUFG_PS (Prop_BUFG_PS_I_O)
                                                      0.035    10.216 r  system_i/ps/inst/buffer_pl_clk_0.PL_CLK_0_BUFG/O
    X0Y1 (CLOCK_ROOT)    net (fo=8705, routed)        1.912    12.128    system_i/trigger/inst/implementation/trigger_i/aclk
    SLICE_X17Y92         FDRE                                         r  system_i/trigger/inst/implementation/trigger_i/m_axis_tdata_reg[20]/C
                         clock pessimism              0.173    12.301
                         clock uncertainty           -0.160    12.141
    SLICE_X17Y92         FDRE (Setup_HFF_SLICEM_C_D)
                                                      0.044    12.185    system_i/trigger/inst/implementation/trigger_i/m_axis_tdata_reg[20]
  -------------------------------------------------------------------
                         required time                         12.185
                         arrival time                          -6.534
  -------------------------------------------------------------------
                         slack                                  5.650

Slack (MET) :             5.664ns  (required time - arrival time)
  Source:                 system_i/trigger/inst/implementation/trigger_i/beat_index_reg[0]/C
                            (rising edge-triggered cell FDRE clocked by clk_pl_0  {rise@0.000ns fall@5.000ns period=10.000ns})
  Destination:            system_i/trigger/inst/implementation/trigger_i/m_axis_tdata_reg[18]/D
                            (rising edge-triggered cell FDRE clocked by clk_pl_0  {rise@0.000ns fall@5.000ns period=10.000ns})
  Path Group:             clk_pl_0
  Path Type:              Setup (Max at Slow Process Corner)
  Requirement:            10.000ns  (clk_pl_0 rise@10.000ns - clk_pl_0 rise@0.000ns)
  Data Path Delay:        4.092ns  (logic 0.940ns (22.973%)  route 3.152ns (77.027%))
  Logic Levels:           6  (CARRY8=2 LUT3=2 LUT4=1 LUT6=1)
  Clock Path Skew:        -0.127ns (DCD - SCD + CPR)
    Destination Clock Delay (DCD):    2.128ns = ( 12.128 - 10.000 )
    Source Clock Delay      (SCD):    2.428ns
    Clock Pessimism Removal (CPR):    0.173ns
  Clock Uncertainty:      0.160ns  ((TSJ^2 + DJ^2)^1/2) / 2 + PE
    Total System Jitter     (TSJ):    0.071ns
    Discrete Jitter          (DJ):    0.312ns
    Phase Error              (PE):    0.000ns
  Clock Net Delay (Source):      2.161ns (routing 1.045ns, distribution 1.116ns)
  Clock Net Delay (Destination): 1.912ns (routing 0.955ns, distribution 0.957ns)

    Location             Delay type                Incr(ns)  Path(ns)    Netlist Resource(s)
  -------------------------------------------------------------------    -------------------
                         (clock clk_pl_0 rise edge)
                                                      0.000     0.000 r
    PS8_X0Y0             PS8                          0.000     0.000 r  system_i/ps/inst/PS8_i/PLCLK[0]
                         net (fo=1, routed)           0.229     0.229    system_i/ps/inst/pl_clk_unbuffered[0]
    BUFG_PS_X0Y80        BUFG_PS (Prop_BUFG_PS_I_O)
                                                      0.038     0.267 r  system_i/ps/inst/buffer_pl_clk_0.PL_CLK_0_BUFG/O
    X0Y1 (CLOCK_ROOT)    net (fo=8705, routed)        2.161     2.428    system_i/trigger/inst/implementation/trigger_i/aclk
    SLICE_X16Y95         FDRE                                         r  system_i/trigger/inst/implementation/trigger_i/beat_index_reg[0]/C
  -------------------------------------------------------------------    -------------------
    SLICE_X16Y95         FDRE (Prop_EFF_SLICEL_C_Q)
                                                      0.114     2.542 r  system_i/trigger/inst/implementation/trigger_i/beat_index_reg[0]/Q
                         net (fo=210, routed)         1.358     3.900    system_i/trigger/inst/implementation/regs_i/Q[0]
    SLICE_X5Y119         LUT3 (Prop_H6LUT_SLICEM_I1_O)
                                                      0.138     4.038 r  system_i/trigger/inst/implementation/regs_i/i__carry_i_42/O
                         net (fo=1, routed)           0.408     4.446    system_i/trigger/inst/implementation/regs_i/i__carry_i_42_n_0
    SLICE_X6Y110         LUT6 (Prop_H6LUT_SLICEL_I1_O)
                                                      0.227     4.673 r  system_i/trigger/inst/implementation/regs_i/i__carry_i_20/O
                         net (fo=2, routed)           0.285     4.958    system_i/trigger/inst/implementation/regs_i/i__carry_i_20_n_0
    SLICE_X6Y107         LUT4 (Prop_G6LUT_SLICEL_I0_O)
                                                      0.137     5.095 r  system_i/trigger/inst/implementation/regs_i/i__carry_i_10/O
                         net (fo=1, routed)           0.012     5.107    system_i/trigger/inst/implementation/trigger_i/pass_accum2_inferred__0/i__carry__0_1[6]
    SLICE_X6Y107         CARRY8 (Prop_CARRY8_SLICEL_S[6]_CO[7])
                                                      0.171     5.278 r  system_i/trigger/inst/implementation/trigger_i/pass_accum2_inferred__0/i__carry/CO[7]
                         net (fo=1, routed)           0.030     5.308    system_i/trigger/inst/implementation/trigger_i/pass_accum2_inferred__0/i__carry_n_0
    SLICE_X6Y108         CARRY8 (Prop_CARRY8_SLICEL_CI_CO[7])
                                                      0.073     5.381 r  system_i/trigger/inst/implementation/trigger_i/pass_accum2_inferred__0/i__carry__0/CO[7]
                         net (fo=26, routed)          0.720     6.100    system_i/trigger/inst/implementation/trigger_i/pass_accum2_inferred__0/i__carry__0_n_0
    SLICE_X17Y92         LUT3 (Prop_D6LUT_SLICEM_I2_O)
                                                      0.080     6.180 r  system_i/trigger/inst/implementation/trigger_i/m_axis_tdata[18]_i_1/O
                         net (fo=1, routed)           0.339     6.519    system_i/trigger/inst/implementation/trigger_i/mux7_out[18]
    SLICE_X17Y92         FDRE                                         r  system_i/trigger/inst/implementation/trigger_i/m_axis_tdata_reg[18]/D
  -------------------------------------------------------------------    -------------------

                         (clock clk_pl_0 rise edge)
                                                     10.000    10.000 r
    PS8_X0Y0             PS8                          0.000    10.000 r  system_i/ps/inst/PS8_i/PLCLK[0]
                         net (fo=1, routed)           0.181    10.181    system_i/ps/inst/pl_clk_unbuffered[0]
    BUFG_PS_X0Y80        BUFG_PS (Prop_BUFG_PS_I_O)
                                                      0.035    10.216 r  system_i/ps/inst/buffer_pl_clk_0.PL_CLK_0_BUFG/O
    X0Y1 (CLOCK_ROOT)    net (fo=8705, routed)        1.912    12.128    system_i/trigger/inst/implementation/trigger_i/aclk
    SLICE_X17Y92         FDRE                                         r  system_i/trigger/inst/implementation/trigger_i/m_axis_tdata_reg[18]/C
                         clock pessimism              0.173    12.301
                         clock uncertainty           -0.160    12.141
    SLICE_X17Y92         FDRE (Setup_GFF_SLICEM_C_D)
                                                      0.043    12.184    system_i/trigger/inst/implementation/trigger_i/m_axis_tdata_reg[18]
  -------------------------------------------------------------------
                         required time                         12.184
                         arrival time                          -6.519
  -------------------------------------------------------------------
                         slack                                  5.664

Slack (MET) :             5.681ns  (required time - arrival time)
  Source:                 system_i/trigger/inst/implementation/trigger_i/beat_index_reg[0]/C
                            (rising edge-triggered cell FDRE clocked by clk_pl_0  {rise@0.000ns fall@5.000ns period=10.000ns})
  Destination:            system_i/trigger/inst/implementation/trigger_i/pass_accum_reg[6]/D
                            (rising edge-triggered cell FDRE clocked by clk_pl_0  {rise@0.000ns fall@5.000ns period=10.000ns})
  Path Group:             clk_pl_0
  Path Type:              Setup (Max at Slow Process Corner)
  Requirement:            10.000ns  (clk_pl_0 rise@10.000ns - clk_pl_0 rise@0.000ns)
  Data Path Delay:        4.095ns  (logic 0.940ns (22.956%)  route 3.155ns (77.044%))
  Logic Levels:           6  (CARRY8=2 LUT3=1 LUT4=1 LUT6=2)
  Clock Path Skew:        -0.107ns (DCD - SCD + CPR)
    Destination Clock Delay (DCD):    2.148ns = ( 12.148 - 10.000 )
    Source Clock Delay      (SCD):    2.428ns
    Clock Pessimism Removal (CPR):    0.173ns
  Clock Uncertainty:      0.160ns  ((TSJ^2 + DJ^2)^1/2) / 2 + PE
    Total System Jitter     (TSJ):    0.071ns
    Discrete Jitter          (DJ):    0.312ns
    Phase Error              (PE):    0.000ns
  Clock Net Delay (Source):      2.161ns (routing 1.045ns, distribution 1.116ns)
  Clock Net Delay (Destination): 1.932ns (routing 0.955ns, distribution 0.977ns)

    Location             Delay type                Incr(ns)  Path(ns)    Netlist Resource(s)
  -------------------------------------------------------------------    -------------------
                         (clock clk_pl_0 rise edge)
                                                      0.000     0.000 r
    PS8_X0Y0             PS8                          0.000     0.000 r  system_i/ps/inst/PS8_i/PLCLK[0]
                         net (fo=1, routed)           0.229     0.229    system_i/ps/inst/pl_clk_unbuffered[0]
    BUFG_PS_X0Y80        BUFG_PS (Prop_BUFG_PS_I_O)
                                                      0.038     0.267 r  system_i/ps/inst/buffer_pl_clk_0.PL_CLK_0_BUFG/O
    X0Y1 (CLOCK_ROOT)    net (fo=8705, routed)        2.161     2.428    system_i/trigger/inst/implementation/trigger_i/aclk
    SLICE_X16Y95         FDRE                                         r  system_i/trigger/inst/implementation/trigger_i/beat_index_reg[0]/C
  -------------------------------------------------------------------    -------------------
    SLICE_X16Y95         FDRE (Prop_EFF_SLICEL_C_Q)
                                                      0.114     2.542 r  system_i/trigger/inst/implementation/trigger_i/beat_index_reg[0]/Q
                         net (fo=210, routed)         1.358     3.900    system_i/trigger/inst/implementation/regs_i/Q[0]
    SLICE_X5Y119         LUT3 (Prop_H6LUT_SLICEM_I1_O)
                                                      0.138     4.038 r  system_i/trigger/inst/implementation/regs_i/i__carry_i_42/O
                         net (fo=1, routed)           0.408     4.446    system_i/trigger/inst/implementation/regs_i/i__carry_i_42_n_0
    SLICE_X6Y110         LUT6 (Prop_H6LUT_SLICEL_I1_O)
                                                      0.227     4.673 r  system_i/trigger/inst/implementation/regs_i/i__carry_i_20/O
                         net (fo=2, routed)           0.285     4.958    system_i/trigger/inst/implementation/regs_i/i__carry_i_20_n_0
    SLICE_X6Y107         LUT4 (Prop_G6LUT_SLICEL_I0_O)
                                                      0.137     5.095 r  system_i/trigger/inst/implementation/regs_i/i__carry_i_10/O
                         net (fo=1, routed)           0.012     5.107    system_i/trigger/inst/implementation/trigger_i/pass_accum2_inferred__0/i__carry__0_1[6]
    SLICE_X6Y107         CARRY8 (Prop_CARRY8_SLICEL_S[6]_CO[7])
                                                      0.171     5.278 r  system_i/trigger/inst/implementation/trigger_i/pass_accum2_inferred__0/i__carry/CO[7]
                         net (fo=1, routed)           0.030     5.308    system_i/trigger/inst/implementation/trigger_i/pass_accum2_inferred__0/i__carry_n_0
    SLICE_X6Y108         CARRY8 (Prop_CARRY8_SLICEL_CI_CO[7])
                                                      0.073     5.381 r  system_i/trigger/inst/implementation/trigger_i/pass_accum2_inferred__0/i__carry__0/CO[7]
                         net (fo=26, routed)          0.967     6.347    system_i/trigger/inst/implementation/trigger_i/pass_accum2_inferred__0/i__carry__0_n_0
    SLICE_X18Y95         LUT6 (Prop_F6LUT_SLICEM_I0_O)
                                                      0.080     6.427 r  system_i/trigger/inst/implementation/trigger_i/pass_accum[6]_i_1/O
                         net (fo=1, routed)           0.095     6.522    system_i/trigger/inst/implementation/trigger_i/pass_accum[6]_i_1_n_0
    SLICE_X18Y95         FDRE                                         r  system_i/trigger/inst/implementation/trigger_i/pass_accum_reg[6]/D
  -------------------------------------------------------------------    -------------------

                         (clock clk_pl_0 rise edge)
                                                     10.000    10.000 r
    PS8_X0Y0             PS8                          0.000    10.000 r  system_i/ps/inst/PS8_i/PLCLK[0]
                         net (fo=1, routed)           0.181    10.181    system_i/ps/inst/pl_clk_unbuffered[0]
    BUFG_PS_X0Y80        BUFG_PS (Prop_BUFG_PS_I_O)
                                                      0.035    10.216 r  system_i/ps/inst/buffer_pl_clk_0.PL_CLK_0_BUFG/O
    X0Y1 (CLOCK_ROOT)    net (fo=8705, routed)        1.932    12.148    system_i/trigger/inst/implementation/trigger_i/aclk
    SLICE_X18Y95         FDRE                                         r  system_i/trigger/inst/implementation/trigger_i/pass_accum_reg[6]/C
                         clock pessimism              0.173    12.321
                         clock uncertainty           -0.160    12.161
    SLICE_X18Y95         FDRE (Setup_FFF_SLICEM_C_D)
                                                      0.043    12.204    system_i/trigger/inst/implementation/trigger_i/pass_accum_reg[6]
  -------------------------------------------------------------------
                         required time                         12.204
                         arrival time                          -6.522
  -------------------------------------------------------------------
                         slack                                  5.681





Min Delay Paths
--------------------------------------------------------------------------------------
Slack (MET) :             0.010ns  (arrival time - required time)
  Source:                 system_i/memory_smc/inst/s01_nodes/s01_w_node/inst/inst_mi_handler/gen_normal_area.inst_fifo_node_payld/gen_xpm_memory_fifo.inst_fifo/gen_mem_rep[0].inst_xpm_memory/xpm_memory_base_inst/gen_rd_b.gen_rd_b_synth_template.gen_rf_narrow_reg.doutb_reg_reg[115]/C
                            (rising edge-triggered cell FDRE clocked by clk_pl_0  {rise@0.000ns fall@5.000ns period=10.000ns})
  Destination:            system_i/memory_smc/inst/switchboards/w_switchboard/inst/gen_mi[0].inst_opipe_payld/gen_pipe[1].pipe_reg[1][115]/D
                            (rising edge-triggered cell FDRE clocked by clk_pl_0  {rise@0.000ns fall@5.000ns period=10.000ns})
  Path Group:             clk_pl_0
  Path Type:              Hold (Min at Slow Process Corner)
  Requirement:            0.000ns  (clk_pl_0 rise@0.000ns - clk_pl_0 rise@0.000ns)
  Data Path Delay:        0.233ns  (logic 0.111ns (47.639%)  route 0.122ns (52.361%))
  Logic Levels:           0
  Clock Path Skew:        0.121ns (DCD - SCD - CPR)
    Destination Clock Delay (DCD):    2.405ns
    Source Clock Delay      (SCD):    2.110ns
    Clock Pessimism Removal (CPR):    0.173ns
  Clock Net Delay (Source):      1.894ns (routing 0.955ns, distribution 0.939ns)
  Clock Net Delay (Destination): 2.138ns (routing 1.045ns, distribution 1.093ns)

    Location             Delay type                Incr(ns)  Path(ns)    Netlist Resource(s)
  -------------------------------------------------------------------    -------------------
                         (clock clk_pl_0 rise edge)
                                                      0.000     0.000 r
    PS8_X0Y0             PS8                          0.000     0.000 r  system_i/ps/inst/PS8_i/PLCLK[0]
                         net (fo=1, routed)           0.181     0.181    system_i/ps/inst/pl_clk_unbuffered[0]
    BUFG_PS_X0Y80        BUFG_PS (Prop_BUFG_PS_I_O)
                                                      0.035     0.216 r  system_i/ps/inst/buffer_pl_clk_0.PL_CLK_0_BUFG/O
    X0Y1 (CLOCK_ROOT)    net (fo=8705, routed)        1.894     2.110    system_i/memory_smc/inst/s01_nodes/s01_w_node/inst/inst_mi_handler/gen_normal_area.inst_fifo_node_payld/gen_xpm_memory_fifo.inst_fifo/gen_mem_rep[0].inst_xpm_memory/xpm_memory_base_inst/clka
    SLICE_X4Y76          FDRE                                         r  system_i/memory_smc/inst/s01_nodes/s01_w_node/inst/inst_mi_handler/gen_normal_area.inst_fifo_node_payld/gen_xpm_memory_fifo.inst_fifo/gen_mem_rep[0].inst_xpm_memory/xpm_memory_base_inst/gen_rd_b.gen_rd_b_synth_template.gen_rf_narrow_reg.doutb_reg_reg[115]/C
  -------------------------------------------------------------------    -------------------
    SLICE_X4Y76          FDRE (Prop_BFF_SLICEM_C_Q)
                                                      0.111     2.221 r  system_i/memory_smc/inst/s01_nodes/s01_w_node/inst/inst_mi_handler/gen_normal_area.inst_fifo_node_payld/gen_xpm_memory_fifo.inst_fifo/gen_mem_rep[0].inst_xpm_memory/xpm_memory_base_inst/gen_rd_b.gen_rd_b_synth_template.gen_rf_narrow_reg.doutb_reg_reg[115]/Q
                         net (fo=1, routed)           0.122     2.343    system_i/memory_smc/inst/switchboards/w_switchboard/inst/gen_mi[0].inst_opipe_payld/s_sc_payld[103]
    SLICE_X3Y77          FDRE                                         r  system_i/memory_smc/inst/switchboards/w_switchboard/inst/gen_mi[0].inst_opipe_payld/gen_pipe[1].pipe_reg[1][115]/D
  -------------------------------------------------------------------    -------------------

                         (clock clk_pl_0 rise edge)
                                                      0.000     0.000 r
    PS8_X0Y0             PS8                          0.000     0.000 r  system_i/ps/inst/PS8_i/PLCLK[0]
                         net (fo=1, routed)           0.229     0.229    system_i/ps/inst/pl_clk_unbuffered[0]
    BUFG_PS_X0Y80        BUFG_PS (Prop_BUFG_PS_I_O)
                                                      0.038     0.267 r  system_i/ps/inst/buffer_pl_clk_0.PL_CLK_0_BUFG/O
    X0Y1 (CLOCK_ROOT)    net (fo=8705, routed)        2.138     2.405    system_i/memory_smc/inst/switchboards/w_switchboard/inst/gen_mi[0].inst_opipe_payld/aclk
    SLICE_X3Y77          FDRE                                         r  system_i/memory_smc/inst/switchboards/w_switchboard/inst/gen_mi[0].inst_opipe_payld/gen_pipe[1].pipe_reg[1][115]/C
                         clock pessimism             -0.173     2.232
    SLICE_X3Y77          FDRE (Hold_AFF2_SLICEL_C_D)
                                                      0.102     2.334    system_i/memory_smc/inst/switchboards/w_switchboard/inst/gen_mi[0].inst_opipe_payld/gen_pipe[1].pipe_reg[1][115]
  -------------------------------------------------------------------
                         required time                         -2.334
                         arrival time                           2.343
  -------------------------------------------------------------------
                         slack                                  0.010

Slack (MET) :             0.012ns  (arrival time - required time)
  Source:                 system_i/dma/U0/I_PRMRY_DATAMOVER/GEN_S2MM_FULL.I_S2MM_FULL_WRAPPER/I_CMD_STATUS/I_CMD_FIFO/USE_SINGLE_REG.sig_regfifo_dout_reg_reg[44]/C
                            (rising edge-triggered cell FDRE clocked by clk_pl_0  {rise@0.000ns fall@5.000ns period=10.000ns})
  Destination:            system_i/dma/U0/I_PRMRY_DATAMOVER/GEN_S2MM_FULL.I_S2MM_FULL_WRAPPER/GEN_INCLUDE_IBTTCC.I_S2MM_MSTR_IBTTCC/sig_input_addr_reg_reg[9]/D
                            (rising edge-triggered cell FDRE clocked by clk_pl_0  {rise@0.000ns fall@5.000ns period=10.000ns})
  Path Group:             clk_pl_0
  Path Type:              Hold (Min at Slow Process Corner)
  Requirement:            0.000ns  (clk_pl_0 rise@0.000ns - clk_pl_0 rise@0.000ns)
  Data Path Delay:        0.215ns  (logic 0.115ns (53.488%)  route 0.100ns (46.512%))
  Logic Levels:           0
  Clock Path Skew:        0.100ns (DCD - SCD - CPR)
    Destination Clock Delay (DCD):    2.401ns
    Source Clock Delay      (SCD):    2.128ns
    Clock Pessimism Removal (CPR):    0.173ns
  Clock Net Delay (Source):      1.912ns (routing 0.955ns, distribution 0.957ns)
  Clock Net Delay (Destination): 2.134ns (routing 1.045ns, distribution 1.089ns)

    Location             Delay type                Incr(ns)  Path(ns)    Netlist Resource(s)
  -------------------------------------------------------------------    -------------------
                         (clock clk_pl_0 rise edge)
                                                      0.000     0.000 r
    PS8_X0Y0             PS8                          0.000     0.000 r  system_i/ps/inst/PS8_i/PLCLK[0]
                         net (fo=1, routed)           0.181     0.181    system_i/ps/inst/pl_clk_unbuffered[0]
    BUFG_PS_X0Y80        BUFG_PS (Prop_BUFG_PS_I_O)
                                                      0.035     0.216 r  system_i/ps/inst/buffer_pl_clk_0.PL_CLK_0_BUFG/O
    X0Y1 (CLOCK_ROOT)    net (fo=8705, routed)        1.912     2.128    system_i/dma/U0/I_PRMRY_DATAMOVER/GEN_S2MM_FULL.I_S2MM_FULL_WRAPPER/I_CMD_STATUS/I_CMD_FIFO/s_axi_lite_aclk
    SLICE_X11Y106        FDRE                                         r  system_i/dma/U0/I_PRMRY_DATAMOVER/GEN_S2MM_FULL.I_S2MM_FULL_WRAPPER/I_CMD_STATUS/I_CMD_FIFO/USE_SINGLE_REG.sig_regfifo_dout_reg_reg[44]/C
  -------------------------------------------------------------------    -------------------
    SLICE_X11Y106        FDRE (Prop_FFF2_SLICEL_C_Q)
                                                      0.115     2.243 r  system_i/dma/U0/I_PRMRY_DATAMOVER/GEN_S2MM_FULL.I_S2MM_FULL_WRAPPER/I_CMD_STATUS/I_CMD_FIFO/USE_SINGLE_REG.sig_regfifo_dout_reg_reg[44]/Q
                         net (fo=1, routed)           0.100     2.343    system_i/dma/U0/I_PRMRY_DATAMOVER/GEN_S2MM_FULL.I_S2MM_FULL_WRAPPER/GEN_INCLUDE_IBTTCC.I_S2MM_MSTR_IBTTCC/Q[37]
    SLICE_X12Y105        FDRE                                         r  system_i/dma/U0/I_PRMRY_DATAMOVER/GEN_S2MM_FULL.I_S2MM_FULL_WRAPPER/GEN_INCLUDE_IBTTCC.I_S2MM_MSTR_IBTTCC/sig_input_addr_reg_reg[9]/D
  -------------------------------------------------------------------    -------------------

                         (clock clk_pl_0 rise edge)
                                                      0.000     0.000 r
    PS8_X0Y0             PS8                          0.000     0.000 r  system_i/ps/inst/PS8_i/PLCLK[0]
                         net (fo=1, routed)           0.229     0.229    system_i/ps/inst/pl_clk_unbuffered[0]
    BUFG_PS_X0Y80        BUFG_PS (Prop_BUFG_PS_I_O)
                                                      0.038     0.267 r  system_i/ps/inst/buffer_pl_clk_0.PL_CLK_0_BUFG/O
    X0Y1 (CLOCK_ROOT)    net (fo=8705, routed)        2.134     2.401    system_i/dma/U0/I_PRMRY_DATAMOVER/GEN_S2MM_FULL.I_S2MM_FULL_WRAPPER/GEN_INCLUDE_IBTTCC.I_S2MM_MSTR_IBTTCC/s_axi_lite_aclk
    SLICE_X12Y105        FDRE                                         r  system_i/dma/U0/I_PRMRY_DATAMOVER/GEN_S2MM_FULL.I_S2MM_FULL_WRAPPER/GEN_INCLUDE_IBTTCC.I_S2MM_MSTR_IBTTCC/sig_input_addr_reg_reg[9]/C
                         clock pessimism             -0.173     2.228
    SLICE_X12Y105        FDRE (Hold_HFF2_SLICEM_C_D)
                                                      0.103     2.331    system_i/dma/U0/I_PRMRY_DATAMOVER/GEN_S2MM_FULL.I_S2MM_FULL_WRAPPER/GEN_INCLUDE_IBTTCC.I_S2MM_MSTR_IBTTCC/sig_input_addr_reg_reg[9]
  -------------------------------------------------------------------
                         required time                         -2.331
                         arrival time                           2.343
  -------------------------------------------------------------------
                         slack                                  0.012

Slack (MET) :             0.013ns  (arrival time - required time)
  Source:                 system_i/dma/U0/I_PRMRY_DATAMOVER/GEN_S2MM_FULL.I_S2MM_FULL_WRAPPER/I_S2MM_MMAP_SKID_BUF/sig_data_reg_out_reg[2]/C
                            (rising edge-triggered cell FDRE clocked by clk_pl_0  {rise@0.000ns fall@5.000ns period=10.000ns})
  Destination:            system_i/memory_smc/inst/s01_entry_pipeline/s01_mmu/inst/w_sreg/skid_buffer_reg[1027]/D
                            (rising edge-triggered cell FDRE clocked by clk_pl_0  {rise@0.000ns fall@5.000ns period=10.000ns})
  Path Group:             clk_pl_0
  Path Type:              Hold (Min at Slow Process Corner)
  Requirement:            0.000ns  (clk_pl_0 rise@0.000ns - clk_pl_0 rise@0.000ns)
  Data Path Delay:        0.245ns  (logic 0.112ns (45.714%)  route 0.133ns (54.286%))
  Logic Levels:           0
  Clock Path Skew:        0.130ns (DCD - SCD - CPR)
    Destination Clock Delay (DCD):    2.436ns
    Source Clock Delay      (SCD):    2.133ns
    Clock Pessimism Removal (CPR):    0.173ns
  Clock Net Delay (Source):      1.917ns (routing 0.955ns, distribution 0.962ns)
  Clock Net Delay (Destination): 2.169ns (routing 1.045ns, distribution 1.124ns)

    Location             Delay type                Incr(ns)  Path(ns)    Netlist Resource(s)
  -------------------------------------------------------------------    -------------------
                         (clock clk_pl_0 rise edge)
                                                      0.000     0.000 r
    PS8_X0Y0             PS8                          0.000     0.000 r  system_i/ps/inst/PS8_i/PLCLK[0]
                         net (fo=1, routed)           0.181     0.181    system_i/ps/inst/pl_clk_unbuffered[0]
    BUFG_PS_X0Y80        BUFG_PS (Prop_BUFG_PS_I_O)
                                                      0.035     0.216 r  system_i/ps/inst/buffer_pl_clk_0.PL_CLK_0_BUFG/O
    X0Y1 (CLOCK_ROOT)    net (fo=8705, routed)        1.917     2.133    system_i/dma/U0/I_PRMRY_DATAMOVER/GEN_S2MM_FULL.I_S2MM_FULL_WRAPPER/I_S2MM_MMAP_SKID_BUF/s_axi_lite_aclk
    SLICE_X15Y82         FDRE                                         r  system_i/dma/U0/I_PRMRY_DATAMOVER/GEN_S2MM_FULL.I_S2MM_FULL_WRAPPER/I_S2MM_MMAP_SKID_BUF/sig_data_reg_out_reg[2]/C
  -------------------------------------------------------------------    -------------------
    SLICE_X15Y82         FDRE (Prop_AFF_SLICEL_C_Q)
                                                      0.112     2.245 r  system_i/dma/U0/I_PRMRY_DATAMOVER/GEN_S2MM_FULL.I_S2MM_FULL_WRAPPER/I_S2MM_MMAP_SKID_BUF/sig_data_reg_out_reg[2]/Q
                         net (fo=2, routed)           0.133     2.378    system_i/memory_smc/inst/s01_entry_pipeline/s01_mmu/inst/w_sreg/D[3]
    SLICE_X14Y81         FDRE                                         r  system_i/memory_smc/inst/s01_entry_pipeline/s01_mmu/inst/w_sreg/skid_buffer_reg[1027]/D
  -------------------------------------------------------------------    -------------------

                         (clock clk_pl_0 rise edge)
                                                      0.000     0.000 r
    PS8_X0Y0             PS8                          0.000     0.000 r  system_i/ps/inst/PS8_i/PLCLK[0]
                         net (fo=1, routed)           0.229     0.229    system_i/ps/inst/pl_clk_unbuffered[0]
    BUFG_PS_X0Y80        BUFG_PS (Prop_BUFG_PS_I_O)
                                                      0.038     0.267 r  system_i/ps/inst/buffer_pl_clk_0.PL_CLK_0_BUFG/O
    X0Y1 (CLOCK_ROOT)    net (fo=8705, routed)        2.169     2.436    system_i/memory_smc/inst/s01_entry_pipeline/s01_mmu/inst/w_sreg/aclk
    SLICE_X14Y81         FDRE                                         r  system_i/memory_smc/inst/s01_entry_pipeline/s01_mmu/inst/w_sreg/skid_buffer_reg[1027]/C
                         clock pessimism             -0.173     2.263
    SLICE_X14Y81         FDRE (Hold_EFF2_SLICEL_C_D)
                                                      0.102     2.365    system_i/memory_smc/inst/s01_entry_pipeline/s01_mmu/inst/w_sreg/skid_buffer_reg[1027]
  -------------------------------------------------------------------
                         required time                         -2.365
                         arrival time                           2.378
  -------------------------------------------------------------------
                         slack                                  0.013

Slack (MET) :             0.014ns  (arrival time - required time)
  Source:                 system_i/memory_smc/inst/switchboards/aw_switchboard/inst/gen_mi[0].inst_opipe_payld/gen_pipe[1].pipe_reg[1][78]/C
                            (rising edge-triggered cell FDRE clocked by clk_pl_0  {rise@0.000ns fall@5.000ns period=10.000ns})
  Destination:            system_i/memory_smc/inst/m00_nodes/m00_aw_node/inst/inst_mi_handler/gen_normal_area.inst_fifo_node_payld/gen_xpm_memory_fifo.inst_fifo/gen_mem_rep[0].inst_xpm_memory/xpm_memory_base_inst/gen_wr_a.gen_word_narrow.mem_reg_0_31_70_83/RAMD/I
                            (rising edge-triggered cell RAMD32 clocked by clk_pl_0  {rise@0.000ns fall@5.000ns period=10.000ns})
  Path Group:             clk_pl_0
  Path Type:              Hold (Min at Slow Process Corner)
  Requirement:            0.000ns  (clk_pl_0 rise@0.000ns - clk_pl_0 rise@0.000ns)
  Data Path Delay:        0.264ns  (logic 0.112ns (42.424%)  route 0.152ns (57.576%))
  Logic Levels:           0
  Clock Path Skew:        0.148ns (DCD - SCD - CPR)
    Destination Clock Delay (DCD):    2.427ns
    Source Clock Delay      (SCD):    2.106ns
    Clock Pessimism Removal (CPR):    0.173ns
  Clock Net Delay (Source):      1.890ns (routing 0.955ns, distribution 0.935ns)
  Clock Net Delay (Destination): 2.160ns (routing 1.045ns, distribution 1.115ns)

    Location             Delay type                Incr(ns)  Path(ns)    Netlist Resource(s)
  -------------------------------------------------------------------    -------------------
                         (clock clk_pl_0 rise edge)
                                                      0.000     0.000 r
    PS8_X0Y0             PS8                          0.000     0.000 r  system_i/ps/inst/PS8_i/PLCLK[0]
                         net (fo=1, routed)           0.181     0.181    system_i/ps/inst/pl_clk_unbuffered[0]
    BUFG_PS_X0Y80        BUFG_PS (Prop_BUFG_PS_I_O)
                                                      0.035     0.216 r  system_i/ps/inst/buffer_pl_clk_0.PL_CLK_0_BUFG/O
    X0Y1 (CLOCK_ROOT)    net (fo=8705, routed)        1.890     2.106    system_i/memory_smc/inst/switchboards/aw_switchboard/inst/gen_mi[0].inst_opipe_payld/aclk
    SLICE_X9Y87          FDRE                                         r  system_i/memory_smc/inst/switchboards/aw_switchboard/inst/gen_mi[0].inst_opipe_payld/gen_pipe[1].pipe_reg[1][78]/C
  -------------------------------------------------------------------    -------------------
    SLICE_X9Y87          FDRE (Prop_DFF_SLICEL_C_Q)
                                                      0.112     2.218 r  system_i/memory_smc/inst/switchboards/aw_switchboard/inst/gen_mi[0].inst_opipe_payld/gen_pipe[1].pipe_reg[1][78]/Q
                         net (fo=1, routed)           0.152     2.370    system_i/memory_smc/inst/m00_nodes/m00_aw_node/inst/inst_mi_handler/gen_normal_area.inst_fifo_node_payld/gen_xpm_memory_fifo.inst_fifo/gen_mem_rep[0].inst_xpm_memory/xpm_memory_base_inst/gen_wr_a.gen_word_narrow.mem_reg_0_31_70_83/DID0
    SLICE_X10Y86         RAMD32                                       r  system_i/memory_smc/inst/m00_nodes/m00_aw_node/inst/inst_mi_handler/gen_normal_area.inst_fifo_node_payld/gen_xpm_memory_fifo.inst_fifo/gen_mem_rep[0].inst_xpm_memory/xpm_memory_base_inst/gen_wr_a.gen_word_narrow.mem_reg_0_31_70_83/RAMD/I
  -------------------------------------------------------------------    -------------------

                         (clock clk_pl_0 rise edge)
                                                      0.000     0.000 r
    PS8_X0Y0             PS8                          0.000     0.000 r  system_i/ps/inst/PS8_i/PLCLK[0]
                         net (fo=1, routed)           0.229     0.229    system_i/ps/inst/pl_clk_unbuffered[0]
    BUFG_PS_X0Y80        BUFG_PS (Prop_BUFG_PS_I_O)
                                                      0.038     0.267 r  system_i/ps/inst/buffer_pl_clk_0.PL_CLK_0_BUFG/O
    X0Y1 (CLOCK_ROOT)    net (fo=8705, routed)        2.160     2.427    system_i/memory_smc/inst/m00_nodes/m00_aw_node/inst/inst_mi_handler/gen_normal_area.inst_fifo_node_payld/gen_xpm_memory_fifo.inst_fifo/gen_mem_rep[0].inst_xpm_memory/xpm_memory_base_inst/gen_wr_a.gen_word_narrow.mem_reg_0_31_70_83/WCLK
    SLICE_X10Y86         RAMD32                                       r  system_i/memory_smc/inst/m00_nodes/m00_aw_node/inst/inst_mi_handler/gen_normal_area.inst_fifo_node_payld/gen_xpm_memory_fifo.inst_fifo/gen_mem_rep[0].inst_xpm_memory/xpm_memory_base_inst/gen_wr_a.gen_word_narrow.mem_reg_0_31_70_83/RAMD/CLK
                         clock pessimism             -0.173     2.254
    SLICE_X10Y86         RAMD32 (Hold_D5LUT_SLICEM_CLK_I)
                                                      0.102     2.356    system_i/memory_smc/inst/m00_nodes/m00_aw_node/inst/inst_mi_handler/gen_normal_area.inst_fifo_node_payld/gen_xpm_memory_fifo.inst_fifo/gen_mem_rep[0].inst_xpm_memory/xpm_memory_base_inst/gen_wr_a.gen_word_narrow.mem_reg_0_31_70_83/RAMD
  -------------------------------------------------------------------
                         required time                         -2.356
                         arrival time                           2.370
  -------------------------------------------------------------------
                         slack                                  0.014

Slack (MET) :             0.014ns  (arrival time - required time)
  Source:                 system_i/dma/U0/I_PRMRY_DATAMOVER/GEN_S2MM_FULL.I_S2MM_FULL_WRAPPER/I_S2MM_MMAP_SKID_BUF/sig_data_reg_out_reg[4]/C
                            (rising edge-triggered cell FDRE clocked by clk_pl_0  {rise@0.000ns fall@5.000ns period=10.000ns})
  Destination:            system_i/memory_smc/inst/s01_entry_pipeline/s01_mmu/inst/w_sreg/skid_buffer_reg[1029]/D
                            (rising edge-triggered cell FDRE clocked by clk_pl_0  {rise@0.000ns fall@5.000ns period=10.000ns})
  Path Group:             clk_pl_0
  Path Type:              Hold (Min at Slow Process Corner)
  Requirement:            0.000ns  (clk_pl_0 rise@0.000ns - clk_pl_0 rise@0.000ns)
  Data Path Delay:        0.211ns  (logic 0.112ns (52.955%)  route 0.099ns (47.045%))
  Logic Levels:           0
  Clock Path Skew:        0.095ns (DCD - SCD - CPR)
    Destination Clock Delay (DCD):    2.403ns
    Source Clock Delay      (SCD):    2.135ns
    Clock Pessimism Removal (CPR):    0.173ns
  Clock Net Delay (Source):      1.919ns (routing 0.955ns, distribution 0.964ns)
  Clock Net Delay (Destination): 2.136ns (routing 1.045ns, distribution 1.091ns)

    Location             Delay type                Incr(ns)  Path(ns)    Netlist Resource(s)
  -------------------------------------------------------------------    -------------------
                         (clock clk_pl_0 rise edge)
                                                      0.000     0.000 r
    PS8_X0Y0             PS8                          0.000     0.000 r  system_i/ps/inst/PS8_i/PLCLK[0]
                         net (fo=1, routed)           0.181     0.181    system_i/ps/inst/pl_clk_unbuffered[0]
    BUFG_PS_X0Y80        BUFG_PS (Prop_BUFG_PS_I_O)
                                                      0.035     0.216 r  system_i/ps/inst/buffer_pl_clk_0.PL_CLK_0_BUFG/O
    X0Y1 (CLOCK_ROOT)    net (fo=8705, routed)        1.919     2.135    system_i/dma/U0/I_PRMRY_DATAMOVER/GEN_S2MM_FULL.I_S2MM_FULL_WRAPPER/I_S2MM_MMAP_SKID_BUF/s_axi_lite_aclk
    SLICE_X15Y83         FDRE                                         r  system_i/dma/U0/I_PRMRY_DATAMOVER/GEN_S2MM_FULL.I_S2MM_FULL_WRAPPER/I_S2MM_MMAP_SKID_BUF/sig_data_reg_out_reg[4]/C
  -------------------------------------------------------------------    -------------------
    SLICE_X15Y83         FDRE (Prop_GFF_SLICEL_C_Q)
                                                      0.112     2.247 r  system_i/dma/U0/I_PRMRY_DATAMOVER/GEN_S2MM_FULL.I_S2MM_FULL_WRAPPER/I_S2MM_MMAP_SKID_BUF/sig_data_reg_out_reg[4]/Q
                         net (fo=2, routed)           0.099     2.347    system_i/memory_smc/inst/s01_entry_pipeline/s01_mmu/inst/w_sreg/D[5]
    SLICE_X14Y83         FDRE                                         r  system_i/memory_smc/inst/s01_entry_pipeline/s01_mmu/inst/w_sreg/skid_buffer_reg[1029]/D
  -------------------------------------------------------------------    -------------------

                         (clock clk_pl_0 rise edge)
                                                      0.000     0.000 r
    PS8_X0Y0             PS8                          0.000     0.000 r  system_i/ps/inst/PS8_i/PLCLK[0]
                         net (fo=1, routed)           0.229     0.229    system_i/ps/inst/pl_clk_unbuffered[0]
    BUFG_PS_X0Y80        BUFG_PS (Prop_BUFG_PS_I_O)
                                                      0.038     0.267 r  system_i/ps/inst/buffer_pl_clk_0.PL_CLK_0_BUFG/O
    X0Y1 (CLOCK_ROOT)    net (fo=8705, routed)        2.136     2.403    system_i/memory_smc/inst/s01_entry_pipeline/s01_mmu/inst/w_sreg/aclk
    SLICE_X14Y83         FDRE                                         r  system_i/memory_smc/inst/s01_entry_pipeline/s01_mmu/inst/w_sreg/skid_buffer_reg[1029]/C
                         clock pessimism             -0.173     2.230
    SLICE_X14Y83         FDRE (Hold_EFF2_SLICEL_C_D)
                                                      0.102     2.332    system_i/memory_smc/inst/s01_entry_pipeline/s01_mmu/inst/w_sreg/skid_buffer_reg[1029]
  -------------------------------------------------------------------
                         required time                         -2.332
                         arrival time                           2.347
  -------------------------------------------------------------------
                         slack                                  0.014

Slack (MET) :             0.015ns  (arrival time - required time)
  Source:                 system_i/memory_smc/inst/s01_nodes/s01_w_node/inst/inst_mi_handler/gen_normal_area.inst_fifo_node_payld/gen_xpm_memory_fifo.inst_fifo/gen_mem_rep[0].inst_xpm_memory/xpm_memory_base_inst/gen_rd_b.gen_rd_b_synth_template.gen_rf_narrow_reg.doutb_reg_reg[151]/C
                            (rising edge-triggered cell FDRE clocked by clk_pl_0  {rise@0.000ns fall@5.000ns period=10.000ns})
  Destination:            system_i/memory_smc/inst/switchboards/w_switchboard/inst/gen_mi[0].inst_opipe_payld/gen_pipe[1].pipe_reg[1][151]/D
                            (rising edge-triggered cell FDRE clocked by clk_pl_0  {rise@0.000ns fall@5.000ns period=10.000ns})
  Path Group:             clk_pl_0
  Path Type:              Hold (Min at Slow Process Corner)
  Requirement:            0.000ns  (clk_pl_0 rise@0.000ns - clk_pl_0 rise@0.000ns)
  Data Path Delay:        0.245ns  (logic 0.111ns (45.306%)  route 0.134ns (54.694%))
  Logic Levels:           0
  Clock Path Skew:        0.127ns (DCD - SCD - CPR)
    Destination Clock Delay (DCD):    2.411ns
    Source Clock Delay      (SCD):    2.110ns
    Clock Pessimism Removal (CPR):    0.173ns
  Clock Net Delay (Source):      1.894ns (routing 0.955ns, distribution 0.939ns)
  Clock Net Delay (Destination): 2.144ns (routing 1.045ns, distribution 1.099ns)

    Location             Delay type                Incr(ns)  Path(ns)    Netlist Resource(s)
  -------------------------------------------------------------------    -------------------
                         (clock clk_pl_0 rise edge)
                                                      0.000     0.000 r
    PS8_X0Y0             PS8                          0.000     0.000 r  system_i/ps/inst/PS8_i/PLCLK[0]
                         net (fo=1, routed)           0.181     0.181    system_i/ps/inst/pl_clk_unbuffered[0]
    BUFG_PS_X0Y80        BUFG_PS (Prop_BUFG_PS_I_O)
                                                      0.035     0.216 r  system_i/ps/inst/buffer_pl_clk_0.PL_CLK_0_BUFG/O
    X0Y1 (CLOCK_ROOT)    net (fo=8705, routed)        1.894     2.110    system_i/memory_smc/inst/s01_nodes/s01_w_node/inst/inst_mi_handler/gen_normal_area.inst_fifo_node_payld/gen_xpm_memory_fifo.inst_fifo/gen_mem_rep[0].inst_xpm_memory/xpm_memory_base_inst/clka
    SLICE_X4Y75          FDRE                                         r  system_i/memory_smc/inst/s01_nodes/s01_w_node/inst/inst_mi_handler/gen_normal_area.inst_fifo_node_payld/gen_xpm_memory_fifo.inst_fifo/gen_mem_rep[0].inst_xpm_memory/xpm_memory_base_inst/gen_rd_b.gen_rd_b_synth_template.gen_rf_narrow_reg.doutb_reg_reg[151]/C
  -------------------------------------------------------------------    -------------------
    SLICE_X4Y75          FDRE (Prop_FFF_SLICEM_C_Q)
                                                      0.111     2.221 r  system_i/memory_smc/inst/s01_nodes/s01_w_node/inst/inst_mi_handler/gen_normal_area.inst_fifo_node_payld/gen_xpm_memory_fifo.inst_fifo/gen_mem_rep[0].inst_xpm_memory/xpm_memory_base_inst/gen_rd_b.gen_rd_b_synth_template.gen_rf_narrow_reg.doutb_reg_reg[151]/Q
                         net (fo=1, routed)           0.134     2.355    system_i/memory_smc/inst/switchboards/w_switchboard/inst/gen_mi[0].inst_opipe_payld/s_sc_payld[139]
    SLICE_X3Y77          FDRE                                         r  system_i/memory_smc/inst/switchboards/w_switchboard/inst/gen_mi[0].inst_opipe_payld/gen_pipe[1].pipe_reg[1][151]/D
  -------------------------------------------------------------------    -------------------

                         (clock clk_pl_0 rise edge)
                                                      0.000     0.000 r
    PS8_X0Y0             PS8                          0.000     0.000 r  system_i/ps/inst/PS8_i/PLCLK[0]
                         net (fo=1, routed)           0.229     0.229    system_i/ps/inst/pl_clk_unbuffered[0]
    BUFG_PS_X0Y80        BUFG_PS (Prop_BUFG_PS_I_O)
                                                      0.038     0.267 r  system_i/ps/inst/buffer_pl_clk_0.PL_CLK_0_BUFG/O
    X0Y1 (CLOCK_ROOT)    net (fo=8705, routed)        2.144     2.411    system_i/memory_smc/inst/switchboards/w_switchboard/inst/gen_mi[0].inst_opipe_payld/aclk
    SLICE_X3Y77          FDRE                                         r  system_i/memory_smc/inst/switchboards/w_switchboard/inst/gen_mi[0].inst_opipe_payld/gen_pipe[1].pipe_reg[1][151]/C
                         clock pessimism             -0.173     2.238
    SLICE_X3Y77          FDRE (Hold_HFF2_SLICEL_C_D)
                                                      0.103     2.341    system_i/memory_smc/inst/switchboards/w_switchboard/inst/gen_mi[0].inst_opipe_payld/gen_pipe[1].pipe_reg[1][151]
  -------------------------------------------------------------------
                         required time                         -2.341
                         arrival time                           2.355
  -------------------------------------------------------------------
                         slack                                  0.015

Slack (MET) :             0.015ns  (arrival time - required time)
  Source:                 system_i/dma/U0/I_PRMRY_DATAMOVER/GEN_S2MM_FULL.I_S2MM_FULL_WRAPPER/I_S2MM_MMAP_SKID_BUF/sig_data_reg_out_reg[28]/C
                            (rising edge-triggered cell FDRE clocked by clk_pl_0  {rise@0.000ns fall@5.000ns period=10.000ns})
  Destination:            system_i/memory_smc/inst/s01_entry_pipeline/s01_mmu/inst/w_sreg/skid_buffer_reg[1053]/D
                            (rising edge-triggered cell FDRE clocked by clk_pl_0  {rise@0.000ns fall@5.000ns period=10.000ns})
  Path Group:             clk_pl_0
  Path Type:              Hold (Min at Slow Process Corner)
  Requirement:            0.000ns  (clk_pl_0 rise@0.000ns - clk_pl_0 rise@0.000ns)
  Data Path Delay:        0.244ns  (logic 0.112ns (45.965%)  route 0.132ns (54.035%))
  Logic Levels:           0
  Clock Path Skew:        0.126ns (DCD - SCD - CPR)
    Destination Clock Delay (DCD):    2.435ns
    Source Clock Delay      (SCD):    2.136ns
    Clock Pessimism Removal (CPR):    0.173ns
  Clock Net Delay (Source):      1.920ns (routing 0.955ns, distribution 0.965ns)
  Clock Net Delay (Destination): 2.168ns (routing 1.045ns, distribution 1.123ns)

    Location             Delay type                Incr(ns)  Path(ns)    Netlist Resource(s)
  -------------------------------------------------------------------    -------------------
                         (clock clk_pl_0 rise edge)
                                                      0.000     0.000 r
    PS8_X0Y0             PS8                          0.000     0.000 r  system_i/ps/inst/PS8_i/PLCLK[0]
                         net (fo=1, routed)           0.181     0.181    system_i/ps/inst/pl_clk_unbuffered[0]
    BUFG_PS_X0Y80        BUFG_PS (Prop_BUFG_PS_I_O)
                                                      0.035     0.216 r  system_i/ps/inst/buffer_pl_clk_0.PL_CLK_0_BUFG/O
    X0Y1 (CLOCK_ROOT)    net (fo=8705, routed)        1.920     2.136    system_i/dma/U0/I_PRMRY_DATAMOVER/GEN_S2MM_FULL.I_S2MM_FULL_WRAPPER/I_S2MM_MMAP_SKID_BUF/s_axi_lite_aclk
    SLICE_X15Y82         FDRE                                         r  system_i/dma/U0/I_PRMRY_DATAMOVER/GEN_S2MM_FULL.I_S2MM_FULL_WRAPPER/I_S2MM_MMAP_SKID_BUF/sig_data_reg_out_reg[28]/C
  -------------------------------------------------------------------    -------------------
    SLICE_X15Y82         FDRE (Prop_GFF_SLICEL_C_Q)
                                                      0.112     2.248 r  system_i/dma/U0/I_PRMRY_DATAMOVER/GEN_S2MM_FULL.I_S2MM_FULL_WRAPPER/I_S2MM_MMAP_SKID_BUF/sig_data_reg_out_reg[28]/Q
                         net (fo=2, routed)           0.132     2.380    system_i/memory_smc/inst/s01_entry_pipeline/s01_mmu/inst/w_sreg/D[29]
    SLICE_X14Y82         FDRE                                         r  system_i/memory_smc/inst/s01_entry_pipeline/s01_mmu/inst/w_sreg/skid_buffer_reg[1053]/D
  -------------------------------------------------------------------    -------------------

                         (clock clk_pl_0 rise edge)
                                                      0.000     0.000 r
    PS8_X0Y0             PS8                          0.000     0.000 r  system_i/ps/inst/PS8_i/PLCLK[0]
                         net (fo=1, routed)           0.229     0.229    system_i/ps/inst/pl_clk_unbuffered[0]
    BUFG_PS_X0Y80        BUFG_PS (Prop_BUFG_PS_I_O)
                                                      0.038     0.267 r  system_i/ps/inst/buffer_pl_clk_0.PL_CLK_0_BUFG/O
    X0Y1 (CLOCK_ROOT)    net (fo=8705, routed)        2.168     2.435    system_i/memory_smc/inst/s01_entry_pipeline/s01_mmu/inst/w_sreg/aclk
    SLICE_X14Y82         FDRE                                         r  system_i/memory_smc/inst/s01_entry_pipeline/s01_mmu/inst/w_sreg/skid_buffer_reg[1053]/C
                         clock pessimism             -0.173     2.262
    SLICE_X14Y82         FDRE (Hold_GFF2_SLICEL_C_D)
                                                      0.103     2.365    system_i/memory_smc/inst/s01_entry_pipeline/s01_mmu/inst/w_sreg/skid_buffer_reg[1053]
  -------------------------------------------------------------------
                         required time                         -2.365
                         arrival time                           2.380
  -------------------------------------------------------------------
                         slack                                  0.015

Slack (MET) :             0.015ns  (arrival time - required time)
  Source:                 system_i/memory_smc/inst/s01_nodes/s01_w_node/inst/inst_mi_handler/gen_normal_area.inst_fifo_node_payld/gen_xpm_memory_fifo.inst_fifo/gen_mem_rep[0].inst_xpm_memory/xpm_memory_base_inst/gen_rd_b.gen_rd_b_synth_template.gen_rf_narrow_reg.doutb_reg_reg[77]/C
                            (rising edge-triggered cell FDRE clocked by clk_pl_0  {rise@0.000ns fall@5.000ns period=10.000ns})
  Destination:            system_i/memory_smc/inst/switchboards/w_switchboard/inst/gen_mi[0].inst_opipe_payld/gen_pipe[1].pipe_reg[1][77]/D
                            (rising edge-triggered cell FDRE clocked by clk_pl_0  {rise@0.000ns fall@5.000ns period=10.000ns})
  Path Group:             clk_pl_0
  Path Type:              Hold (Min at Slow Process Corner)
  Requirement:            0.000ns  (clk_pl_0 rise@0.000ns - clk_pl_0 rise@0.000ns)
  Data Path Delay:        0.248ns  (logic 0.112ns (45.161%)  route 0.136ns (54.839%))
  Logic Levels:           0
  Clock Path Skew:        0.130ns (DCD - SCD - CPR)
    Destination Clock Delay (DCD):    2.416ns
    Source Clock Delay      (SCD):    2.113ns
    Clock Pessimism Removal (CPR):    0.173ns
  Clock Net Delay (Source):      1.897ns (routing 0.955ns, distribution 0.942ns)
  Clock Net Delay (Destination): 2.149ns (routing 1.045ns, distribution 1.104ns)

    Location             Delay type                Incr(ns)  Path(ns)    Netlist Resource(s)
  -------------------------------------------------------------------    -------------------
                         (clock clk_pl_0 rise edge)
                                                      0.000     0.000 r
    PS8_X0Y0             PS8                          0.000     0.000 r  system_i/ps/inst/PS8_i/PLCLK[0]
                         net (fo=1, routed)           0.181     0.181    system_i/ps/inst/pl_clk_unbuffered[0]
    BUFG_PS_X0Y80        BUFG_PS (Prop_BUFG_PS_I_O)
                                                      0.035     0.216 r  system_i/ps/inst/buffer_pl_clk_0.PL_CLK_0_BUFG/O
    X0Y1 (CLOCK_ROOT)    net (fo=8705, routed)        1.897     2.113    system_i/memory_smc/inst/s01_nodes/s01_w_node/inst/inst_mi_handler/gen_normal_area.inst_fifo_node_payld/gen_xpm_memory_fifo.inst_fifo/gen_mem_rep[0].inst_xpm_memory/xpm_memory_base_inst/clka
    SLICE_X4Y71          FDRE                                         r  system_i/memory_smc/inst/s01_nodes/s01_w_node/inst/inst_mi_handler/gen_normal_area.inst_fifo_node_payld/gen_xpm_memory_fifo.inst_fifo/gen_mem_rep[0].inst_xpm_memory/xpm_memory_base_inst/gen_rd_b.gen_rd_b_synth_template.gen_rf_narrow_reg.doutb_reg_reg[77]/C
  -------------------------------------------------------------------    -------------------
    SLICE_X4Y71          FDRE (Prop_DFF_SLICEM_C_Q)
                                                      0.112     2.225 r  system_i/memory_smc/inst/s01_nodes/s01_w_node/inst/inst_mi_handler/gen_normal_area.inst_fifo_node_payld/gen_xpm_memory_fifo.inst_fifo/gen_mem_rep[0].inst_xpm_memory/xpm_memory_base_inst/gen_rd_b.gen_rd_b_synth_template.gen_rf_narrow_reg.doutb_reg_reg[77]/Q
                         net (fo=1, routed)           0.136     2.361    system_i/memory_smc/inst/switchboards/w_switchboard/inst/gen_mi[0].inst_opipe_payld/s_sc_payld[65]
    SLICE_X3Y71          FDRE                                         r  system_i/memory_smc/inst/switchboards/w_switchboard/inst/gen_mi[0].inst_opipe_payld/gen_pipe[1].pipe_reg[1][77]/D
  -------------------------------------------------------------------    -------------------

                         (clock clk_pl_0 rise edge)
                                                      0.000     0.000 r
    PS8_X0Y0             PS8                          0.000     0.000 r  system_i/ps/inst/PS8_i/PLCLK[0]
                         net (fo=1, routed)           0.229     0.229    system_i/ps/inst/pl_clk_unbuffered[0]
    BUFG_PS_X0Y80        BUFG_PS (Prop_BUFG_PS_I_O)
                                                      0.038     0.267 r  system_i/ps/inst/buffer_pl_clk_0.PL_CLK_0_BUFG/O
    X0Y1 (CLOCK_ROOT)    net (fo=8705, routed)        2.149     2.416    system_i/memory_smc/inst/switchboards/w_switchboard/inst/gen_mi[0].inst_opipe_payld/aclk
    SLICE_X3Y71          FDRE                                         r  system_i/memory_smc/inst/switchboards/w_switchboard/inst/gen_mi[0].inst_opipe_payld/gen_pipe[1].pipe_reg[1][77]/C
                         clock pessimism             -0.173     2.243
    SLICE_X3Y71          FDRE (Hold_GFF2_SLICEL_C_D)
                                                      0.103     2.346    system_i/memory_smc/inst/switchboards/w_switchboard/inst/gen_mi[0].inst_opipe_payld/gen_pipe[1].pipe_reg[1][77]
  -------------------------------------------------------------------
                         required time                         -2.346
                         arrival time                           2.361
  -------------------------------------------------------------------
                         slack                                  0.015

Slack (MET) :             0.018ns  (arrival time - required time)
  Source:                 system_i/memory_smc/inst/s01_nodes/s01_aw_node/inst/inst_mi_handler/gen_normal_area.inst_fifo_node_payld/gen_xpm_memory_fifo.inst_fifo/gen_mem_rep[0].inst_xpm_memory/xpm_memory_base_inst/gen_rd_b.gen_rd_b_synth_template.gen_rf_narrow_reg.doutb_reg_reg[4]/C
                            (rising edge-triggered cell FDRE clocked by clk_pl_0  {rise@0.000ns fall@5.000ns period=10.000ns})
  Destination:            system_i/memory_smc/inst/switchboards/aw_switchboard/inst/gen_mi[0].inst_opipe_payld/gen_pipe[1].pipe_reg[1][4]/D
                            (rising edge-triggered cell FDRE clocked by clk_pl_0  {rise@0.000ns fall@5.000ns period=10.000ns})
  Path Group:             clk_pl_0
  Path Type:              Hold (Min at Slow Process Corner)
  Requirement:            0.000ns  (clk_pl_0 rise@0.000ns - clk_pl_0 rise@0.000ns)
  Data Path Delay:        0.243ns  (logic 0.113ns (46.502%)  route 0.130ns (53.498%))
  Logic Levels:           0
  Clock Path Skew:        0.122ns (DCD - SCD - CPR)
    Destination Clock Delay (DCD):    2.406ns
    Source Clock Delay      (SCD):    2.110ns
    Clock Pessimism Removal (CPR):    0.173ns
  Clock Net Delay (Source):      1.894ns (routing 0.955ns, distribution 0.939ns)
  Clock Net Delay (Destination): 2.139ns (routing 1.045ns, distribution 1.094ns)

    Location             Delay type                Incr(ns)  Path(ns)    Netlist Resource(s)
  -------------------------------------------------------------------    -------------------
                         (clock clk_pl_0 rise edge)
                                                      0.000     0.000 r
    PS8_X0Y0             PS8                          0.000     0.000 r  system_i/ps/inst/PS8_i/PLCLK[0]
                         net (fo=1, routed)           0.181     0.181    system_i/ps/inst/pl_clk_unbuffered[0]
    BUFG_PS_X0Y80        BUFG_PS (Prop_BUFG_PS_I_O)
                                                      0.035     0.216 r  system_i/ps/inst/buffer_pl_clk_0.PL_CLK_0_BUFG/O
    X0Y1 (CLOCK_ROOT)    net (fo=8705, routed)        1.894     2.110    system_i/memory_smc/inst/s01_nodes/s01_aw_node/inst/inst_mi_handler/gen_normal_area.inst_fifo_node_payld/gen_xpm_memory_fifo.inst_fifo/gen_mem_rep[0].inst_xpm_memory/xpm_memory_base_inst/clka
    SLICE_X10Y85         FDRE                                         r  system_i/memory_smc/inst/s01_nodes/s01_aw_node/inst/inst_mi_handler/gen_normal_area.inst_fifo_node_payld/gen_xpm_memory_fifo.inst_fifo/gen_mem_rep[0].inst_xpm_memory/xpm_memory_base_inst/gen_rd_b.gen_rd_b_synth_template.gen_rf_narrow_reg.doutb_reg_reg[4]/C
  -------------------------------------------------------------------    -------------------
    SLICE_X10Y85         FDRE (Prop_CFF2_SLICEM_C_Q)
                                                      0.113     2.223 r  system_i/memory_smc/inst/s01_nodes/s01_aw_node/inst/inst_mi_handler/gen_normal_area.inst_fifo_node_payld/gen_xpm_memory_fifo.inst_fifo/gen_mem_rep[0].inst_xpm_memory/xpm_memory_base_inst/gen_rd_b.gen_rd_b_synth_template.gen_rf_narrow_reg.doutb_reg_reg[4]/Q
                         net (fo=1, routed)           0.130     2.353    system_i/memory_smc/inst/switchboards/aw_switchboard/inst/gen_mi[0].inst_opipe_payld/s_sc_payld[3]
    SLICE_X9Y84          FDRE                                         r  system_i/memory_smc/inst/switchboards/aw_switchboard/inst/gen_mi[0].inst_opipe_payld/gen_pipe[1].pipe_reg[1][4]/D
  -------------------------------------------------------------------    -------------------

                         (clock clk_pl_0 rise edge)
                                                      0.000     0.000 r
    PS8_X0Y0             PS8                          0.000     0.000 r  system_i/ps/inst/PS8_i/PLCLK[0]
                         net (fo=1, routed)           0.229     0.229    system_i/ps/inst/pl_clk_unbuffered[0]
    BUFG_PS_X0Y80        BUFG_PS (Prop_BUFG_PS_I_O)
                                                      0.038     0.267 r  system_i/ps/inst/buffer_pl_clk_0.PL_CLK_0_BUFG/O
    X0Y1 (CLOCK_ROOT)    net (fo=8705, routed)        2.139     2.406    system_i/memory_smc/inst/switchboards/aw_switchboard/inst/gen_mi[0].inst_opipe_payld/aclk
    SLICE_X9Y84          FDRE                                         r  system_i/memory_smc/inst/switchboards/aw_switchboard/inst/gen_mi[0].inst_opipe_payld/gen_pipe[1].pipe_reg[1][4]/C
                         clock pessimism             -0.173     2.233
    SLICE_X9Y84          FDRE (Hold_FFF2_SLICEL_C_D)
                                                      0.103     2.336    system_i/memory_smc/inst/switchboards/aw_switchboard/inst/gen_mi[0].inst_opipe_payld/gen_pipe[1].pipe_reg[1][4]
  -------------------------------------------------------------------
                         required time                         -2.336
                         arrival time                           2.353
  -------------------------------------------------------------------
                         slack                                  0.018

Slack (MET) :             0.018ns  (arrival time - required time)
  Source:                 system_i/memory_smc/inst/s01_nodes/s01_w_node/inst/inst_mi_handler/gen_normal_area.inst_fifo_node_payld/gen_xpm_memory_fifo.inst_fifo/gen_mem_rep[0].inst_xpm_memory/xpm_memory_base_inst/gen_rd_b.gen_rd_b_synth_template.gen_rf_narrow_reg.doutb_reg_reg[84]/C
                            (rising edge-triggered cell FDRE clocked by clk_pl_0  {rise@0.000ns fall@5.000ns period=10.000ns})
  Destination:            system_i/memory_smc/inst/switchboards/w_switchboard/inst/gen_mi[0].inst_opipe_payld/gen_pipe[1].pipe_reg[1][84]/D
                            (rising edge-triggered cell FDRE clocked by clk_pl_0  {rise@0.000ns fall@5.000ns period=10.000ns})
  Path Group:             clk_pl_0
  Path Type:              Hold (Min at Slow Process Corner)
  Requirement:            0.000ns  (clk_pl_0 rise@0.000ns - clk_pl_0 rise@0.000ns)
  Data Path Delay:        0.249ns  (logic 0.114ns (45.783%)  route 0.135ns (54.217%))
  Logic Levels:           0
  Clock Path Skew:        0.129ns (DCD - SCD - CPR)
    Destination Clock Delay (DCD):    2.414ns
    Source Clock Delay      (SCD):    2.112ns
    Clock Pessimism Removal (CPR):    0.173ns
  Clock Net Delay (Source):      1.896ns (routing 0.955ns, distribution 0.941ns)
  Clock Net Delay (Destination): 2.147ns (routing 1.045ns, distribution 1.102ns)

    Location             Delay type                Incr(ns)  Path(ns)    Netlist Resource(s)
  -------------------------------------------------------------------    -------------------
                         (clock clk_pl_0 rise edge)
                                                      0.000     0.000 r
    PS8_X0Y0             PS8                          0.000     0.000 r  system_i/ps/inst/PS8_i/PLCLK[0]
                         net (fo=1, routed)           0.181     0.181    system_i/ps/inst/pl_clk_unbuffered[0]
    BUFG_PS_X0Y80        BUFG_PS (Prop_BUFG_PS_I_O)
                                                      0.035     0.216 r  system_i/ps/inst/buffer_pl_clk_0.PL_CLK_0_BUFG/O
    X0Y1 (CLOCK_ROOT)    net (fo=8705, routed)        1.896     2.112    system_i/memory_smc/inst/s01_nodes/s01_w_node/inst/inst_mi_handler/gen_normal_area.inst_fifo_node_payld/gen_xpm_memory_fifo.inst_fifo/gen_mem_rep[0].inst_xpm_memory/xpm_memory_base_inst/clka
    SLICE_X4Y73          FDRE                                         r  system_i/memory_smc/inst/s01_nodes/s01_w_node/inst/inst_mi_handler/gen_normal_area.inst_fifo_node_payld/gen_xpm_memory_fifo.inst_fifo/gen_mem_rep[0].inst_xpm_memory/xpm_memory_base_inst/gen_rd_b.gen_rd_b_synth_template.gen_rf_narrow_reg.doutb_reg_reg[84]/C
  -------------------------------------------------------------------    -------------------
    SLICE_X4Y73          FDRE (Prop_AFF2_SLICEM_C_Q)
                                                      0.114     2.226 r  system_i/memory_smc/inst/s01_nodes/s01_w_node/inst/inst_mi_handler/gen_normal_area.inst_fifo_node_payld/gen_xpm_memory_fifo.inst_fifo/gen_mem_rep[0].inst_xpm_memory/xpm_memory_base_inst/gen_rd_b.gen_rd_b_synth_template.gen_rf_narrow_reg.doutb_reg_reg[84]/Q
                         net (fo=1, routed)           0.135     2.361    system_i/memory_smc/inst/switchboards/w_switchboard/inst/gen_mi[0].inst_opipe_payld/s_sc_payld[72]
    SLICE_X3Y73          FDRE                                         r  system_i/memory_smc/inst/switchboards/w_switchboard/inst/gen_mi[0].inst_opipe_payld/gen_pipe[1].pipe_reg[1][84]/D
  -------------------------------------------------------------------    -------------------

                         (clock clk_pl_0 rise edge)
                                                      0.000     0.000 r
    PS8_X0Y0             PS8                          0.000     0.000 r  system_i/ps/inst/PS8_i/PLCLK[0]
                         net (fo=1, routed)           0.229     0.229    system_i/ps/inst/pl_clk_unbuffered[0]
    BUFG_PS_X0Y80        BUFG_PS (Prop_BUFG_PS_I_O)
                                                      0.038     0.267 r  system_i/ps/inst/buffer_pl_clk_0.PL_CLK_0_BUFG/O
    X0Y1 (CLOCK_ROOT)    net (fo=8705, routed)        2.147     2.414    system_i/memory_smc/inst/switchboards/w_switchboard/inst/gen_mi[0].inst_opipe_payld/aclk
    SLICE_X3Y73          FDRE                                         r  system_i/memory_smc/inst/switchboards/w_switchboard/inst/gen_mi[0].inst_opipe_payld/gen_pipe[1].pipe_reg[1][84]/C
                         clock pessimism             -0.173     2.241
    SLICE_X3Y73          FDRE (Hold_EFF2_SLICEL_C_D)
                                                      0.102     2.343    system_i/memory_smc/inst/switchboards/w_switchboard/inst/gen_mi[0].inst_opipe_payld/gen_pipe[1].pipe_reg[1][84]
  -------------------------------------------------------------------
                         required time                         -2.343
                         arrival time                           2.361
  -------------------------------------------------------------------
                         slack                                  0.018

Slack (MET) :             0.019ns  (arrival time - required time)
  Source:                 system_i/memory_smc/inst/s01_nodes/s01_aw_node/inst/inst_mi_handler/gen_normal_area.inst_fifo_node_payld/gen_xpm_memory_fifo.inst_fifo/gen_mem_rep[0].inst_xpm_memory/xpm_memory_base_inst/gen_rd_b.gen_rd_b_synth_template.gen_rf_narrow_reg.doutb_reg_reg[2]/C
                            (rising edge-triggered cell FDRE clocked by clk_pl_0  {rise@0.000ns fall@5.000ns period=10.000ns})
  Destination:            system_i/memory_smc/inst/switchboards/aw_switchboard/inst/gen_mi[0].inst_opipe_payld/gen_pipe[1].pipe_reg[1][2]/D
                            (rising edge-triggered cell FDRE clocked by clk_pl_0  {rise@0.000ns fall@5.000ns period=10.000ns})
  Path Group:             clk_pl_0
  Path Type:              Hold (Min at Slow Process Corner)
  Requirement:            0.000ns  (clk_pl_0 rise@0.000ns - clk_pl_0 rise@0.000ns)
  Data Path Delay:        0.243ns  (logic 0.114ns (46.914%)  route 0.129ns (53.086%))
  Logic Levels:           0
  Clock Path Skew:        0.122ns (DCD - SCD - CPR)
    Destination Clock Delay (DCD):    2.406ns
    Source Clock Delay      (SCD):    2.110ns
    Clock Pessimism Removal (CPR):    0.173ns
  Clock Net Delay (Source):      1.894ns (routing 0.955ns, distribution 0.939ns)
  Clock Net Delay (Destination): 2.139ns (routing 1.045ns, distribution 1.094ns)

    Location             Delay type                Incr(ns)  Path(ns)    Netlist Resource(s)
  -------------------------------------------------------------------    -------------------
                         (clock clk_pl_0 rise edge)
                                                      0.000     0.000 r
    PS8_X0Y0             PS8                          0.000     0.000 r  system_i/ps/inst/PS8_i/PLCLK[0]
                         net (fo=1, routed)           0.181     0.181    system_i/ps/inst/pl_clk_unbuffered[0]
    BUFG_PS_X0Y80        BUFG_PS (Prop_BUFG_PS_I_O)
                                                      0.035     0.216 r  system_i/ps/inst/buffer_pl_clk_0.PL_CLK_0_BUFG/O
    X0Y1 (CLOCK_ROOT)    net (fo=8705, routed)        1.894     2.110    system_i/memory_smc/inst/s01_nodes/s01_aw_node/inst/inst_mi_handler/gen_normal_area.inst_fifo_node_payld/gen_xpm_memory_fifo.inst_fifo/gen_mem_rep[0].inst_xpm_memory/xpm_memory_base_inst/clka
    SLICE_X10Y85         FDRE                                         r  system_i/memory_smc/inst/s01_nodes/s01_aw_node/inst/inst_mi_handler/gen_normal_area.inst_fifo_node_payld/gen_xpm_memory_fifo.inst_fifo/gen_mem_rep[0].inst_xpm_memory/xpm_memory_base_inst/gen_rd_b.gen_rd_b_synth_template.gen_rf_narrow_reg.doutb_reg_reg[2]/C
  -------------------------------------------------------------------    -------------------
    SLICE_X10Y85         FDRE (Prop_BFF2_SLICEM_C_Q)
                                                      0.114     2.224 r  system_i/memory_smc/inst/s01_nodes/s01_aw_node/inst/inst_mi_handler/gen_normal_area.inst_fifo_node_payld/gen_xpm_memory_fifo.inst_fifo/gen_mem_rep[0].inst_xpm_memory/xpm_memory_base_inst/gen_rd_b.gen_rd_b_synth_template.gen_rf_narrow_reg.doutb_reg_reg[2]/Q
                         net (fo=1, routed)           0.129     2.353    system_i/memory_smc/inst/switchboards/aw_switchboard/inst/gen_mi[0].inst_opipe_payld/s_sc_payld[1]
    SLICE_X9Y84          FDRE                                         r  system_i/memory_smc/inst/switchboards/aw_switchboard/inst/gen_mi[0].inst_opipe_payld/gen_pipe[1].pipe_reg[1][2]/D
  -------------------------------------------------------------------    -------------------

                         (clock clk_pl_0 rise edge)
                                                      0.000     0.000 r
    PS8_X0Y0             PS8                          0.000     0.000 r  system_i/ps/inst/PS8_i/PLCLK[0]
                         net (fo=1, routed)           0.229     0.229    system_i/ps/inst/pl_clk_unbuffered[0]
    BUFG_PS_X0Y80        BUFG_PS (Prop_BUFG_PS_I_O)
                                                      0.038     0.267 r  system_i/ps/inst/buffer_pl_clk_0.PL_CLK_0_BUFG/O
    X0Y1 (CLOCK_ROOT)    net (fo=8705, routed)        2.139     2.406    system_i/memory_smc/inst/switchboards/aw_switchboard/inst/gen_mi[0].inst_opipe_payld/aclk
    SLICE_X9Y84          FDRE                                         r  system_i/memory_smc/inst/switchboards/aw_switchboard/inst/gen_mi[0].inst_opipe_payld/gen_pipe[1].pipe_reg[1][2]/C
                         clock pessimism             -0.173     2.233
    SLICE_X9Y84          FDRE (Hold_EFF2_SLICEL_C_D)
                                                      0.102     2.335    system_i/memory_smc/inst/switchboards/aw_switchboard/inst/gen_mi[0].inst_opipe_payld/gen_pipe[1].pipe_reg[1][2]
  -------------------------------------------------------------------
                         required time                         -2.335
                         arrival time                           2.353
  -------------------------------------------------------------------
                         slack                                  0.019

Slack (MET) :             0.019ns  (arrival time - required time)
  Source:                 system_i/trigger/inst/implementation/trigger_i/m_axis_tdata_reg[5]/C
                            (rising edge-triggered cell FDRE clocked by clk_pl_0  {rise@0.000ns fall@5.000ns period=10.000ns})
  Destination:            system_i/dma/U0/I_PRMRY_DATAMOVER/GEN_S2MM_FULL.I_S2MM_FULL_WRAPPER/ENABLE_AXIS_SKID.I_S2MM_STRM_SKID_BUF/sig_data_skid_reg_reg[5]/D
                            (rising edge-triggered cell FDRE clocked by clk_pl_0  {rise@0.000ns fall@5.000ns period=10.000ns})
  Path Group:             clk_pl_0
  Path Type:              Hold (Min at Slow Process Corner)
  Requirement:            0.000ns  (clk_pl_0 rise@0.000ns - clk_pl_0 rise@0.000ns)
  Data Path Delay:        0.250ns  (logic 0.113ns (45.120%)  route 0.137ns (54.880%))
  Logic Levels:           0
  Clock Path Skew:        0.130ns (DCD - SCD - CPR)
    Destination Clock Delay (DCD):    2.435ns
    Source Clock Delay      (SCD):    2.132ns
    Clock Pessimism Removal (CPR):    0.173ns
  Clock Net Delay (Source):      1.916ns (routing 0.955ns, distribution 0.961ns)
  Clock Net Delay (Destination): 2.168ns (routing 1.045ns, distribution 1.123ns)

    Location             Delay type                Incr(ns)  Path(ns)    Netlist Resource(s)
  -------------------------------------------------------------------    -------------------
                         (clock clk_pl_0 rise edge)
                                                      0.000     0.000 r
    PS8_X0Y0             PS8                          0.000     0.000 r  system_i/ps/inst/PS8_i/PLCLK[0]
                         net (fo=1, routed)           0.181     0.181    system_i/ps/inst/pl_clk_unbuffered[0]
    BUFG_PS_X0Y80        BUFG_PS (Prop_BUFG_PS_I_O)
                                                      0.035     0.216 r  system_i/ps/inst/buffer_pl_clk_0.PL_CLK_0_BUFG/O
    X0Y1 (CLOCK_ROOT)    net (fo=8705, routed)        1.916     2.132    system_i/trigger/inst/implementation/trigger_i/aclk
    SLICE_X17Y95         FDRE                                         r  system_i/trigger/inst/implementation/trigger_i/m_axis_tdata_reg[5]/C
  -------------------------------------------------------------------    -------------------
    SLICE_X17Y95         FDRE (Prop_HFF2_SLICEM_C_Q)
                                                      0.113     2.245 r  system_i/trigger/inst/implementation/trigger_i/m_axis_tdata_reg[5]/Q
                         net (fo=2, routed)           0.137     2.383    system_i/dma/U0/I_PRMRY_DATAMOVER/GEN_S2MM_FULL.I_S2MM_FULL_WRAPPER/ENABLE_AXIS_SKID.I_S2MM_STRM_SKID_BUF/s_axis_s2mm_tdata[5]
    SLICE_X19Y95         FDRE                                         r  system_i/dma/U0/I_PRMRY_DATAMOVER/GEN_S2MM_FULL.I_S2MM_FULL_WRAPPER/ENABLE_AXIS_SKID.I_S2MM_STRM_SKID_BUF/sig_data_skid_reg_reg[5]/D
  -------------------------------------------------------------------    -------------------

                         (clock clk_pl_0 rise edge)
                                                      0.000     0.000 r
    PS8_X0Y0             PS8                          0.000     0.000 r  system_i/ps/inst/PS8_i/PLCLK[0]
                         net (fo=1, routed)           0.229     0.229    system_i/ps/inst/pl_clk_unbuffered[0]
    BUFG_PS_X0Y80        BUFG_PS (Prop_BUFG_PS_I_O)
                                                      0.038     0.267 r  system_i/ps/inst/buffer_pl_clk_0.PL_CLK_0_BUFG/O
    X0Y1 (CLOCK_ROOT)    net (fo=8705, routed)        2.168     2.435    system_i/dma/U0/I_PRMRY_DATAMOVER/GEN_S2MM_FULL.I_S2MM_FULL_WRAPPER/ENABLE_AXIS_SKID.I_S2MM_STRM_SKID_BUF/s_axi_lite_aclk
    SLICE_X19Y95         FDRE                                         r  system_i/dma/U0/I_PRMRY_DATAMOVER/GEN_S2MM_FULL.I_S2MM_FULL_WRAPPER/ENABLE_AXIS_SKID.I_S2MM_STRM_SKID_BUF/sig_data_skid_reg_reg[5]/C
                         clock pessimism             -0.173     2.262
    SLICE_X19Y95         FDRE (Hold_EFF2_SLICEL_C_D)
                                                      0.102     2.364    system_i/dma/U0/I_PRMRY_DATAMOVER/GEN_S2MM_FULL.I_S2MM_FULL_WRAPPER/ENABLE_AXIS_SKID.I_S2MM_STRM_SKID_BUF/sig_data_skid_reg_reg[5]
  -------------------------------------------------------------------
                         required time                         -2.364
                         arrival time                           2.383
  -------------------------------------------------------------------
                         slack                                  0.019

Slack (MET) :             0.019ns  (arrival time - required time)
  Source:                 system_i/memory_smc/inst/m00_nodes/m00_r_node/inst/inst_mi_handler/gen_normal_area.inst_fifo_node_payld/gen_xpm_memory_fifo.inst_fifo/gen_mem_rep[0].inst_xpm_memory/xpm_memory_base_inst/gen_rd_b.gen_rd_b_synth_template.gen_rf_narrow_reg.doutb_reg_reg[35]/C
                            (rising edge-triggered cell FDRE clocked by clk_pl_0  {rise@0.000ns fall@5.000ns period=10.000ns})
  Destination:            system_i/memory_smc/inst/switchboards/r_switchboard/inst/gen_mi[0].inst_opipe_payld/gen_pipe[1].pipe_reg[1][35]/D
                            (rising edge-triggered cell FDRE clocked by clk_pl_0  {rise@0.000ns fall@5.000ns period=10.000ns})
  Path Group:             clk_pl_0
  Path Type:              Hold (Min at Slow Process Corner)
  Requirement:            0.000ns  (clk_pl_0 rise@0.000ns - clk_pl_0 rise@0.000ns)
  Data Path Delay:        0.241ns  (logic 0.112ns (46.473%)  route 0.129ns (53.527%))
  Logic Levels:           0
  Clock Path Skew:        0.120ns (DCD - SCD - CPR)
    Destination Clock Delay (DCD):    2.397ns
    Source Clock Delay      (SCD):    2.103ns
    Clock Pessimism Removal (CPR):    0.173ns
  Clock Net Delay (Source):      1.887ns (routing 0.955ns, distribution 0.932ns)
  Clock Net Delay (Destination): 2.130ns (routing 1.045ns, distribution 1.085ns)

    Location             Delay type                Incr(ns)  Path(ns)    Netlist Resource(s)
  -------------------------------------------------------------------    -------------------
                         (clock clk_pl_0 rise edge)
                                                      0.000     0.000 r
    PS8_X0Y0             PS8                          0.000     0.000 r  system_i/ps/inst/PS8_i/PLCLK[0]
                         net (fo=1, routed)           0.181     0.181    system_i/ps/inst/pl_clk_unbuffered[0]
    BUFG_PS_X0Y80        BUFG_PS (Prop_BUFG_PS_I_O)
                                                      0.035     0.216 r  system_i/ps/inst/buffer_pl_clk_0.PL_CLK_0_BUFG/O
    X0Y1 (CLOCK_ROOT)    net (fo=8705, routed)        1.887     2.103    system_i/memory_smc/inst/m00_nodes/m00_r_node/inst/inst_mi_handler/gen_normal_area.inst_fifo_node_payld/gen_xpm_memory_fifo.inst_fifo/gen_mem_rep[0].inst_xpm_memory/xpm_memory_base_inst/clka
    SLICE_X1Y84          FDRE                                         r  system_i/memory_smc/inst/m00_nodes/m00_r_node/inst/inst_mi_handler/gen_normal_area.inst_fifo_node_payld/gen_xpm_memory_fifo.inst_fifo/gen_mem_rep[0].inst_xpm_memory/xpm_memory_base_inst/gen_rd_b.gen_rd_b_synth_template.gen_rf_narrow_reg.doutb_reg_reg[35]/C
  -------------------------------------------------------------------    -------------------
    SLICE_X1Y84          FDRE (Prop_DFF_SLICEM_C_Q)
                                                      0.112     2.215 r  system_i/memory_smc/inst/m00_nodes/m00_r_node/inst/inst_mi_handler/gen_normal_area.inst_fifo_node_payld/gen_xpm_memory_fifo.inst_fifo/gen_mem_rep[0].inst_xpm_memory/xpm_memory_base_inst/gen_rd_b.gen_rd_b_synth_template.gen_rf_narrow_reg.doutb_reg_reg[35]/Q
                         net (fo=1, routed)           0.129     2.344    system_i/memory_smc/inst/switchboards/r_switchboard/inst/gen_mi[0].inst_opipe_payld/s_sc_payld[23]
    SLICE_X3Y84          FDRE                                         r  system_i/memory_smc/inst/switchboards/r_switchboard/inst/gen_mi[0].inst_opipe_payld/gen_pipe[1].pipe_reg[1][35]/D
  -------------------------------------------------------------------    -------------------

                         (clock clk_pl_0 rise edge)
                                                      0.000     0.000 r
    PS8_X0Y0             PS8                          0.000     0.000 r  system_i/ps/inst/PS8_i/PLCLK[0]
                         net (fo=1, routed)           0.229     0.229    system_i/ps/inst/pl_clk_unbuffered[0]
    BUFG_PS_X0Y80        BUFG_PS (Prop_BUFG_PS_I_O)
                                                      0.038     0.267 r  system_i/ps/inst/buffer_pl_clk_0.PL_CLK_0_BUFG/O
    X0Y1 (CLOCK_ROOT)    net (fo=8705, routed)        2.130     2.397    system_i/memory_smc/inst/switchboards/r_switchboard/inst/gen_mi[0].inst_opipe_payld/aclk
    SLICE_X3Y84          FDRE                                         r  system_i/memory_smc/inst/switchboards/r_switchboard/inst/gen_mi[0].inst_opipe_payld/gen_pipe[1].pipe_reg[1][35]/C
                         clock pessimism             -0.173     2.224
    SLICE_X3Y84          FDRE (Hold_AFF2_SLICEL_C_D)
                                                      0.102     2.326    system_i/memory_smc/inst/switchboards/r_switchboard/inst/gen_mi[0].inst_opipe_payld/gen_pipe[1].pipe_reg[1][35]
  -------------------------------------------------------------------
                         required time                         -2.326
                         arrival time                           2.344
  -------------------------------------------------------------------
                         slack                                  0.019

Slack (MET) :             0.021ns  (arrival time - required time)
  Source:                 system_i/memory_smc/inst/s01_nodes/s01_aw_node/inst/inst_mi_handler/gen_normal_area.inst_fifo_node_payld/gen_xpm_memory_fifo.inst_fifo/gen_mem_rep[0].inst_xpm_memory/xpm_memory_base_inst/gen_rd_b.gen_rd_b_synth_template.gen_rf_narrow_reg.doutb_reg_reg[110]/C
                            (rising edge-triggered cell FDRE clocked by clk_pl_0  {rise@0.000ns fall@5.000ns period=10.000ns})
  Destination:            system_i/memory_smc/inst/switchboards/aw_switchboard/inst/gen_mi[0].inst_opipe_payld/gen_pipe[1].pipe_reg[1][110]/D
                            (rising edge-triggered cell FDRE clocked by clk_pl_0  {rise@0.000ns fall@5.000ns period=10.000ns})
  Path Group:             clk_pl_0
  Path Type:              Hold (Min at Slow Process Corner)
  Requirement:            0.000ns  (clk_pl_0 rise@0.000ns - clk_pl_0 rise@0.000ns)
  Data Path Delay:        0.240ns  (logic 0.114ns (47.500%)  route 0.126ns (52.500%))
  Logic Levels:           0
  Clock Path Skew:        0.116ns (DCD - SCD - CPR)
    Destination Clock Delay (DCD):    2.395ns
    Source Clock Delay      (SCD):    2.105ns
    Clock Pessimism Removal (CPR):    0.173ns
  Clock Net Delay (Source):      1.889ns (routing 0.955ns, distribution 0.934ns)
  Clock Net Delay (Destination): 2.128ns (routing 1.045ns, distribution 1.083ns)

    Location             Delay type                Incr(ns)  Path(ns)    Netlist Resource(s)
  -------------------------------------------------------------------    -------------------
                         (clock clk_pl_0 rise edge)
                                                      0.000     0.000 r
    PS8_X0Y0             PS8                          0.000     0.000 r  system_i/ps/inst/PS8_i/PLCLK[0]
                         net (fo=1, routed)           0.181     0.181    system_i/ps/inst/pl_clk_unbuffered[0]
    BUFG_PS_X0Y80        BUFG_PS (Prop_BUFG_PS_I_O)
                                                      0.035     0.216 r  system_i/ps/inst/buffer_pl_clk_0.PL_CLK_0_BUFG/O
    X0Y1 (CLOCK_ROOT)    net (fo=8705, routed)        1.889     2.105    system_i/memory_smc/inst/s01_nodes/s01_aw_node/inst/inst_mi_handler/gen_normal_area.inst_fifo_node_payld/gen_xpm_memory_fifo.inst_fifo/gen_mem_rep[0].inst_xpm_memory/xpm_memory_base_inst/clka
    SLICE_X10Y89         FDRE                                         r  system_i/memory_smc/inst/s01_nodes/s01_aw_node/inst/inst_mi_handler/gen_normal_area.inst_fifo_node_payld/gen_xpm_memory_fifo.inst_fifo/gen_mem_rep[0].inst_xpm_memory/xpm_memory_base_inst/gen_rd_b.gen_rd_b_synth_template.gen_rf_narrow_reg.doutb_reg_reg[110]/C
  -------------------------------------------------------------------    -------------------
    SLICE_X10Y89         FDRE (Prop_GFF2_SLICEM_C_Q)
                                                      0.114     2.219 r  system_i/memory_smc/inst/s01_nodes/s01_aw_node/inst/inst_mi_handler/gen_normal_area.inst_fifo_node_payld/gen_xpm_memory_fifo.inst_fifo/gen_mem_rep[0].inst_xpm_memory/xpm_memory_base_inst/gen_rd_b.gen_rd_b_synth_template.gen_rf_narrow_reg.doutb_reg_reg[110]/Q
                         net (fo=1, routed)           0.126     2.345    system_i/memory_smc/inst/switchboards/aw_switchboard/inst/gen_mi[0].inst_opipe_payld/s_sc_payld[53]
    SLICE_X9Y88          FDRE                                         r  system_i/memory_smc/inst/switchboards/aw_switchboard/inst/gen_mi[0].inst_opipe_payld/gen_pipe[1].pipe_reg[1][110]/D
  -------------------------------------------------------------------    -------------------

                         (clock clk_pl_0 rise edge)
                                                      0.000     0.000 r
    PS8_X0Y0             PS8                          0.000     0.000 r  system_i/ps/inst/PS8_i/PLCLK[0]
                         net (fo=1, routed)           0.229     0.229    system_i/ps/inst/pl_clk_unbuffered[0]
    BUFG_PS_X0Y80        BUFG_PS (Prop_BUFG_PS_I_O)
                                                      0.038     0.267 r  system_i/ps/inst/buffer_pl_clk_0.PL_CLK_0_BUFG/O
    X0Y1 (CLOCK_ROOT)    net (fo=8705, routed)        2.128     2.395    system_i/memory_smc/inst/switchboards/aw_switchboard/inst/gen_mi[0].inst_opipe_payld/aclk
    SLICE_X9Y88          FDRE                                         r  system_i/memory_smc/inst/switchboards/aw_switchboard/inst/gen_mi[0].inst_opipe_payld/gen_pipe[1].pipe_reg[1][110]/C
                         clock pessimism             -0.173     2.222
    SLICE_X9Y88          FDRE (Hold_CFF2_SLICEL_C_D)
                                                      0.103     2.325    system_i/memory_smc/inst/switchboards/aw_switchboard/inst/gen_mi[0].inst_opipe_payld/gen_pipe[1].pipe_reg[1][110]
  -------------------------------------------------------------------
                         required time                         -2.325
                         arrival time                           2.345
  -------------------------------------------------------------------
                         slack                                  0.021

Slack (MET) :             0.022ns  (arrival time - required time)
  Source:                 system_i/memory_smc/inst/s01_nodes/s01_w_node/inst/inst_mi_handler/gen_normal_area.inst_fifo_node_payld/gen_xpm_memory_fifo.inst_fifo/gen_mem_rep[0].inst_xpm_memory/xpm_memory_base_inst/gen_rd_b.gen_rd_b_synth_template.gen_rf_narrow_reg.doutb_reg_reg[149]/C
                            (rising edge-triggered cell FDRE clocked by clk_pl_0  {rise@0.000ns fall@5.000ns period=10.000ns})
  Destination:            system_i/memory_smc/inst/switchboards/w_switchboard/inst/gen_mi[0].inst_opipe_payld/gen_pipe[1].pipe_reg[1][149]/D
                            (rising edge-triggered cell FDRE clocked by clk_pl_0  {rise@0.000ns fall@5.000ns period=10.000ns})
  Path Group:             clk_pl_0
  Path Type:              Hold (Min at Slow Process Corner)
  Requirement:            0.000ns  (clk_pl_0 rise@0.000ns - clk_pl_0 rise@0.000ns)
  Data Path Delay:        0.252ns  (logic 0.112ns (44.444%)  route 0.140ns (55.556%))
  Logic Levels:           0
  Clock Path Skew:        0.127ns (DCD - SCD - CPR)
    Destination Clock Delay (DCD):    2.411ns
    Source Clock Delay      (SCD):    2.110ns
    Clock Pessimism Removal (CPR):    0.173ns
  Clock Net Delay (Source):      1.894ns (routing 0.955ns, distribution 0.939ns)
  Clock Net Delay (Destination): 2.144ns (routing 1.045ns, distribution 1.099ns)

    Location             Delay type                Incr(ns)  Path(ns)    Netlist Resource(s)
  -------------------------------------------------------------------    -------------------
                         (clock clk_pl_0 rise edge)
                                                      0.000     0.000 r
    PS8_X0Y0             PS8                          0.000     0.000 r  system_i/ps/inst/PS8_i/PLCLK[0]
                         net (fo=1, routed)           0.181     0.181    system_i/ps/inst/pl_clk_unbuffered[0]
    BUFG_PS_X0Y80        BUFG_PS (Prop_BUFG_PS_I_O)
                                                      0.035     0.216 r  system_i/ps/inst/buffer_pl_clk_0.PL_CLK_0_BUFG/O
    X0Y1 (CLOCK_ROOT)    net (fo=8705, routed)        1.894     2.110    system_i/memory_smc/inst/s01_nodes/s01_w_node/inst/inst_mi_handler/gen_normal_area.inst_fifo_node_payld/gen_xpm_memory_fifo.inst_fifo/gen_mem_rep[0].inst_xpm_memory/xpm_memory_base_inst/clka
    SLICE_X4Y75          FDRE                                         r  system_i/memory_smc/inst/s01_nodes/s01_w_node/inst/inst_mi_handler/gen_normal_area.inst_fifo_node_payld/gen_xpm_memory_fifo.inst_fifo/gen_mem_rep[0].inst_xpm_memory/xpm_memory_base_inst/gen_rd_b.gen_rd_b_synth_template.gen_rf_narrow_reg.doutb_reg_reg[149]/C
  -------------------------------------------------------------------    -------------------
    SLICE_X4Y75          FDRE (Prop_EFF_SLICEM_C_Q)
                                                      0.112     2.222 r  system_i/memory_smc/inst/s01_nodes/s01_w_node/inst/inst_mi_handler/gen_normal_area.inst_fifo_node_payld/gen_xpm_memory_fifo.inst_fifo/gen_mem_rep[0].inst_xpm_memory/xpm_memory_base_inst/gen_rd_b.gen_rd_b_synth_template.gen_rf_narrow_reg.doutb_reg_reg[149]/Q
                         net (fo=1, routed)           0.140     2.362    system_i/memory_smc/inst/switchboards/w_switchboard/inst/gen_mi[0].inst_opipe_payld/s_sc_payld[137]
    SLICE_X3Y77          FDRE                                         r  system_i/memory_smc/inst/switchboards/w_switchboard/inst/gen_mi[0].inst_opipe_payld/gen_pipe[1].pipe_reg[1][149]/D
  -------------------------------------------------------------------    -------------------

                         (clock clk_pl_0 rise edge)
                                                      0.000     0.000 r
    PS8_X0Y0             PS8                          0.000     0.000 r  system_i/ps/inst/PS8_i/PLCLK[0]
                         net (fo=1, routed)           0.229     0.229    system_i/ps/inst/pl_clk_unbuffered[0]
    BUFG_PS_X0Y80        BUFG_PS (Prop_BUFG_PS_I_O)
                                                      0.038     0.267 r  system_i/ps/inst/buffer_pl_clk_0.PL_CLK_0_BUFG/O
    X0Y1 (CLOCK_ROOT)    net (fo=8705, routed)        2.144     2.411    system_i/memory_smc/inst/switchboards/w_switchboard/inst/gen_mi[0].inst_opipe_payld/aclk
    SLICE_X3Y77          FDRE                                         r  system_i/memory_smc/inst/switchboards/w_switchboard/inst/gen_mi[0].inst_opipe_payld/gen_pipe[1].pipe_reg[1][149]/C
                         clock pessimism             -0.173     2.238
    SLICE_X3Y77          FDRE (Hold_GFF2_SLICEL_C_D)
                                                      0.103     2.341    system_i/memory_smc/inst/switchboards/w_switchboard/inst/gen_mi[0].inst_opipe_payld/gen_pipe[1].pipe_reg[1][149]
  -------------------------------------------------------------------
                         required time                         -2.341
                         arrival time                           2.362
  -------------------------------------------------------------------
                         slack                                  0.022

Slack (MET) :             0.022ns  (arrival time - required time)
  Source:                 system_i/memory_smc/inst/switchboards/w_switchboard/inst/gen_mi[0].inst_opipe_payld/gen_pipe[1].pipe_reg[1][77]/C
                            (rising edge-triggered cell FDRE clocked by clk_pl_0  {rise@0.000ns fall@5.000ns period=10.000ns})
  Destination:            system_i/memory_smc/inst/m00_nodes/m00_w_node/inst/inst_mi_handler/gen_normal_area.inst_fifo_node_payld/gen_xpm_memory_fifo.inst_fifo/gen_mem_rep[0].inst_xpm_memory/xpm_memory_base_inst/gen_wr_a.gen_word_narrow.mem_reg_0_31_70_83/RAMD_D1/I
                            (rising edge-triggered cell RAMD32 clocked by clk_pl_0  {rise@0.000ns fall@5.000ns period=10.000ns})
  Path Group:             clk_pl_0
  Path Type:              Hold (Min at Slow Process Corner)
  Requirement:            0.000ns  (clk_pl_0 rise@0.000ns - clk_pl_0 rise@0.000ns)
  Data Path Delay:        0.210ns  (logic 0.114ns (54.286%)  route 0.096ns (45.714%))
  Logic Levels:           0
  Clock Path Skew:        0.109ns (DCD - SCD - CPR)
    Destination Clock Delay (DCD):    2.464ns
    Source Clock Delay      (SCD):    2.121ns
    Clock Pessimism Removal (CPR):    0.234ns
  Clock Net Delay (Source):      1.905ns (routing 0.955ns, distribution 0.950ns)
  Clock Net Delay (Destination): 2.197ns (routing 1.045ns, distribution 1.152ns)

    Location             Delay type                Incr(ns)  Path(ns)    Netlist Resource(s)
  -------------------------------------------------------------------    -------------------
                         (clock clk_pl_0 rise edge)
                                                      0.000     0.000 r
    PS8_X0Y0             PS8                          0.000     0.000 r  system_i/ps/inst/PS8_i/PLCLK[0]
                         net (fo=1, routed)           0.181     0.181    system_i/ps/inst/pl_clk_unbuffered[0]
    BUFG_PS_X0Y80        BUFG_PS (Prop_BUFG_PS_I_O)
                                                      0.035     0.216 r  system_i/ps/inst/buffer_pl_clk_0.PL_CLK_0_BUFG/O
    X0Y1 (CLOCK_ROOT)    net (fo=8705, routed)        1.905     2.121    system_i/memory_smc/inst/switchboards/w_switchboard/inst/gen_mi[0].inst_opipe_payld/aclk
    SLICE_X3Y71          FDRE                                         r  system_i/memory_smc/inst/switchboards/w_switchboard/inst/gen_mi[0].inst_opipe_payld/gen_pipe[1].pipe_reg[1][77]/C
  -------------------------------------------------------------------    -------------------
    SLICE_X3Y71          FDRE (Prop_GFF2_SLICEL_C_Q)
                                                      0.114     2.235 r  system_i/memory_smc/inst/switchboards/w_switchboard/inst/gen_mi[0].inst_opipe_payld/gen_pipe[1].pipe_reg[1][77]/Q
                         net (fo=1, routed)           0.096     2.331    system_i/memory_smc/inst/m00_nodes/m00_w_node/inst/inst_mi_handler/gen_normal_area.inst_fifo_node_payld/gen_xpm_memory_fifo.inst_fifo/gen_mem_rep[0].inst_xpm_memory/xpm_memory_base_inst/gen_wr_a.gen_word_narrow.mem_reg_0_31_70_83/DID1
    SLICE_X2Y71          RAMD32                                       r  system_i/memory_smc/inst/m00_nodes/m00_w_node/inst/inst_mi_handler/gen_normal_area.inst_fifo_node_payld/gen_xpm_memory_fifo.inst_fifo/gen_mem_rep[0].inst_xpm_memory/xpm_memory_base_inst/gen_wr_a.gen_word_narrow.mem_reg_0_31_70_83/RAMD_D1/I
  -------------------------------------------------------------------    -------------------

                         (clock clk_pl_0 rise edge)
                                                      0.000     0.000 r
    PS8_X0Y0             PS8                          0.000     0.000 r  system_i/ps/inst/PS8_i/PLCLK[0]
                         net (fo=1, routed)           0.229     0.229    system_i/ps/inst/pl_clk_unbuffered[0]
    BUFG_PS_X0Y80        BUFG_PS (Prop_BUFG_PS_I_O)
                                                      0.038     0.267 r  system_i/ps/inst/buffer_pl_clk_0.PL_CLK_0_BUFG/O
    X0Y1 (CLOCK_ROOT)    net (fo=8705, routed)        2.197     2.464    system_i/memory_smc/inst/m00_nodes/m00_w_node/inst/inst_mi_handler/gen_normal_area.inst_fifo_node_payld/gen_xpm_memory_fifo.inst_fifo/gen_mem_rep[0].inst_xpm_memory/xpm_memory_base_inst/gen_wr_a.gen_word_narrow.mem_reg_0_31_70_83/WCLK
    SLICE_X2Y71          RAMD32                                       r  system_i/memory_smc/inst/m00_nodes/m00_w_node/inst/inst_mi_handler/gen_normal_area.inst_fifo_node_payld/gen_xpm_memory_fifo.inst_fifo/gen_mem_rep[0].inst_xpm_memory/xpm_memory_base_inst/gen_wr_a.gen_word_narrow.mem_reg_0_31_70_83/RAMD_D1/CLK
                         clock pessimism             -0.234     2.230
    SLICE_X2Y71          RAMD32 (Hold_D6LUT_SLICEM_CLK_I)
                                                      0.079     2.309    system_i/memory_smc/inst/m00_nodes/m00_w_node/inst/inst_mi_handler/gen_normal_area.inst_fifo_node_payld/gen_xpm_memory_fifo.inst_fifo/gen_mem_rep[0].inst_xpm_memory/xpm_memory_base_inst/gen_wr_a.gen_word_narrow.mem_reg_0_31_70_83/RAMD_D1
  -------------------------------------------------------------------
                         required time                         -2.309
                         arrival time                           2.331
  -------------------------------------------------------------------
                         slack                                  0.022

Slack (MET) :             0.022ns  (arrival time - required time)
  Source:                 system_i/memory_smc/inst/switchboards/w_switchboard/inst/gen_mi[0].inst_opipe_payld/gen_pipe[1].pipe_reg[1][91]/C
                            (rising edge-triggered cell FDRE clocked by clk_pl_0  {rise@0.000ns fall@5.000ns period=10.000ns})
  Destination:            system_i/memory_smc/inst/m00_nodes/m00_w_node/inst/inst_mi_handler/gen_normal_area.inst_fifo_node_payld/gen_xpm_memory_fifo.inst_fifo/gen_mem_rep[0].inst_xpm_memory/xpm_memory_base_inst/gen_wr_a.gen_word_narrow.mem_reg_0_31_84_97/RAMD_D1/I
                            (rising edge-triggered cell RAMD32 clocked by clk_pl_0  {rise@0.000ns fall@5.000ns period=10.000ns})
  Path Group:             clk_pl_0
  Path Type:              Hold (Min at Slow Process Corner)
  Requirement:            0.000ns  (clk_pl_0 rise@0.000ns - clk_pl_0 rise@0.000ns)
  Data Path Delay:        0.210ns  (logic 0.114ns (54.286%)  route 0.096ns (45.714%))
  Logic Levels:           0
  Clock Path Skew:        0.109ns (DCD - SCD - CPR)
    Destination Clock Delay (DCD):    2.462ns
    Source Clock Delay      (SCD):    2.120ns
    Clock Pessimism Removal (CPR):    0.233ns
  Clock Net Delay (Source):      1.904ns (routing 0.955ns, distribution 0.949ns)
  Clock Net Delay (Destination): 2.195ns (routing 1.045ns, distribution 1.150ns)

    Location             Delay type                Incr(ns)  Path(ns)    Netlist Resource(s)
  -------------------------------------------------------------------    -------------------
                         (clock clk_pl_0 rise edge)
                                                      0.000     0.000 r
    PS8_X0Y0             PS8                          0.000     0.000 r  system_i/ps/inst/PS8_i/PLCLK[0]
                         net (fo=1, routed)           0.181     0.181    system_i/ps/inst/pl_clk_unbuffered[0]
    BUFG_PS_X0Y80        BUFG_PS (Prop_BUFG_PS_I_O)
                                                      0.035     0.216 r  system_i/ps/inst/buffer_pl_clk_0.PL_CLK_0_BUFG/O
    X0Y1 (CLOCK_ROOT)    net (fo=8705, routed)        1.904     2.120    system_i/memory_smc/inst/switchboards/w_switchboard/inst/gen_mi[0].inst_opipe_payld/aclk
    SLICE_X3Y73          FDRE                                         r  system_i/memory_smc/inst/switchboards/w_switchboard/inst/gen_mi[0].inst_opipe_payld/gen_pipe[1].pipe_reg[1][91]/C
  -------------------------------------------------------------------    -------------------
    SLICE_X3Y73          FDRE (Prop_GFF2_SLICEL_C_Q)
                                                      0.114     2.234 r  system_i/memory_smc/inst/switchboards/w_switchboard/inst/gen_mi[0].inst_opipe_payld/gen_pipe[1].pipe_reg[1][91]/Q
                         net (fo=1, routed)           0.096     2.330    system_i/memory_smc/inst/m00_nodes/m00_w_node/inst/inst_mi_handler/gen_normal_area.inst_fifo_node_payld/gen_xpm_memory_fifo.inst_fifo/gen_mem_rep[0].inst_xpm_memory/xpm_memory_base_inst/gen_wr_a.gen_word_narrow.mem_reg_0_31_84_97/DID1
    SLICE_X2Y73          RAMD32                                       r  system_i/memory_smc/inst/m00_nodes/m00_w_node/inst/inst_mi_handler/gen_normal_area.inst_fifo_node_payld/gen_xpm_memory_fifo.inst_fifo/gen_mem_rep[0].inst_xpm_memory/xpm_memory_base_inst/gen_wr_a.gen_word_narrow.mem_reg_0_31_84_97/RAMD_D1/I
  -------------------------------------------------------------------    -------------------

                         (clock clk_pl_0 rise edge)
                                                      0.000     0.000 r
    PS8_X0Y0             PS8                          0.000     0.000 r  system_i/ps/inst/PS8_i/PLCLK[0]
                         net (fo=1, routed)           0.229     0.229    system_i/ps/inst/pl_clk_unbuffered[0]
    BUFG_PS_X0Y80        BUFG_PS (Prop_BUFG_PS_I_O)
                                                      0.038     0.267 r  system_i/ps/inst/buffer_pl_clk_0.PL_CLK_0_BUFG/O
    X0Y1 (CLOCK_ROOT)    net (fo=8705, routed)        2.195     2.462    system_i/memory_smc/inst/m00_nodes/m00_w_node/inst/inst_mi_handler/gen_normal_area.inst_fifo_node_payld/gen_xpm_memory_fifo.inst_fifo/gen_mem_rep[0].inst_xpm_memory/xpm_memory_base_inst/gen_wr_a.gen_word_narrow.mem_reg_0_31_84_97/WCLK
    SLICE_X2Y73          RAMD32                                       r  system_i/memory_smc/inst/m00_nodes/m00_w_node/inst/inst_mi_handler/gen_normal_area.inst_fifo_node_payld/gen_xpm_memory_fifo.inst_fifo/gen_mem_rep[0].inst_xpm_memory/xpm_memory_base_inst/gen_wr_a.gen_word_narrow.mem_reg_0_31_84_97/RAMD_D1/CLK
                         clock pessimism             -0.233     2.229
    SLICE_X2Y73          RAMD32 (Hold_D6LUT_SLICEM_CLK_I)
                                                      0.079     2.308    system_i/memory_smc/inst/m00_nodes/m00_w_node/inst/inst_mi_handler/gen_normal_area.inst_fifo_node_payld/gen_xpm_memory_fifo.inst_fifo/gen_mem_rep[0].inst_xpm_memory/xpm_memory_base_inst/gen_wr_a.gen_word_narrow.mem_reg_0_31_84_97/RAMD_D1
  -------------------------------------------------------------------
                         required time                         -2.308
                         arrival time                           2.330
  -------------------------------------------------------------------
                         slack                                  0.022

Slack (MET) :             0.022ns  (arrival time - required time)
  Source:                 system_i/memory_smc/inst/s00_entry_pipeline/s00_mmu/inst/ar_sreg/m_vector_i_reg[1128]/C
                            (rising edge-triggered cell FDRE clocked by clk_pl_0  {rise@0.000ns fall@5.000ns period=10.000ns})
  Destination:            system_i/memory_smc/inst/s00_entry_pipeline/s00_mmu/inst/ar_reg_stall/skid_buffer_reg[1128]/D
                            (rising edge-triggered cell FDRE clocked by clk_pl_0  {rise@0.000ns fall@5.000ns period=10.000ns})
  Path Group:             clk_pl_0
  Path Type:              Hold (Min at Slow Process Corner)
  Requirement:            0.000ns  (clk_pl_0 rise@0.000ns - clk_pl_0 rise@0.000ns)
  Data Path Delay:        0.239ns  (logic 0.114ns (47.620%)  route 0.125ns (52.380%))
  Logic Levels:           0
  Clock Path Skew:        0.114ns (DCD - SCD - CPR)
    Destination Clock Delay (DCD):    2.382ns
    Source Clock Delay      (SCD):    2.094ns
    Clock Pessimism Removal (CPR):    0.173ns
  Clock Net Delay (Source):      1.878ns (routing 0.955ns, distribution 0.923ns)
  Clock Net Delay (Destination): 2.115ns (routing 1.045ns, distribution 1.070ns)

    Location             Delay type                Incr(ns)  Path(ns)    Netlist Resource(s)
  -------------------------------------------------------------------    -------------------
                         (clock clk_pl_0 rise edge)
                                                      0.000     0.000 r
    PS8_X0Y0             PS8                          0.000     0.000 r  system_i/ps/inst/PS8_i/PLCLK[0]
                         net (fo=1, routed)           0.181     0.181    system_i/ps/inst/pl_clk_unbuffered[0]
    BUFG_PS_X0Y80        BUFG_PS (Prop_BUFG_PS_I_O)
                                                      0.035     0.216 r  system_i/ps/inst/buffer_pl_clk_0.PL_CLK_0_BUFG/O
    X0Y1 (CLOCK_ROOT)    net (fo=8705, routed)        1.878     2.094    system_i/memory_smc/inst/s00_entry_pipeline/s00_mmu/inst/ar_sreg/aclk
    SLICE_X10Y94         FDRE                                         r  system_i/memory_smc/inst/s00_entry_pipeline/s00_mmu/inst/ar_sreg/m_vector_i_reg[1128]/C
  -------------------------------------------------------------------    -------------------
    SLICE_X10Y94         FDRE (Prop_AFF2_SLICEM_C_Q)
                                                      0.114     2.208 r  system_i/memory_smc/inst/s00_entry_pipeline/s00_mmu/inst/ar_sreg/m_vector_i_reg[1128]/Q
                         net (fo=3, routed)           0.125     2.333    system_i/memory_smc/inst/s00_entry_pipeline/s00_mmu/inst/ar_reg_stall/skid_buffer_reg[1128]_0[37]
    SLICE_X9Y93          FDRE                                         r  system_i/memory_smc/inst/s00_entry_pipeline/s00_mmu/inst/ar_reg_stall/skid_buffer_reg[1128]/D
  -------------------------------------------------------------------    -------------------

                         (clock clk_pl_0 rise edge)
                                                      0.000     0.000 r
    PS8_X0Y0             PS8                          0.000     0.000 r  system_i/ps/inst/PS8_i/PLCLK[0]
                         net (fo=1, routed)           0.229     0.229    system_i/ps/inst/pl_clk_unbuffered[0]
    BUFG_PS_X0Y80        BUFG_PS (Prop_BUFG_PS_I_O)
                                                      0.038     0.267 r  system_i/ps/inst/buffer_pl_clk_0.PL_CLK_0_BUFG/O
    X0Y1 (CLOCK_ROOT)    net (fo=8705, routed)        2.115     2.382    system_i/memory_smc/inst/s00_entry_pipeline/s00_mmu/inst/ar_reg_stall/aclk
    SLICE_X9Y93          FDRE                                         r  system_i/memory_smc/inst/s00_entry_pipeline/s00_mmu/inst/ar_reg_stall/skid_buffer_reg[1128]/C
                         clock pessimism             -0.173     2.208
    SLICE_X9Y93          FDRE (Hold_GFF2_SLICEL_C_D)
                                                      0.103     2.311    system_i/memory_smc/inst/s00_entry_pipeline/s00_mmu/inst/ar_reg_stall/skid_buffer_reg[1128]
  -------------------------------------------------------------------
                         required time                         -2.311
                         arrival time                           2.333
  -------------------------------------------------------------------
                         slack                                  0.022

Slack (MET) :             0.022ns  (arrival time - required time)
  Source:                 system_i/memory_smc/inst/m00_nodes/m00_w_node/inst/inst_mi_handler/gen_normal_area.inst_fifo_node_payld/gen_xpm_memory_fifo.inst_fifo/gen_mem_rep[0].inst_xpm_memory/xpm_memory_base_inst/gen_rd_b.gen_rd_b_synth_template.gen_rf_narrow_reg.doutb_reg_reg[131]/C
                            (rising edge-triggered cell FDRE clocked by clk_pl_0  {rise@0.000ns fall@5.000ns period=10.000ns})
  Destination:            system_i/memory_smc/inst/m00_exit_pipeline/m00_exit/inst/w_reg/skid_buffer_reg[1127]/D
                            (rising edge-triggered cell FDRE clocked by clk_pl_0  {rise@0.000ns fall@5.000ns period=10.000ns})
  Path Group:             clk_pl_0
  Path Type:              Hold (Min at Slow Process Corner)
  Requirement:            0.000ns  (clk_pl_0 rise@0.000ns - clk_pl_0 rise@0.000ns)
  Data Path Delay:        0.209ns  (logic 0.112ns (53.589%)  route 0.097ns (46.411%))
  Logic Levels:           0
  Clock Path Skew:        0.084ns (DCD - SCD - CPR)
    Destination Clock Delay (DCD):    2.368ns
    Source Clock Delay      (SCD):    2.111ns
    Clock Pessimism Removal (CPR):    0.173ns
  Clock Net Delay (Source):      1.895ns (routing 0.955ns, distribution 0.940ns)
  Clock Net Delay (Destination): 2.101ns (routing 1.045ns, distribution 1.056ns)

    Location             Delay type                Incr(ns)  Path(ns)    Netlist Resource(s)
  -------------------------------------------------------------------    -------------------
                         (clock clk_pl_0 rise edge)
                                                      0.000     0.000 r
    PS8_X0Y0             PS8                          0.000     0.000 r  system_i/ps/inst/PS8_i/PLCLK[0]
                         net (fo=1, routed)           0.181     0.181    system_i/ps/inst/pl_clk_unbuffered[0]
    BUFG_PS_X0Y80        BUFG_PS (Prop_BUFG_PS_I_O)
                                                      0.035     0.216 r  system_i/ps/inst/buffer_pl_clk_0.PL_CLK_0_BUFG/O
    X0Y1 (CLOCK_ROOT)    net (fo=8705, routed)        1.895     2.111    system_i/memory_smc/inst/m00_nodes/m00_w_node/inst/inst_mi_handler/gen_normal_area.inst_fifo_node_payld/gen_xpm_memory_fifo.inst_fifo/gen_mem_rep[0].inst_xpm_memory/xpm_memory_base_inst/clka
    SLICE_X1Y76          FDRE                                         r  system_i/memory_smc/inst/m00_nodes/m00_w_node/inst/inst_mi_handler/gen_normal_area.inst_fifo_node_payld/gen_xpm_memory_fifo.inst_fifo/gen_mem_rep[0].inst_xpm_memory/xpm_memory_base_inst/gen_rd_b.gen_rd_b_synth_template.gen_rf_narrow_reg.doutb_reg_reg[131]/C
  -------------------------------------------------------------------    -------------------
    SLICE_X1Y76          FDRE (Prop_CFF_SLICEM_C_Q)
                                                      0.112     2.223 r  system_i/memory_smc/inst/m00_nodes/m00_w_node/inst/inst_mi_handler/gen_normal_area.inst_fifo_node_payld/gen_xpm_memory_fifo.inst_fifo/gen_mem_rep[0].inst_xpm_memory/xpm_memory_base_inst/gen_rd_b.gen_rd_b_synth_template.gen_rf_narrow_reg.doutb_reg_reg[131]/Q
                         net (fo=2, routed)           0.097     2.320    system_i/memory_smc/inst/m00_exit_pipeline/m00_exit/inst/w_reg/D[103]
    SLICE_X0Y75          FDRE                                         r  system_i/memory_smc/inst/m00_exit_pipeline/m00_exit/inst/w_reg/skid_buffer_reg[1127]/D
  -------------------------------------------------------------------    -------------------

                         (clock clk_pl_0 rise edge)
                                                      0.000     0.000 r
    PS8_X0Y0             PS8                          0.000     0.000 r  system_i/ps/inst/PS8_i/PLCLK[0]
                         net (fo=1, routed)           0.229     0.229    system_i/ps/inst/pl_clk_unbuffered[0]
    BUFG_PS_X0Y80        BUFG_PS (Prop_BUFG_PS_I_O)
                                                      0.038     0.267 r  system_i/ps/inst/buffer_pl_clk_0.PL_CLK_0_BUFG/O
    X0Y1 (CLOCK_ROOT)    net (fo=8705, routed)        2.101     2.368    system_i/memory_smc/inst/m00_exit_pipeline/m00_exit/inst/w_reg/aclk
    SLICE_X0Y75          FDRE                                         r  system_i/memory_smc/inst/m00_exit_pipeline/m00_exit/inst/w_reg/skid_buffer_reg[1127]/C
                         clock pessimism             -0.173     2.195
    SLICE_X0Y75          FDRE (Hold_GFF2_SLICEL_C_D)
                                                      0.103     2.298    system_i/memory_smc/inst/m00_exit_pipeline/m00_exit/inst/w_reg/skid_buffer_reg[1127]
  -------------------------------------------------------------------
                         required time                         -2.298
                         arrival time                           2.320
  -------------------------------------------------------------------
                         slack                                  0.022

Slack (MET) :             0.023ns  (arrival time - required time)
  Source:                 system_i/memory_smc/inst/s01_nodes/s01_w_node/inst/inst_mi_handler/gen_normal_area.inst_fifo_node_payld/gen_xpm_memory_fifo.inst_fifo/gen_mem_rep[0].inst_xpm_memory/xpm_memory_base_inst/gen_rd_b.gen_rd_b_synth_template.gen_rf_narrow_reg.doutb_reg_reg[119]/C
                            (rising edge-triggered cell FDRE clocked by clk_pl_0  {rise@0.000ns fall@5.000ns period=10.000ns})
  Destination:            system_i/memory_smc/inst/switchboards/w_switchboard/inst/gen_mi[0].inst_opipe_payld/gen_pipe[1].pipe_reg[1][119]/D
                            (rising edge-triggered cell FDRE clocked by clk_pl_0  {rise@0.000ns fall@5.000ns period=10.000ns})
  Path Group:             clk_pl_0
  Path Type:              Hold (Min at Slow Process Corner)
  Requirement:            0.000ns  (clk_pl_0 rise@0.000ns - clk_pl_0 rise@0.000ns)
  Data Path Delay:        0.245ns  (logic 0.112ns (45.714%)  route 0.133ns (54.286%))
  Logic Levels:           0
  Clock Path Skew:        0.121ns (DCD - SCD - CPR)
    Destination Clock Delay (DCD):    2.405ns
    Source Clock Delay      (SCD):    2.110ns
    Clock Pessimism Removal (CPR):    0.173ns
  Clock Net Delay (Source):      1.894ns (routing 0.955ns, distribution 0.939ns)
  Clock Net Delay (Destination): 2.138ns (routing 1.045ns, distribution 1.093ns)

    Location             Delay type                Incr(ns)  Path(ns)    Netlist Resource(s)
  -------------------------------------------------------------------    -------------------
                         (clock clk_pl_0 rise edge)
                                                      0.000     0.000 r
    PS8_X0Y0             PS8                          0.000     0.000 r  system_i/ps/inst/PS8_i/PLCLK[0]
                         net (fo=1, routed)           0.181     0.181    system_i/ps/inst/pl_clk_unbuffered[0]
    BUFG_PS_X0Y80        BUFG_PS (Prop_BUFG_PS_I_O)
                                                      0.035     0.216 r  system_i/ps/inst/buffer_pl_clk_0.PL_CLK_0_BUFG/O
    X0Y1 (CLOCK_ROOT)    net (fo=8705, routed)        1.894     2.110    system_i/memory_smc/inst/s01_nodes/s01_w_node/inst/inst_mi_handler/gen_normal_area.inst_fifo_node_payld/gen_xpm_memory_fifo.inst_fifo/gen_mem_rep[0].inst_xpm_memory/xpm_memory_base_inst/clka
    SLICE_X4Y76          FDRE                                         r  system_i/memory_smc/inst/s01_nodes/s01_w_node/inst/inst_mi_handler/gen_normal_area.inst_fifo_node_payld/gen_xpm_memory_fifo.inst_fifo/gen_mem_rep[0].inst_xpm_memory/xpm_memory_base_inst/gen_rd_b.gen_rd_b_synth_template.gen_rf_narrow_reg.doutb_reg_reg[119]/C
  -------------------------------------------------------------------    -------------------
    SLICE_X4Y76          FDRE (Prop_DFF_SLICEM_C_Q)
                                                      0.112     2.222 r  system_i/memory_smc/inst/s01_nodes/s01_w_node/inst/inst_mi_handler/gen_normal_area.inst_fifo_node_payld/gen_xpm_memory_fifo.inst_fifo/gen_mem_rep[0].inst_xpm_memory/xpm_memory_base_inst/gen_rd_b.gen_rd_b_synth_template.gen_rf_narrow_reg.doutb_reg_reg[119]/Q
                         net (fo=1, routed)           0.133     2.355    system_i/memory_smc/inst/switchboards/w_switchboard/inst/gen_mi[0].inst_opipe_payld/s_sc_payld[107]
    SLICE_X3Y77          FDRE                                         r  system_i/memory_smc/inst/switchboards/w_switchboard/inst/gen_mi[0].inst_opipe_payld/gen_pipe[1].pipe_reg[1][119]/D
  -------------------------------------------------------------------    -------------------

                         (clock clk_pl_0 rise edge)
                                                      0.000     0.000 r
    PS8_X0Y0             PS8                          0.000     0.000 r  system_i/ps/inst/PS8_i/PLCLK[0]
                         net (fo=1, routed)           0.229     0.229    system_i/ps/inst/pl_clk_unbuffered[0]
    BUFG_PS_X0Y80        BUFG_PS (Prop_BUFG_PS_I_O)
                                                      0.038     0.267 r  system_i/ps/inst/buffer_pl_clk_0.PL_CLK_0_BUFG/O
    X0Y1 (CLOCK_ROOT)    net (fo=8705, routed)        2.138     2.405    system_i/memory_smc/inst/switchboards/w_switchboard/inst/gen_mi[0].inst_opipe_payld/aclk
    SLICE_X3Y77          FDRE                                         r  system_i/memory_smc/inst/switchboards/w_switchboard/inst/gen_mi[0].inst_opipe_payld/gen_pipe[1].pipe_reg[1][119]/C
                         clock pessimism             -0.173     2.232
    SLICE_X3Y77          FDRE (Hold_CFF_SLICEL_C_D)
                                                      0.101     2.333    system_i/memory_smc/inst/switchboards/w_switchboard/inst/gen_mi[0].inst_opipe_payld/gen_pipe[1].pipe_reg[1][119]
  -------------------------------------------------------------------
                         required time                         -2.333
                         arrival time                           2.355
  -------------------------------------------------------------------
                         slack                                  0.023





Pulse Width Checks
--------------------------------------------------------------------------------------
Clock Name:         clk_pl_0
Waveform(ns):       { 0.000 5.000 }
Period(ns):         10.000
Sources:            { system_i/ps/inst/PS8_i/PLCLK[0] }

Check Type        Corner  Lib Pin             Reference Pin  Required(ns)  Actual(ns)  Slack(ns)  Location       Pin
Min Period        n/a     PS8/MAXIGP0ACLK     n/a            3.000         10.000      7.000      PS8_X0Y0       system_i/ps/inst/PS8_i/MAXIGP0ACLK
Min Period        n/a     PS8/SAXIGP2RCLK     n/a            3.000         10.000      7.000      PS8_X0Y0       system_i/ps/inst/PS8_i/SAXIGP2RCLK
Min Period        n/a     PS8/SAXIGP2WCLK     n/a            3.000         10.000      7.000      PS8_X0Y0       system_i/ps/inst/PS8_i/SAXIGP2WCLK
Min Period        n/a     RAMB36E2/CLKARDCLK  n/a            1.709         10.000      8.291      RAMB36_X0Y19   system_i/dma/U0/I_PRMRY_DATAMOVER/GEN_MM2S_FULL.I_MM2S_FULL_WRAPPER/GEN_INCLUDE_MM2S_SF.I_RD_SF/I_DATA_FIFO/BLK_MEM.I_SYNC_FIFOGEN_FIFO/xpm_fifo_base_inst/gen_sdpram.xpm_memory_base_inst/gen_wr_a.gen_word_narrow.mem_reg_0/CLKARDCLK
Min Period        n/a     RAMB36E2/CLKBWRCLK  n/a            1.709         10.000      8.291      RAMB36_X0Y19   system_i/dma/U0/I_PRMRY_DATAMOVER/GEN_MM2S_FULL.I_MM2S_FULL_WRAPPER/GEN_INCLUDE_MM2S_SF.I_RD_SF/I_DATA_FIFO/BLK_MEM.I_SYNC_FIFOGEN_FIFO/xpm_fifo_base_inst/gen_sdpram.xpm_memory_base_inst/gen_wr_a.gen_word_narrow.mem_reg_0/CLKBWRCLK
Min Period        n/a     RAMB18E2/CLKARDCLK  n/a            1.709         10.000      8.291      RAMB18_X0Y40   system_i/dma/U0/I_PRMRY_DATAMOVER/GEN_MM2S_FULL.I_MM2S_FULL_WRAPPER/GEN_INCLUDE_MM2S_SF.I_RD_SF/I_DATA_FIFO/BLK_MEM.I_SYNC_FIFOGEN_FIFO/xpm_fifo_base_inst/gen_sdpram.xpm_memory_base_inst/gen_wr_a.gen_word_narrow.mem_reg_1/CLKARDCLK
Min Period        n/a     RAMB18E2/CLKBWRCLK  n/a            1.709         10.000      8.291      RAMB18_X0Y40   system_i/dma/U0/I_PRMRY_DATAMOVER/GEN_MM2S_FULL.I_MM2S_FULL_WRAPPER/GEN_INCLUDE_MM2S_SF.I_RD_SF/I_DATA_FIFO/BLK_MEM.I_SYNC_FIFOGEN_FIFO/xpm_fifo_base_inst/gen_sdpram.xpm_memory_base_inst/gen_wr_a.gen_word_narrow.mem_reg_1/CLKBWRCLK
Min Period        n/a     RAMB36E2/CLKARDCLK  n/a            1.709         10.000      8.291      RAMB36_X0Y17   system_i/dma/U0/I_PRMRY_DATAMOVER/GEN_S2MM_FULL.I_S2MM_FULL_WRAPPER/GEN_ENABLE_INDET_BTT_SF.I_INDET_BTT/I_DATA_FIFO/BLK_MEM.I_SYNC_FIFOGEN_FIFO/xpm_fifo_base_inst/gen_sdpram.xpm_memory_base_inst/gen_wr_a.gen_word_narrow.mem_reg/CLKARDCLK
Min Period        n/a     RAMB36E2/CLKBWRCLK  n/a            1.709         10.000      8.291      RAMB36_X0Y17   system_i/dma/U0/I_PRMRY_DATAMOVER/GEN_S2MM_FULL.I_S2MM_FULL_WRAPPER/GEN_ENABLE_INDET_BTT_SF.I_INDET_BTT/I_DATA_FIFO/BLK_MEM.I_SYNC_FIFOGEN_FIFO/xpm_fifo_base_inst/gen_sdpram.xpm_memory_base_inst/gen_wr_a.gen_word_narrow.mem_reg/CLKBWRCLK
Min Period        n/a     SRL16E/CLK          n/a            1.524         10.000      8.476      SLICE_X13Y126  system_i/control_smc/inst/clk_map/psr_aclk/U0/EXT_LPF/POR_SRL_I/CLK
Min Period        n/a     SRL16E/CLK          n/a            1.524         10.000      8.476      SLICE_X8Y96    system_i/dma/U0/I_PRMRY_DATAMOVER/GEN_MM2S_FULL.I_MM2S_FULL_WRAPPER/I_ADDR_CNTL/GEN_ADDR_FIFO.I_ADDR_QUAL_FIFO/USE_SRL_FIFO.I_SYNC_FIFO/data_reg[3][11]_srl4/CLK
Min Period        n/a     SRL16E/CLK          n/a            1.524         10.000      8.476      SLICE_X8Y96    system_i/dma/U0/I_PRMRY_DATAMOVER/GEN_MM2S_FULL.I_MM2S_FULL_WRAPPER/I_ADDR_CNTL/GEN_ADDR_FIFO.I_ADDR_QUAL_FIFO/USE_SRL_FIFO.I_SYNC_FIFO/data_reg[3][13]_srl4/CLK
Min Period        n/a     SRL16E/CLK          n/a            1.524         10.000      8.476      SLICE_X8Y96    system_i/dma/U0/I_PRMRY_DATAMOVER/GEN_MM2S_FULL.I_MM2S_FULL_WRAPPER/I_ADDR_CNTL/GEN_ADDR_FIFO.I_ADDR_QUAL_FIFO/USE_SRL_FIFO.I_SYNC_FIFO/data_reg[3][14]_srl4/CLK
Min Period        n/a     SRL16E/CLK          n/a            1.524         10.000      8.476      SLICE_X8Y96    system_i/dma/U0/I_PRMRY_DATAMOVER/GEN_MM2S_FULL.I_MM2S_FULL_WRAPPER/I_ADDR_CNTL/GEN_ADDR_FIFO.I_ADDR_QUAL_FIFO/USE_SRL_FIFO.I_SYNC_FIFO/data_reg[3][19]_srl4/CLK
Min Period        n/a     SRL16E/CLK          n/a            1.524         10.000      8.476      SLICE_X8Y96    system_i/dma/U0/I_PRMRY_DATAMOVER/GEN_MM2S_FULL.I_MM2S_FULL_WRAPPER/I_ADDR_CNTL/GEN_ADDR_FIFO.I_ADDR_QUAL_FIFO/USE_SRL_FIFO.I_SYNC_FIFO/data_reg[3][20]_srl4/CLK
Min Period        n/a     SRL16E/CLK          n/a            1.524         10.000      8.476      SLICE_X8Y96    system_i/dma/U0/I_PRMRY_DATAMOVER/GEN_MM2S_FULL.I_MM2S_FULL_WRAPPER/I_ADDR_CNTL/GEN_ADDR_FIFO.I_ADDR_QUAL_FIFO/USE_SRL_FIFO.I_SYNC_FIFO/data_reg[3][21]_srl4/CLK
Min Period        n/a     SRL16E/CLK          n/a            1.524         10.000      8.476      SLICE_X8Y96    system_i/dma/U0/I_PRMRY_DATAMOVER/GEN_MM2S_FULL.I_MM2S_FULL_WRAPPER/I_ADDR_CNTL/GEN_ADDR_FIFO.I_ADDR_QUAL_FIFO/USE_SRL_FIFO.I_SYNC_FIFO/data_reg[3][22]_srl4/CLK
Min Period        n/a     SRL16E/CLK          n/a            1.524         10.000      8.476      SLICE_X8Y96    system_i/dma/U0/I_PRMRY_DATAMOVER/GEN_MM2S_FULL.I_MM2S_FULL_WRAPPER/I_ADDR_CNTL/GEN_ADDR_FIFO.I_ADDR_QUAL_FIFO/USE_SRL_FIFO.I_SYNC_FIFO/data_reg[3][23]_srl4/CLK
Min Period        n/a     SRL16E/CLK          n/a            1.524         10.000      8.476      SLICE_X8Y96    system_i/dma/U0/I_PRMRY_DATAMOVER/GEN_MM2S_FULL.I_MM2S_FULL_WRAPPER/I_ADDR_CNTL/GEN_ADDR_FIFO.I_ADDR_QUAL_FIFO/USE_SRL_FIFO.I_SYNC_FIFO/data_reg[3][24]_srl4/CLK
Min Period        n/a     SRL16E/CLK          n/a            1.524         10.000      8.476      SLICE_X8Y96    system_i/dma/U0/I_PRMRY_DATAMOVER/GEN_MM2S_FULL.I_MM2S_FULL_WRAPPER/I_ADDR_CNTL/GEN_ADDR_FIFO.I_ADDR_QUAL_FIFO/USE_SRL_FIFO.I_SYNC_FIFO/data_reg[3][25]_srl4/CLK
Low Pulse Width   Slow    PS8/MAXIGP0ACLK     n/a            1.500         5.000       3.500      PS8_X0Y0       system_i/ps/inst/PS8_i/MAXIGP0ACLK
Low Pulse Width   Fast    PS8/MAXIGP0ACLK     n/a            1.500         5.000       3.500      PS8_X0Y0       system_i/ps/inst/PS8_i/MAXIGP0ACLK
Low Pulse Width   Slow    PS8/SAXIGP2RCLK     n/a            1.500         5.000       3.500      PS8_X0Y0       system_i/ps/inst/PS8_i/SAXIGP2RCLK
Low Pulse Width   Fast    PS8/SAXIGP2RCLK     n/a            1.500         5.000       3.500      PS8_X0Y0       system_i/ps/inst/PS8_i/SAXIGP2RCLK
Low Pulse Width   Slow    PS8/SAXIGP2WCLK     n/a            1.500         5.000       3.500      PS8_X0Y0       system_i/ps/inst/PS8_i/SAXIGP2WCLK
Low Pulse Width   Fast    PS8/SAXIGP2WCLK     n/a            1.500         5.000       3.500      PS8_X0Y0       system_i/ps/inst/PS8_i/SAXIGP2WCLK
Low Pulse Width   Slow    SRL16E/CLK          n/a            0.762         5.000       4.238      SLICE_X13Y126  system_i/control_smc/inst/clk_map/psr_aclk/U0/EXT_LPF/POR_SRL_I/CLK
Low Pulse Width   Fast    SRL16E/CLK          n/a            0.762         5.000       4.238      SLICE_X13Y126  system_i/control_smc/inst/clk_map/psr_aclk/U0/EXT_LPF/POR_SRL_I/CLK
Low Pulse Width   Slow    SRL16E/CLK          n/a            0.762         5.000       4.238      SLICE_X8Y96    system_i/dma/U0/I_PRMRY_DATAMOVER/GEN_MM2S_FULL.I_MM2S_FULL_WRAPPER/I_ADDR_CNTL/GEN_ADDR_FIFO.I_ADDR_QUAL_FIFO/USE_SRL_FIFO.I_SYNC_FIFO/data_reg[3][11]_srl4/CLK
Low Pulse Width   Fast    SRL16E/CLK          n/a            0.762         5.000       4.238      SLICE_X8Y96    system_i/dma/U0/I_PRMRY_DATAMOVER/GEN_MM2S_FULL.I_MM2S_FULL_WRAPPER/I_ADDR_CNTL/GEN_ADDR_FIFO.I_ADDR_QUAL_FIFO/USE_SRL_FIFO.I_SYNC_FIFO/data_reg[3][11]_srl4/CLK
Low Pulse Width   Slow    SRL16E/CLK          n/a            0.762         5.000       4.238      SLICE_X8Y96    system_i/dma/U0/I_PRMRY_DATAMOVER/GEN_MM2S_FULL.I_MM2S_FULL_WRAPPER/I_ADDR_CNTL/GEN_ADDR_FIFO.I_ADDR_QUAL_FIFO/USE_SRL_FIFO.I_SYNC_FIFO/data_reg[3][13]_srl4/CLK
Low Pulse Width   Fast    SRL16E/CLK          n/a            0.762         5.000       4.238      SLICE_X8Y96    system_i/dma/U0/I_PRMRY_DATAMOVER/GEN_MM2S_FULL.I_MM2S_FULL_WRAPPER/I_ADDR_CNTL/GEN_ADDR_FIFO.I_ADDR_QUAL_FIFO/USE_SRL_FIFO.I_SYNC_FIFO/data_reg[3][13]_srl4/CLK
Low Pulse Width   Slow    SRL16E/CLK          n/a            0.762         5.000       4.238      SLICE_X8Y96    system_i/dma/U0/I_PRMRY_DATAMOVER/GEN_MM2S_FULL.I_MM2S_FULL_WRAPPER/I_ADDR_CNTL/GEN_ADDR_FIFO.I_ADDR_QUAL_FIFO/USE_SRL_FIFO.I_SYNC_FIFO/data_reg[3][14]_srl4/CLK
Low Pulse Width   Fast    SRL16E/CLK          n/a            0.762         5.000       4.238      SLICE_X8Y96    system_i/dma/U0/I_PRMRY_DATAMOVER/GEN_MM2S_FULL.I_MM2S_FULL_WRAPPER/I_ADDR_CNTL/GEN_ADDR_FIFO.I_ADDR_QUAL_FIFO/USE_SRL_FIFO.I_SYNC_FIFO/data_reg[3][14]_srl4/CLK
Low Pulse Width   Slow    SRL16E/CLK          n/a            0.762         5.000       4.238      SLICE_X8Y96    system_i/dma/U0/I_PRMRY_DATAMOVER/GEN_MM2S_FULL.I_MM2S_FULL_WRAPPER/I_ADDR_CNTL/GEN_ADDR_FIFO.I_ADDR_QUAL_FIFO/USE_SRL_FIFO.I_SYNC_FIFO/data_reg[3][19]_srl4/CLK
Low Pulse Width   Fast    SRL16E/CLK          n/a            0.762         5.000       4.238      SLICE_X8Y96    system_i/dma/U0/I_PRMRY_DATAMOVER/GEN_MM2S_FULL.I_MM2S_FULL_WRAPPER/I_ADDR_CNTL/GEN_ADDR_FIFO.I_ADDR_QUAL_FIFO/USE_SRL_FIFO.I_SYNC_FIFO/data_reg[3][19]_srl4/CLK
Low Pulse Width   Slow    SRL16E/CLK          n/a            0.762         5.000       4.238      SLICE_X8Y96    system_i/dma/U0/I_PRMRY_DATAMOVER/GEN_MM2S_FULL.I_MM2S_FULL_WRAPPER/I_ADDR_CNTL/GEN_ADDR_FIFO.I_ADDR_QUAL_FIFO/USE_SRL_FIFO.I_SYNC_FIFO/data_reg[3][20]_srl4/CLK
Low Pulse Width   Fast    SRL16E/CLK          n/a            0.762         5.000       4.238      SLICE_X8Y96    system_i/dma/U0/I_PRMRY_DATAMOVER/GEN_MM2S_FULL.I_MM2S_FULL_WRAPPER/I_ADDR_CNTL/GEN_ADDR_FIFO.I_ADDR_QUAL_FIFO/USE_SRL_FIFO.I_SYNC_FIFO/data_reg[3][20]_srl4/CLK
Low Pulse Width   Slow    SRL16E/CLK          n/a            0.762         5.000       4.238      SLICE_X8Y96    system_i/dma/U0/I_PRMRY_DATAMOVER/GEN_MM2S_FULL.I_MM2S_FULL_WRAPPER/I_ADDR_CNTL/GEN_ADDR_FIFO.I_ADDR_QUAL_FIFO/USE_SRL_FIFO.I_SYNC_FIFO/data_reg[3][21]_srl4/CLK
Low Pulse Width   Fast    SRL16E/CLK          n/a            0.762         5.000       4.238      SLICE_X8Y96    system_i/dma/U0/I_PRMRY_DATAMOVER/GEN_MM2S_FULL.I_MM2S_FULL_WRAPPER/I_ADDR_CNTL/GEN_ADDR_FIFO.I_ADDR_QUAL_FIFO/USE_SRL_FIFO.I_SYNC_FIFO/data_reg[3][21]_srl4/CLK
High Pulse Width  Slow    PS8/MAXIGP0ACLK     n/a            1.500         5.000       3.500      PS8_X0Y0       system_i/ps/inst/PS8_i/MAXIGP0ACLK
High Pulse Width  Fast    PS8/MAXIGP0ACLK     n/a            1.500         5.000       3.500      PS8_X0Y0       system_i/ps/inst/PS8_i/MAXIGP0ACLK
High Pulse Width  Slow    PS8/SAXIGP2RCLK     n/a            1.500         5.000       3.500      PS8_X0Y0       system_i/ps/inst/PS8_i/SAXIGP2RCLK
High Pulse Width  Fast    PS8/SAXIGP2RCLK     n/a            1.500         5.000       3.500      PS8_X0Y0       system_i/ps/inst/PS8_i/SAXIGP2RCLK
High Pulse Width  Slow    PS8/SAXIGP2WCLK     n/a            1.500         5.000       3.500      PS8_X0Y0       system_i/ps/inst/PS8_i/SAXIGP2WCLK
High Pulse Width  Fast    PS8/SAXIGP2WCLK     n/a            1.500         5.000       3.500      PS8_X0Y0       system_i/ps/inst/PS8_i/SAXIGP2WCLK
High Pulse Width  Slow    SRL16E/CLK          n/a            0.762         5.000       4.238      SLICE_X13Y126  system_i/control_smc/inst/clk_map/psr_aclk/U0/EXT_LPF/POR_SRL_I/CLK
High Pulse Width  Fast    SRL16E/CLK          n/a            0.762         5.000       4.238      SLICE_X13Y126  system_i/control_smc/inst/clk_map/psr_aclk/U0/EXT_LPF/POR_SRL_I/CLK
High Pulse Width  Slow    SRL16E/CLK          n/a            0.762         5.000       4.238      SLICE_X8Y96    system_i/dma/U0/I_PRMRY_DATAMOVER/GEN_MM2S_FULL.I_MM2S_FULL_WRAPPER/I_ADDR_CNTL/GEN_ADDR_FIFO.I_ADDR_QUAL_FIFO/USE_SRL_FIFO.I_SYNC_FIFO/data_reg[3][11]_srl4/CLK
High Pulse Width  Fast    SRL16E/CLK          n/a            0.762         5.000       4.238      SLICE_X8Y96    system_i/dma/U0/I_PRMRY_DATAMOVER/GEN_MM2S_FULL.I_MM2S_FULL_WRAPPER/I_ADDR_CNTL/GEN_ADDR_FIFO.I_ADDR_QUAL_FIFO/USE_SRL_FIFO.I_SYNC_FIFO/data_reg[3][11]_srl4/CLK
High Pulse Width  Slow    SRL16E/CLK          n/a            0.762         5.000       4.238      SLICE_X8Y96    system_i/dma/U0/I_PRMRY_DATAMOVER/GEN_MM2S_FULL.I_MM2S_FULL_WRAPPER/I_ADDR_CNTL/GEN_ADDR_FIFO.I_ADDR_QUAL_FIFO/USE_SRL_FIFO.I_SYNC_FIFO/data_reg[3][13]_srl4/CLK
High Pulse Width  Fast    SRL16E/CLK          n/a            0.762         5.000       4.238      SLICE_X8Y96    system_i/dma/U0/I_PRMRY_DATAMOVER/GEN_MM2S_FULL.I_MM2S_FULL_WRAPPER/I_ADDR_CNTL/GEN_ADDR_FIFO.I_ADDR_QUAL_FIFO/USE_SRL_FIFO.I_SYNC_FIFO/data_reg[3][13]_srl4/CLK
High Pulse Width  Slow    SRL16E/CLK          n/a            0.762         5.000       4.238      SLICE_X8Y96    system_i/dma/U0/I_PRMRY_DATAMOVER/GEN_MM2S_FULL.I_MM2S_FULL_WRAPPER/I_ADDR_CNTL/GEN_ADDR_FIFO.I_ADDR_QUAL_FIFO/USE_SRL_FIFO.I_SYNC_FIFO/data_reg[3][14]_srl4/CLK
High Pulse Width  Fast    SRL16E/CLK          n/a            0.762         5.000       4.238      SLICE_X8Y96    system_i/dma/U0/I_PRMRY_DATAMOVER/GEN_MM2S_FULL.I_MM2S_FULL_WRAPPER/I_ADDR_CNTL/GEN_ADDR_FIFO.I_ADDR_QUAL_FIFO/USE_SRL_FIFO.I_SYNC_FIFO/data_reg[3][14]_srl4/CLK
High Pulse Width  Slow    SRL16E/CLK          n/a            0.762         5.000       4.238      SLICE_X8Y96    system_i/dma/U0/I_PRMRY_DATAMOVER/GEN_MM2S_FULL.I_MM2S_FULL_WRAPPER/I_ADDR_CNTL/GEN_ADDR_FIFO.I_ADDR_QUAL_FIFO/USE_SRL_FIFO.I_SYNC_FIFO/data_reg[3][19]_srl4/CLK
High Pulse Width  Fast    SRL16E/CLK          n/a            0.762         5.000       4.238      SLICE_X8Y96    system_i/dma/U0/I_PRMRY_DATAMOVER/GEN_MM2S_FULL.I_MM2S_FULL_WRAPPER/I_ADDR_CNTL/GEN_ADDR_FIFO.I_ADDR_QUAL_FIFO/USE_SRL_FIFO.I_SYNC_FIFO/data_reg[3][19]_srl4/CLK
High Pulse Width  Slow    SRL16E/CLK          n/a            0.762         5.000       4.238      SLICE_X8Y96    system_i/dma/U0/I_PRMRY_DATAMOVER/GEN_MM2S_FULL.I_MM2S_FULL_WRAPPER/I_ADDR_CNTL/GEN_ADDR_FIFO.I_ADDR_QUAL_FIFO/USE_SRL_FIFO.I_SYNC_FIFO/data_reg[3][20]_srl4/CLK
High Pulse Width  Fast    SRL16E/CLK          n/a            0.762         5.000       4.238      SLICE_X8Y96    system_i/dma/U0/I_PRMRY_DATAMOVER/GEN_MM2S_FULL.I_MM2S_FULL_WRAPPER/I_ADDR_CNTL/GEN_ADDR_FIFO.I_ADDR_QUAL_FIFO/USE_SRL_FIFO.I_SYNC_FIFO/data_reg[3][20]_srl4/CLK
High Pulse Width  Slow    SRL16E/CLK          n/a            0.762         5.000       4.238      SLICE_X8Y96    system_i/dma/U0/I_PRMRY_DATAMOVER/GEN_MM2S_FULL.I_MM2S_FULL_WRAPPER/I_ADDR_CNTL/GEN_ADDR_FIFO.I_ADDR_QUAL_FIFO/USE_SRL_FIFO.I_SYNC_FIFO/data_reg[3][21]_srl4/CLK
High Pulse Width  Fast    SRL16E/CLK          n/a            0.762         5.000       4.238      SLICE_X8Y96    system_i/dma/U0/I_PRMRY_DATAMOVER/GEN_MM2S_FULL.I_MM2S_FULL_WRAPPER/I_ADDR_CNTL/GEN_ADDR_FIFO.I_ADDR_QUAL_FIFO/USE_SRL_FIFO.I_SYNC_FIFO/data_reg[3][21]_srl4/CLK



--------------------------------------------------------------------------------------
Path Group:  (none)
From Clock:
  To Clock:  clk_pl_0

Max Delay             1 Endpoint
Min Delay             1 Endpoint
--------------------------------------------------------------------------------------


Max Delay Paths
--------------------------------------------------------------------------------------
Slack:                    inf
  Source:                 system_i/ps/inst/PS8_i/EMIOGPIOO[95]
                            (internal pin)
  Destination:            system_i/reset_100m/U0/EXT_LPF/ACTIVE_LOW_EXT.ACT_LO_EXT/syncstages_ff_reg[0]/D
                            (rising edge-triggered cell FDRE clocked by clk_pl_0  {rise@0.000ns fall@5.000ns period=10.000ns})
  Path Group:             (none)
  Path Type:              Setup (Max at Slow Process Corner)
  Data Path Delay:        2.083ns  (logic 0.137ns (6.577%)  route 1.946ns (93.423%))
  Logic Levels:           1  (LUT1=1)
  Clock Uncertainty:      0.158ns  ((TSJ^2 + DJ^2)^1/2) / 2 + PE
    Total System Jitter     (TSJ):    0.050ns
    Discrete Jitter          (DJ):    0.312ns
    Phase Error              (PE):    0.000ns
  Clock Net Delay (Destination): 1.961ns (routing 0.955ns, distribution 1.006ns)
  Timing Exception:       False Path

    Location             Delay type                Incr(ns)  Path(ns)    Netlist Resource(s)
  -------------------------------------------------------------------    -------------------
    PS8_X0Y0             PS8                          0.000     0.000 f  system_i/ps/inst/PS8_i/EMIOGPIOO[95]
                         net (fo=1, routed)           1.737     1.737    system_i/reset_100m/U0/EXT_LPF/ext_reset_in
    SLICE_X14Y130        LUT1 (Prop_H6LUT_SLICEL_I0_O)
                                                      0.137     1.874 r  system_i/reset_100m/U0/EXT_LPF/ACTIVE_LOW_EXT.ACT_LO_EXT_i_1/O
                         net (fo=1, routed)           0.209     2.083    system_i/reset_100m/U0/EXT_LPF/ACTIVE_LOW_EXT.ACT_LO_EXT/src_in
    SLICE_X14Y130        FDRE                                         r  system_i/reset_100m/U0/EXT_LPF/ACTIVE_LOW_EXT.ACT_LO_EXT/syncstages_ff_reg[0]/D
  -------------------------------------------------------------------    -------------------

                         (clock clk_pl_0 rise edge)
                                                      0.000     0.000 r
    PS8_X0Y0             PS8                          0.000     0.000 r  system_i/ps/inst/PS8_i/PLCLK[0]
                         net (fo=1, routed)           0.181     0.181    system_i/ps/inst/pl_clk_unbuffered[0]
    BUFG_PS_X0Y80        BUFG_PS (Prop_BUFG_PS_I_O)
                                                      0.035     0.216 r  system_i/ps/inst/buffer_pl_clk_0.PL_CLK_0_BUFG/O
    X0Y1 (CLOCK_ROOT)    net (fo=8705, routed)        1.961     2.177    system_i/reset_100m/U0/EXT_LPF/ACTIVE_LOW_EXT.ACT_LO_EXT/dest_clk
    SLICE_X14Y130        FDRE                                         r  system_i/reset_100m/U0/EXT_LPF/ACTIVE_LOW_EXT.ACT_LO_EXT/syncstages_ff_reg[0]/C





Min Delay Paths
--------------------------------------------------------------------------------------
Slack:                    inf
  Source:                 system_i/ps/inst/PS8_i/EMIOGPIOO[95]
                            (internal pin)
  Destination:            system_i/reset_100m/U0/EXT_LPF/ACTIVE_LOW_EXT.ACT_LO_EXT/syncstages_ff_reg[0]/D
                            (rising edge-triggered cell FDRE clocked by clk_pl_0  {rise@0.000ns fall@5.000ns period=10.000ns})
  Path Group:             (none)
  Path Type:              Hold (Min at Fast Process Corner)
  Data Path Delay:        0.839ns  (logic 0.068ns (8.105%)  route 0.771ns (91.895%))
  Logic Levels:           1  (LUT1=1)
  Clock Uncertainty:      0.158ns  ((TSJ^2 + DJ^2)^1/2) / 2 + PE
    Total System Jitter     (TSJ):    0.050ns
    Discrete Jitter          (DJ):    0.312ns
    Phase Error              (PE):    0.000ns
  Clock Net Delay (Destination): 1.301ns (routing 0.623ns, distribution 0.678ns)
  Timing Exception:       False Path

    Location             Delay type                Incr(ns)  Path(ns)    Netlist Resource(s)
  -------------------------------------------------------------------    -------------------
    PS8_X0Y0             PS8                          0.000     0.000 f  system_i/ps/inst/PS8_i/EMIOGPIOO[95]
                         net (fo=1, routed)           0.717     0.717    system_i/reset_100m/U0/EXT_LPF/ext_reset_in
    SLICE_X14Y130        LUT1 (Prop_H6LUT_SLICEL_I0_O)
                                                      0.068     0.785 r  system_i/reset_100m/U0/EXT_LPF/ACTIVE_LOW_EXT.ACT_LO_EXT_i_1/O
                         net (fo=1, routed)           0.054     0.839    system_i/reset_100m/U0/EXT_LPF/ACTIVE_LOW_EXT.ACT_LO_EXT/src_in
    SLICE_X14Y130        FDRE                                         r  system_i/reset_100m/U0/EXT_LPF/ACTIVE_LOW_EXT.ACT_LO_EXT/syncstages_ff_reg[0]/D
  -------------------------------------------------------------------    -------------------

                         (clock clk_pl_0 rise edge)
                                                      0.000     0.000 r
    PS8_X0Y0             PS8                          0.000     0.000 r  system_i/ps/inst/PS8_i/PLCLK[0]
                         net (fo=1, routed)           0.164     0.164    system_i/ps/inst/pl_clk_unbuffered[0]
    BUFG_PS_X0Y80        BUFG_PS (Prop_BUFG_PS_I_O)
                                                      0.023     0.187 r  system_i/ps/inst/buffer_pl_clk_0.PL_CLK_0_BUFG/O
    X0Y1 (CLOCK_ROOT)    net (fo=8705, routed)        1.301     1.488    system_i/reset_100m/U0/EXT_LPF/ACTIVE_LOW_EXT.ACT_LO_EXT/dest_clk
    SLICE_X14Y130        FDRE                                         r  system_i/reset_100m/U0/EXT_LPF/ACTIVE_LOW_EXT.ACT_LO_EXT/syncstages_ff_reg[0]/C





--------------------------------------------------------------------------------------
Path Group:  (none)
From Clock:  clk_pl_0
  To Clock:  clk_pl_0

Max Delay           124 Endpoints
Min Delay           124 Endpoints
--------------------------------------------------------------------------------------


Max Delay Paths
--------------------------------------------------------------------------------------
Slack:                    inf
  Source:                 system_i/reset_100m/U0/ACTIVE_LOW_PR_OUT_DFF[0].FDRE_PER_N/C
                            (rising edge-triggered cell FDRE clocked by clk_pl_0  {rise@0.000ns fall@5.000ns period=10.000ns})
  Destination:            system_i/memory_smc/inst/clk_map/psr_aclk/U0/EXT_LPF/ACTIVE_LOW_AUX.ACT_LO_AUX/syncstages_ff_reg[0]/D
                            (rising edge-triggered cell FDRE clocked by clk_pl_0  {rise@0.000ns fall@5.000ns period=10.000ns})
  Path Group:             (none)
  Path Type:              Setup (Max at Slow Process Corner)
  Data Path Delay:        2.602ns  (logic 0.302ns (11.607%)  route 2.300ns (88.393%))
  Logic Levels:           1  (LUT1=1)
  Clock Path Skew:        -0.328ns (DCD - SCD + CPR)
    Destination Clock Delay (DCD):    2.129ns
    Source Clock Delay      (SCD):    2.457ns
    Clock Pessimism Removal (CPR):    0.000ns
  Clock Uncertainty:      0.160ns  ((TSJ^2 + DJ^2)^1/2) / 2 + PE
    Total System Jitter     (TSJ):    0.071ns
    Discrete Jitter          (DJ):    0.312ns
    Phase Error              (PE):    0.000ns
  Clock Net Delay (Source):      2.190ns (routing 1.045ns, distribution 1.145ns)
  Clock Net Delay (Destination): 1.913ns (routing 0.955ns, distribution 0.958ns)
  Timing Exception:       False Path

    Location             Delay type                Incr(ns)  Path(ns)    Netlist Resource(s)
  -------------------------------------------------------------------    -------------------
                         (clock clk_pl_0 rise edge)
                                                      0.000     0.000 r
    PS8_X0Y0             PS8                          0.000     0.000 r  system_i/ps/inst/PS8_i/PLCLK[0]
                         net (fo=1, routed)           0.229     0.229    system_i/ps/inst/pl_clk_unbuffered[0]
    BUFG_PS_X0Y80        BUFG_PS (Prop_BUFG_PS_I_O)
                                                      0.038     0.267 r  system_i/ps/inst/buffer_pl_clk_0.PL_CLK_0_BUFG/O
    X0Y1 (CLOCK_ROOT)    net (fo=8705, routed)        2.190     2.457    system_i/reset_100m/U0/slowest_sync_clk
    SLICE_X14Y125        FDRE                                         r  system_i/reset_100m/U0/ACTIVE_LOW_PR_OUT_DFF[0].FDRE_PER_N/C
  -------------------------------------------------------------------    -------------------
    SLICE_X14Y125        FDRE (Prop_AFF_SLICEL_C_Q)
                                                      0.114     2.571 f  system_i/reset_100m/U0/ACTIVE_LOW_PR_OUT_DFF[0].FDRE_PER_N/Q
                         net (fo=790, routed)         1.829     4.400    system_i/memory_smc/inst/clk_map/psr_aclk/U0/EXT_LPF/aresetn
    SLICE_X14Y93         LUT1 (Prop_A6LUT_SLICEL_I0_O)
                                                      0.188     4.588 r  system_i/memory_smc/inst/clk_map/psr_aclk/U0/EXT_LPF/ACTIVE_LOW_AUX.ACT_LO_AUX_i_1/O
                         net (fo=1, routed)           0.471     5.059    system_i/memory_smc/inst/clk_map/psr_aclk/U0/EXT_LPF/ACTIVE_LOW_AUX.ACT_LO_AUX/src_in
    SLICE_X14Y90         FDRE                                         r  system_i/memory_smc/inst/clk_map/psr_aclk/U0/EXT_LPF/ACTIVE_LOW_AUX.ACT_LO_AUX/syncstages_ff_reg[0]/D
  -------------------------------------------------------------------    -------------------

                         (clock clk_pl_0 rise edge)
                                                      0.000     0.000 r
    PS8_X0Y0             PS8                          0.000     0.000 r  system_i/ps/inst/PS8_i/PLCLK[0]
                         net (fo=1, routed)           0.181     0.181    system_i/ps/inst/pl_clk_unbuffered[0]
    BUFG_PS_X0Y80        BUFG_PS (Prop_BUFG_PS_I_O)
                                                      0.035     0.216 r  system_i/ps/inst/buffer_pl_clk_0.PL_CLK_0_BUFG/O
    X0Y1 (CLOCK_ROOT)    net (fo=8705, routed)        1.913     2.129    system_i/memory_smc/inst/clk_map/psr_aclk/U0/EXT_LPF/ACTIVE_LOW_AUX.ACT_LO_AUX/dest_clk
    SLICE_X14Y90         FDRE                                         r  system_i/memory_smc/inst/clk_map/psr_aclk/U0/EXT_LPF/ACTIVE_LOW_AUX.ACT_LO_AUX/syncstages_ff_reg[0]/C

Slack:                    inf
  Source:                 system_i/reset_100m/U0/ACTIVE_LOW_PR_OUT_DFF[0].FDRE_PER_N/C
                            (rising edge-triggered cell FDRE clocked by clk_pl_0  {rise@0.000ns fall@5.000ns period=10.000ns})
  Destination:            system_i/dma/U0/I_RST_MODULE/REG_HRD_RST/syncstages_ff_reg[0]/D
                            (rising edge-triggered cell FDRE clocked by clk_pl_0  {rise@0.000ns fall@5.000ns period=10.000ns})
  Path Group:             (none)
  Path Type:              Setup (Max at Slow Process Corner)
  Data Path Delay:        1.995ns  (logic 0.114ns (5.715%)  route 1.881ns (94.285%))
  Logic Levels:           0
  Clock Path Skew:        -0.348ns (DCD - SCD + CPR)
    Destination Clock Delay (DCD):    2.109ns
    Source Clock Delay      (SCD):    2.457ns
    Clock Pessimism Removal (CPR):    0.000ns
  Clock Uncertainty:      0.160ns  ((TSJ^2 + DJ^2)^1/2) / 2 + PE
    Total System Jitter     (TSJ):    0.071ns
    Discrete Jitter          (DJ):    0.312ns
    Phase Error              (PE):    0.000ns
  Clock Net Delay (Source):      2.190ns (routing 1.045ns, distribution 1.145ns)
  Clock Net Delay (Destination): 1.893ns (routing 0.955ns, distribution 0.938ns)
  Timing Exception:       False Path

    Location             Delay type                Incr(ns)  Path(ns)    Netlist Resource(s)
  -------------------------------------------------------------------    -------------------
                         (clock clk_pl_0 rise edge)
                                                      0.000     0.000 r
    PS8_X0Y0             PS8                          0.000     0.000 r  system_i/ps/inst/PS8_i/PLCLK[0]
                         net (fo=1, routed)           0.229     0.229    system_i/ps/inst/pl_clk_unbuffered[0]
    BUFG_PS_X0Y80        BUFG_PS (Prop_BUFG_PS_I_O)
                                                      0.038     0.267 r  system_i/ps/inst/buffer_pl_clk_0.PL_CLK_0_BUFG/O
    X0Y1 (CLOCK_ROOT)    net (fo=8705, routed)        2.190     2.457    system_i/reset_100m/U0/slowest_sync_clk
    SLICE_X14Y125        FDRE                                         r  system_i/reset_100m/U0/ACTIVE_LOW_PR_OUT_DFF[0].FDRE_PER_N/C
  -------------------------------------------------------------------    -------------------
    SLICE_X14Y125        FDRE (Prop_AFF_SLICEL_C_Q)
                                                      0.114     2.571 r  system_i/reset_100m/U0/ACTIVE_LOW_PR_OUT_DFF[0].FDRE_PER_N/Q
                         net (fo=790, routed)         1.881     4.452    system_i/dma/U0/I_RST_MODULE/REG_HRD_RST/src_rst
    SLICE_X10Y116        FDRE                                         r  system_i/dma/U0/I_RST_MODULE/REG_HRD_RST/syncstages_ff_reg[0]/D
  -------------------------------------------------------------------    -------------------

                         (clock clk_pl_0 rise edge)
                                                      0.000     0.000 r
    PS8_X0Y0             PS8                          0.000     0.000 r  system_i/ps/inst/PS8_i/PLCLK[0]
                         net (fo=1, routed)           0.181     0.181    system_i/ps/inst/pl_clk_unbuffered[0]
    BUFG_PS_X0Y80        BUFG_PS (Prop_BUFG_PS_I_O)
                                                      0.035     0.216 r  system_i/ps/inst/buffer_pl_clk_0.PL_CLK_0_BUFG/O
    X0Y1 (CLOCK_ROOT)    net (fo=8705, routed)        1.893     2.109    system_i/dma/U0/I_RST_MODULE/REG_HRD_RST/dest_clk
    SLICE_X10Y116        FDRE                                         r  system_i/dma/U0/I_RST_MODULE/REG_HRD_RST/syncstages_ff_reg[0]/C

Slack:                    inf
  Source:                 system_i/control_smc/inst/clk_map/psr_aclk/U0/ACTIVE_LOW_BSR_OUT_DFF[0].FDRE_BSR_N/C
                            (rising edge-triggered cell FDRE clocked by clk_pl_0  {rise@0.000ns fall@5.000ns period=10.000ns})
  Destination:            system_i/control_smc/inst/s00_nodes/s00_aw_node/inst/s_sc_xpm_cdc_async_rst_inst/arststages_ff_reg[0]/CLR
                            (recovery check against rising-edge clock clk_pl_0  {rise@0.000ns fall@5.000ns period=10.000ns})
  Path Group:             (none)
  Path Type:              Recovery (Max at Slow Process Corner)
  Data Path Delay:        1.540ns  (logic 0.116ns (7.533%)  route 1.424ns (92.467%))
  Logic Levels:           0
  Clock Path Skew:        -0.375ns (DCD - SCD + CPR)
    Destination Clock Delay (DCD):    2.089ns
    Source Clock Delay      (SCD):    2.464ns
    Clock Pessimism Removal (CPR):    0.000ns
  Clock Uncertainty:      0.160ns  ((TSJ^2 + DJ^2)^1/2) / 2 + PE
    Total System Jitter     (TSJ):    0.071ns
    Discrete Jitter          (DJ):    0.312ns
    Phase Error              (PE):    0.000ns
  Clock Net Delay (Source):      2.197ns (routing 1.045ns, distribution 1.152ns)
  Clock Net Delay (Destination): 1.873ns (routing 0.955ns, distribution 0.918ns)
  Timing Exception:       False Path

    Location             Delay type                Incr(ns)  Path(ns)    Netlist Resource(s)
  -------------------------------------------------------------------    -------------------
                         (clock clk_pl_0 rise edge)
                                                      0.000     0.000 r
    PS8_X0Y0             PS8                          0.000     0.000 r  system_i/ps/inst/PS8_i/PLCLK[0]
                         net (fo=1, routed)           0.229     0.229    system_i/ps/inst/pl_clk_unbuffered[0]
    BUFG_PS_X0Y80        BUFG_PS (Prop_BUFG_PS_I_O)
                                                      0.038     0.267 r  system_i/ps/inst/buffer_pl_clk_0.PL_CLK_0_BUFG/O
    X0Y1 (CLOCK_ROOT)    net (fo=8705, routed)        2.197     2.464    system_i/control_smc/inst/clk_map/psr_aclk/U0/aclk
    SLICE_X12Y128        FDRE                                         r  system_i/control_smc/inst/clk_map/psr_aclk/U0/ACTIVE_LOW_BSR_OUT_DFF[0].FDRE_BSR_N/C
  -------------------------------------------------------------------    -------------------
    SLICE_X12Y128        FDRE (Prop_DFF_SLICEM_C_Q)
                                                      0.116     2.580 r  system_i/control_smc/inst/clk_map/psr_aclk/U0/ACTIVE_LOW_BSR_OUT_DFF[0].FDRE_BSR_N/Q
                         net (fo=75, routed)          1.424     4.004    system_i/control_smc/inst/s00_nodes/s00_aw_node/inst/s_sc_xpm_cdc_async_rst_inst/src_arst
    SLICE_X4Y105         FDCE                                         f  system_i/control_smc/inst/s00_nodes/s00_aw_node/inst/s_sc_xpm_cdc_async_rst_inst/arststages_ff_reg[0]/CLR  (IS_INVERTED)
  -------------------------------------------------------------------    -------------------

                         (clock clk_pl_0 rise edge)
                                                      0.000     0.000 r
    PS8_X0Y0             PS8                          0.000     0.000 r  system_i/ps/inst/PS8_i/PLCLK[0]
                         net (fo=1, routed)           0.181     0.181    system_i/ps/inst/pl_clk_unbuffered[0]
    BUFG_PS_X0Y80        BUFG_PS (Prop_BUFG_PS_I_O)
                                                      0.035     0.216 r  system_i/ps/inst/buffer_pl_clk_0.PL_CLK_0_BUFG/O
    X0Y1 (CLOCK_ROOT)    net (fo=8705, routed)        1.873     2.089    system_i/control_smc/inst/s00_nodes/s00_aw_node/inst/s_sc_xpm_cdc_async_rst_inst/dest_clk
    SLICE_X4Y105         FDCE                                         r  system_i/control_smc/inst/s00_nodes/s00_aw_node/inst/s_sc_xpm_cdc_async_rst_inst/arststages_ff_reg[0]/C

Slack:                    inf
  Source:                 system_i/control_smc/inst/clk_map/psr_aclk/U0/ACTIVE_LOW_BSR_OUT_DFF[0].FDRE_BSR_N/C
                            (rising edge-triggered cell FDRE clocked by clk_pl_0  {rise@0.000ns fall@5.000ns period=10.000ns})
  Destination:            system_i/control_smc/inst/s00_nodes/s00_aw_node/inst/s_sc_xpm_cdc_async_rst_inst/arststages_ff_reg[1]/CLR
                            (recovery check against rising-edge clock clk_pl_0  {rise@0.000ns fall@5.000ns period=10.000ns})
  Path Group:             (none)
  Path Type:              Recovery (Max at Slow Process Corner)
  Data Path Delay:        1.540ns  (logic 0.116ns (7.533%)  route 1.424ns (92.467%))
  Logic Levels:           0
  Clock Path Skew:        -0.375ns (DCD - SCD + CPR)
    Destination Clock Delay (DCD):    2.089ns
    Source Clock Delay      (SCD):    2.464ns
    Clock Pessimism Removal (CPR):    0.000ns
  Clock Uncertainty:      0.160ns  ((TSJ^2 + DJ^2)^1/2) / 2 + PE
    Total System Jitter     (TSJ):    0.071ns
    Discrete Jitter          (DJ):    0.312ns
    Phase Error              (PE):    0.000ns
  Clock Net Delay (Source):      2.197ns (routing 1.045ns, distribution 1.152ns)
  Clock Net Delay (Destination): 1.873ns (routing 0.955ns, distribution 0.918ns)
  Timing Exception:       False Path

    Location             Delay type                Incr(ns)  Path(ns)    Netlist Resource(s)
  -------------------------------------------------------------------    -------------------
                         (clock clk_pl_0 rise edge)
                                                      0.000     0.000 r
    PS8_X0Y0             PS8                          0.000     0.000 r  system_i/ps/inst/PS8_i/PLCLK[0]
                         net (fo=1, routed)           0.229     0.229    system_i/ps/inst/pl_clk_unbuffered[0]
    BUFG_PS_X0Y80        BUFG_PS (Prop_BUFG_PS_I_O)
                                                      0.038     0.267 r  system_i/ps/inst/buffer_pl_clk_0.PL_CLK_0_BUFG/O
    X0Y1 (CLOCK_ROOT)    net (fo=8705, routed)        2.197     2.464    system_i/control_smc/inst/clk_map/psr_aclk/U0/aclk
    SLICE_X12Y128        FDRE                                         r  system_i/control_smc/inst/clk_map/psr_aclk/U0/ACTIVE_LOW_BSR_OUT_DFF[0].FDRE_BSR_N/C
  -------------------------------------------------------------------    -------------------
    SLICE_X12Y128        FDRE (Prop_DFF_SLICEM_C_Q)
                                                      0.116     2.580 r  system_i/control_smc/inst/clk_map/psr_aclk/U0/ACTIVE_LOW_BSR_OUT_DFF[0].FDRE_BSR_N/Q
                         net (fo=75, routed)          1.424     4.004    system_i/control_smc/inst/s00_nodes/s00_aw_node/inst/s_sc_xpm_cdc_async_rst_inst/src_arst
    SLICE_X4Y105         FDCE                                         f  system_i/control_smc/inst/s00_nodes/s00_aw_node/inst/s_sc_xpm_cdc_async_rst_inst/arststages_ff_reg[1]/CLR  (IS_INVERTED)
  -------------------------------------------------------------------    -------------------

                         (clock clk_pl_0 rise edge)
                                                      0.000     0.000 r
    PS8_X0Y0             PS8                          0.000     0.000 r  system_i/ps/inst/PS8_i/PLCLK[0]
                         net (fo=1, routed)           0.181     0.181    system_i/ps/inst/pl_clk_unbuffered[0]
    BUFG_PS_X0Y80        BUFG_PS (Prop_BUFG_PS_I_O)
                                                      0.035     0.216 r  system_i/ps/inst/buffer_pl_clk_0.PL_CLK_0_BUFG/O
    X0Y1 (CLOCK_ROOT)    net (fo=8705, routed)        1.873     2.089    system_i/control_smc/inst/s00_nodes/s00_aw_node/inst/s_sc_xpm_cdc_async_rst_inst/dest_clk
    SLICE_X4Y105         FDCE                                         r  system_i/control_smc/inst/s00_nodes/s00_aw_node/inst/s_sc_xpm_cdc_async_rst_inst/arststages_ff_reg[1]/C

Slack:                    inf
  Source:                 system_i/control_smc/inst/clk_map/psr_aclk/U0/ACTIVE_LOW_BSR_OUT_DFF[0].FDRE_BSR_N/C
                            (rising edge-triggered cell FDRE clocked by clk_pl_0  {rise@0.000ns fall@5.000ns period=10.000ns})
  Destination:            system_i/control_smc/inst/s00_nodes/s00_aw_node/inst/s_sc_xpm_cdc_async_rst_inst/arststages_ff_reg[2]/CLR
                            (recovery check against rising-edge clock clk_pl_0  {rise@0.000ns fall@5.000ns period=10.000ns})
  Path Group:             (none)
  Path Type:              Recovery (Max at Slow Process Corner)
  Data Path Delay:        1.540ns  (logic 0.116ns (7.533%)  route 1.424ns (92.467%))
  Logic Levels:           0
  Clock Path Skew:        -0.375ns (DCD - SCD + CPR)
    Destination Clock Delay (DCD):    2.089ns
    Source Clock Delay      (SCD):    2.464ns
    Clock Pessimism Removal (CPR):    0.000ns
  Clock Uncertainty:      0.160ns  ((TSJ^2 + DJ^2)^1/2) / 2 + PE
    Total System Jitter     (TSJ):    0.071ns
    Discrete Jitter          (DJ):    0.312ns
    Phase Error              (PE):    0.000ns
  Clock Net Delay (Source):      2.197ns (routing 1.045ns, distribution 1.152ns)
  Clock Net Delay (Destination): 1.873ns (routing 0.955ns, distribution 0.918ns)
  Timing Exception:       False Path

    Location             Delay type                Incr(ns)  Path(ns)    Netlist Resource(s)
  -------------------------------------------------------------------    -------------------
                         (clock clk_pl_0 rise edge)
                                                      0.000     0.000 r
    PS8_X0Y0             PS8                          0.000     0.000 r  system_i/ps/inst/PS8_i/PLCLK[0]
                         net (fo=1, routed)           0.229     0.229    system_i/ps/inst/pl_clk_unbuffered[0]
    BUFG_PS_X0Y80        BUFG_PS (Prop_BUFG_PS_I_O)
                                                      0.038     0.267 r  system_i/ps/inst/buffer_pl_clk_0.PL_CLK_0_BUFG/O
    X0Y1 (CLOCK_ROOT)    net (fo=8705, routed)        2.197     2.464    system_i/control_smc/inst/clk_map/psr_aclk/U0/aclk
    SLICE_X12Y128        FDRE                                         r  system_i/control_smc/inst/clk_map/psr_aclk/U0/ACTIVE_LOW_BSR_OUT_DFF[0].FDRE_BSR_N/C
  -------------------------------------------------------------------    -------------------
    SLICE_X12Y128        FDRE (Prop_DFF_SLICEM_C_Q)
                                                      0.116     2.580 r  system_i/control_smc/inst/clk_map/psr_aclk/U0/ACTIVE_LOW_BSR_OUT_DFF[0].FDRE_BSR_N/Q
                         net (fo=75, routed)          1.424     4.004    system_i/control_smc/inst/s00_nodes/s00_aw_node/inst/s_sc_xpm_cdc_async_rst_inst/src_arst
    SLICE_X4Y105         FDCE                                         f  system_i/control_smc/inst/s00_nodes/s00_aw_node/inst/s_sc_xpm_cdc_async_rst_inst/arststages_ff_reg[2]/CLR  (IS_INVERTED)
  -------------------------------------------------------------------    -------------------

                         (clock clk_pl_0 rise edge)
                                                      0.000     0.000 r
    PS8_X0Y0             PS8                          0.000     0.000 r  system_i/ps/inst/PS8_i/PLCLK[0]
                         net (fo=1, routed)           0.181     0.181    system_i/ps/inst/pl_clk_unbuffered[0]
    BUFG_PS_X0Y80        BUFG_PS (Prop_BUFG_PS_I_O)
                                                      0.035     0.216 r  system_i/ps/inst/buffer_pl_clk_0.PL_CLK_0_BUFG/O
    X0Y1 (CLOCK_ROOT)    net (fo=8705, routed)        1.873     2.089    system_i/control_smc/inst/s00_nodes/s00_aw_node/inst/s_sc_xpm_cdc_async_rst_inst/dest_clk
    SLICE_X4Y105         FDCE                                         r  system_i/control_smc/inst/s00_nodes/s00_aw_node/inst/s_sc_xpm_cdc_async_rst_inst/arststages_ff_reg[2]/C

Slack:                    inf
  Source:                 system_i/control_smc/inst/clk_map/psr_aclk/U0/ACTIVE_LOW_BSR_OUT_DFF[0].FDRE_BSR_N/C
                            (rising edge-triggered cell FDRE clocked by clk_pl_0  {rise@0.000ns fall@5.000ns period=10.000ns})
  Destination:            system_i/control_smc/inst/s00_entry_pipeline/s00_si_converter/inst/xpm_cdc_async_rst_inst/arststages_ff_reg[0]/CLR
                            (recovery check against rising-edge clock clk_pl_0  {rise@0.000ns fall@5.000ns period=10.000ns})
  Path Group:             (none)
  Path Type:              Recovery (Max at Slow Process Corner)
  Data Path Delay:        1.508ns  (logic 0.116ns (7.693%)  route 1.392ns (92.307%))
  Logic Levels:           0
  Clock Path Skew:        -0.372ns (DCD - SCD + CPR)
    Destination Clock Delay (DCD):    2.092ns
    Source Clock Delay      (SCD):    2.464ns
    Clock Pessimism Removal (CPR):    0.000ns
  Clock Uncertainty:      0.160ns  ((TSJ^2 + DJ^2)^1/2) / 2 + PE
    Total System Jitter     (TSJ):    0.071ns
    Discrete Jitter          (DJ):    0.312ns
    Phase Error              (PE):    0.000ns
  Clock Net Delay (Source):      2.197ns (routing 1.045ns, distribution 1.152ns)
  Clock Net Delay (Destination): 1.876ns (routing 0.955ns, distribution 0.921ns)
  Timing Exception:       False Path

    Location             Delay type                Incr(ns)  Path(ns)    Netlist Resource(s)
  -------------------------------------------------------------------    -------------------
                         (clock clk_pl_0 rise edge)
                                                      0.000     0.000 r
    PS8_X0Y0             PS8                          0.000     0.000 r  system_i/ps/inst/PS8_i/PLCLK[0]
                         net (fo=1, routed)           0.229     0.229    system_i/ps/inst/pl_clk_unbuffered[0]
    BUFG_PS_X0Y80        BUFG_PS (Prop_BUFG_PS_I_O)
                                                      0.038     0.267 r  system_i/ps/inst/buffer_pl_clk_0.PL_CLK_0_BUFG/O
    X0Y1 (CLOCK_ROOT)    net (fo=8705, routed)        2.197     2.464    system_i/control_smc/inst/clk_map/psr_aclk/U0/aclk
    SLICE_X12Y128        FDRE                                         r  system_i/control_smc/inst/clk_map/psr_aclk/U0/ACTIVE_LOW_BSR_OUT_DFF[0].FDRE_BSR_N/C
  -------------------------------------------------------------------    -------------------
    SLICE_X12Y128        FDRE (Prop_DFF_SLICEM_C_Q)
                                                      0.116     2.580 r  system_i/control_smc/inst/clk_map/psr_aclk/U0/ACTIVE_LOW_BSR_OUT_DFF[0].FDRE_BSR_N/Q
                         net (fo=75, routed)          1.392     3.972    system_i/control_smc/inst/s00_entry_pipeline/s00_si_converter/inst/xpm_cdc_async_rst_inst/src_arst
    SLICE_X0Y117         FDCE                                         f  system_i/control_smc/inst/s00_entry_pipeline/s00_si_converter/inst/xpm_cdc_async_rst_inst/arststages_ff_reg[0]/CLR  (IS_INVERTED)
  -------------------------------------------------------------------    -------------------

                         (clock clk_pl_0 rise edge)
                                                      0.000     0.000 r
    PS8_X0Y0             PS8                          0.000     0.000 r  system_i/ps/inst/PS8_i/PLCLK[0]
                         net (fo=1, routed)           0.181     0.181    system_i/ps/inst/pl_clk_unbuffered[0]
    BUFG_PS_X0Y80        BUFG_PS (Prop_BUFG_PS_I_O)
                                                      0.035     0.216 r  system_i/ps/inst/buffer_pl_clk_0.PL_CLK_0_BUFG/O
    X0Y1 (CLOCK_ROOT)    net (fo=8705, routed)        1.876     2.092    system_i/control_smc/inst/s00_entry_pipeline/s00_si_converter/inst/xpm_cdc_async_rst_inst/dest_clk
    SLICE_X0Y117         FDCE                                         r  system_i/control_smc/inst/s00_entry_pipeline/s00_si_converter/inst/xpm_cdc_async_rst_inst/arststages_ff_reg[0]/C

Slack:                    inf
  Source:                 system_i/control_smc/inst/clk_map/psr_aclk/U0/ACTIVE_LOW_BSR_OUT_DFF[0].FDRE_BSR_N/C
                            (rising edge-triggered cell FDRE clocked by clk_pl_0  {rise@0.000ns fall@5.000ns period=10.000ns})
  Destination:            system_i/control_smc/inst/s00_entry_pipeline/s00_si_converter/inst/xpm_cdc_async_rst_inst/arststages_ff_reg[1]/CLR
                            (recovery check against rising-edge clock clk_pl_0  {rise@0.000ns fall@5.000ns period=10.000ns})
  Path Group:             (none)
  Path Type:              Recovery (Max at Slow Process Corner)
  Data Path Delay:        1.508ns  (logic 0.116ns (7.693%)  route 1.392ns (92.307%))
  Logic Levels:           0
  Clock Path Skew:        -0.372ns (DCD - SCD + CPR)
    Destination Clock Delay (DCD):    2.092ns
    Source Clock Delay      (SCD):    2.464ns
    Clock Pessimism Removal (CPR):    0.000ns
  Clock Uncertainty:      0.160ns  ((TSJ^2 + DJ^2)^1/2) / 2 + PE
    Total System Jitter     (TSJ):    0.071ns
    Discrete Jitter          (DJ):    0.312ns
    Phase Error              (PE):    0.000ns
  Clock Net Delay (Source):      2.197ns (routing 1.045ns, distribution 1.152ns)
  Clock Net Delay (Destination): 1.876ns (routing 0.955ns, distribution 0.921ns)
  Timing Exception:       False Path

    Location             Delay type                Incr(ns)  Path(ns)    Netlist Resource(s)
  -------------------------------------------------------------------    -------------------
                         (clock clk_pl_0 rise edge)
                                                      0.000     0.000 r
    PS8_X0Y0             PS8                          0.000     0.000 r  system_i/ps/inst/PS8_i/PLCLK[0]
                         net (fo=1, routed)           0.229     0.229    system_i/ps/inst/pl_clk_unbuffered[0]
    BUFG_PS_X0Y80        BUFG_PS (Prop_BUFG_PS_I_O)
                                                      0.038     0.267 r  system_i/ps/inst/buffer_pl_clk_0.PL_CLK_0_BUFG/O
    X0Y1 (CLOCK_ROOT)    net (fo=8705, routed)        2.197     2.464    system_i/control_smc/inst/clk_map/psr_aclk/U0/aclk
    SLICE_X12Y128        FDRE                                         r  system_i/control_smc/inst/clk_map/psr_aclk/U0/ACTIVE_LOW_BSR_OUT_DFF[0].FDRE_BSR_N/C
  -------------------------------------------------------------------    -------------------
    SLICE_X12Y128        FDRE (Prop_DFF_SLICEM_C_Q)
                                                      0.116     2.580 r  system_i/control_smc/inst/clk_map/psr_aclk/U0/ACTIVE_LOW_BSR_OUT_DFF[0].FDRE_BSR_N/Q
                         net (fo=75, routed)          1.392     3.972    system_i/control_smc/inst/s00_entry_pipeline/s00_si_converter/inst/xpm_cdc_async_rst_inst/src_arst
    SLICE_X0Y117         FDCE                                         f  system_i/control_smc/inst/s00_entry_pipeline/s00_si_converter/inst/xpm_cdc_async_rst_inst/arststages_ff_reg[1]/CLR  (IS_INVERTED)
  -------------------------------------------------------------------    -------------------

                         (clock clk_pl_0 rise edge)
                                                      0.000     0.000 r
    PS8_X0Y0             PS8                          0.000     0.000 r  system_i/ps/inst/PS8_i/PLCLK[0]
                         net (fo=1, routed)           0.181     0.181    system_i/ps/inst/pl_clk_unbuffered[0]
    BUFG_PS_X0Y80        BUFG_PS (Prop_BUFG_PS_I_O)
                                                      0.035     0.216 r  system_i/ps/inst/buffer_pl_clk_0.PL_CLK_0_BUFG/O
    X0Y1 (CLOCK_ROOT)    net (fo=8705, routed)        1.876     2.092    system_i/control_smc/inst/s00_entry_pipeline/s00_si_converter/inst/xpm_cdc_async_rst_inst/dest_clk
    SLICE_X0Y117         FDCE                                         r  system_i/control_smc/inst/s00_entry_pipeline/s00_si_converter/inst/xpm_cdc_async_rst_inst/arststages_ff_reg[1]/C

Slack:                    inf
  Source:                 system_i/control_smc/inst/clk_map/psr_aclk/U0/ACTIVE_LOW_BSR_OUT_DFF[0].FDRE_BSR_N/C
                            (rising edge-triggered cell FDRE clocked by clk_pl_0  {rise@0.000ns fall@5.000ns period=10.000ns})
  Destination:            system_i/control_smc/inst/s00_entry_pipeline/s00_si_converter/inst/xpm_cdc_async_rst_inst/arststages_ff_reg[2]/CLR
                            (recovery check against rising-edge clock clk_pl_0  {rise@0.000ns fall@5.000ns period=10.000ns})
  Path Group:             (none)
  Path Type:              Recovery (Max at Slow Process Corner)
  Data Path Delay:        1.508ns  (logic 0.116ns (7.693%)  route 1.392ns (92.307%))
  Logic Levels:           0
  Clock Path Skew:        -0.372ns (DCD - SCD + CPR)
    Destination Clock Delay (DCD):    2.092ns
    Source Clock Delay      (SCD):    2.464ns
    Clock Pessimism Removal (CPR):    0.000ns
  Clock Uncertainty:      0.160ns  ((TSJ^2 + DJ^2)^1/2) / 2 + PE
    Total System Jitter     (TSJ):    0.071ns
    Discrete Jitter          (DJ):    0.312ns
    Phase Error              (PE):    0.000ns
  Clock Net Delay (Source):      2.197ns (routing 1.045ns, distribution 1.152ns)
  Clock Net Delay (Destination): 1.876ns (routing 0.955ns, distribution 0.921ns)
  Timing Exception:       False Path

    Location             Delay type                Incr(ns)  Path(ns)    Netlist Resource(s)
  -------------------------------------------------------------------    -------------------
                         (clock clk_pl_0 rise edge)
                                                      0.000     0.000 r
    PS8_X0Y0             PS8                          0.000     0.000 r  system_i/ps/inst/PS8_i/PLCLK[0]
                         net (fo=1, routed)           0.229     0.229    system_i/ps/inst/pl_clk_unbuffered[0]
    BUFG_PS_X0Y80        BUFG_PS (Prop_BUFG_PS_I_O)
                                                      0.038     0.267 r  system_i/ps/inst/buffer_pl_clk_0.PL_CLK_0_BUFG/O
    X0Y1 (CLOCK_ROOT)    net (fo=8705, routed)        2.197     2.464    system_i/control_smc/inst/clk_map/psr_aclk/U0/aclk
    SLICE_X12Y128        FDRE                                         r  system_i/control_smc/inst/clk_map/psr_aclk/U0/ACTIVE_LOW_BSR_OUT_DFF[0].FDRE_BSR_N/C
  -------------------------------------------------------------------    -------------------
    SLICE_X12Y128        FDRE (Prop_DFF_SLICEM_C_Q)
                                                      0.116     2.580 r  system_i/control_smc/inst/clk_map/psr_aclk/U0/ACTIVE_LOW_BSR_OUT_DFF[0].FDRE_BSR_N/Q
                         net (fo=75, routed)          1.392     3.972    system_i/control_smc/inst/s00_entry_pipeline/s00_si_converter/inst/xpm_cdc_async_rst_inst/src_arst
    SLICE_X0Y117         FDCE                                         f  system_i/control_smc/inst/s00_entry_pipeline/s00_si_converter/inst/xpm_cdc_async_rst_inst/arststages_ff_reg[2]/CLR  (IS_INVERTED)
  -------------------------------------------------------------------    -------------------

                         (clock clk_pl_0 rise edge)
                                                      0.000     0.000 r
    PS8_X0Y0             PS8                          0.000     0.000 r  system_i/ps/inst/PS8_i/PLCLK[0]
                         net (fo=1, routed)           0.181     0.181    system_i/ps/inst/pl_clk_unbuffered[0]
    BUFG_PS_X0Y80        BUFG_PS (Prop_BUFG_PS_I_O)
                                                      0.035     0.216 r  system_i/ps/inst/buffer_pl_clk_0.PL_CLK_0_BUFG/O
    X0Y1 (CLOCK_ROOT)    net (fo=8705, routed)        1.876     2.092    system_i/control_smc/inst/s00_entry_pipeline/s00_si_converter/inst/xpm_cdc_async_rst_inst/dest_clk
    SLICE_X0Y117         FDCE                                         r  system_i/control_smc/inst/s00_entry_pipeline/s00_si_converter/inst/xpm_cdc_async_rst_inst/arststages_ff_reg[2]/C

Slack:                    inf
  Source:                 system_i/control_smc/inst/clk_map/psr_aclk/U0/ACTIVE_LOW_BSR_OUT_DFF[0].FDRE_BSR_N/C
                            (rising edge-triggered cell FDRE clocked by clk_pl_0  {rise@0.000ns fall@5.000ns period=10.000ns})
  Destination:            system_i/control_smc/inst/s00_entry_pipeline/s00_mmu/inst/xpm_cdc_async_rst_inst/arststages_ff_reg[0]/CLR
                            (recovery check against rising-edge clock clk_pl_0  {rise@0.000ns fall@5.000ns period=10.000ns})
  Path Group:             (none)
  Path Type:              Recovery (Max at Slow Process Corner)
  Data Path Delay:        1.410ns  (logic 0.116ns (8.227%)  route 1.294ns (91.773%))
  Logic Levels:           0
  Clock Path Skew:        -0.360ns (DCD - SCD + CPR)
    Destination Clock Delay (DCD):    2.104ns
    Source Clock Delay      (SCD):    2.464ns
    Clock Pessimism Removal (CPR):    0.000ns
  Clock Uncertainty:      0.160ns  ((TSJ^2 + DJ^2)^1/2) / 2 + PE
    Total System Jitter     (TSJ):    0.071ns
    Discrete Jitter          (DJ):    0.312ns
    Phase Error              (PE):    0.000ns
  Clock Net Delay (Source):      2.197ns (routing 1.045ns, distribution 1.152ns)
  Clock Net Delay (Destination): 1.888ns (routing 0.955ns, distribution 0.933ns)
  Timing Exception:       False Path

    Location             Delay type                Incr(ns)  Path(ns)    Netlist Resource(s)
  -------------------------------------------------------------------    -------------------
                         (clock clk_pl_0 rise edge)
                                                      0.000     0.000 r
    PS8_X0Y0             PS8                          0.000     0.000 r  system_i/ps/inst/PS8_i/PLCLK[0]
                         net (fo=1, routed)           0.229     0.229    system_i/ps/inst/pl_clk_unbuffered[0]
    BUFG_PS_X0Y80        BUFG_PS (Prop_BUFG_PS_I_O)
                                                      0.038     0.267 r  system_i/ps/inst/buffer_pl_clk_0.PL_CLK_0_BUFG/O
    X0Y1 (CLOCK_ROOT)    net (fo=8705, routed)        2.197     2.464    system_i/control_smc/inst/clk_map/psr_aclk/U0/aclk
    SLICE_X12Y128        FDRE                                         r  system_i/control_smc/inst/clk_map/psr_aclk/U0/ACTIVE_LOW_BSR_OUT_DFF[0].FDRE_BSR_N/C
  -------------------------------------------------------------------    -------------------
    SLICE_X12Y128        FDRE (Prop_DFF_SLICEM_C_Q)
                                                      0.116     2.580 r  system_i/control_smc/inst/clk_map/psr_aclk/U0/ACTIVE_LOW_BSR_OUT_DFF[0].FDRE_BSR_N/Q
                         net (fo=75, routed)          1.294     3.874    system_i/control_smc/inst/s00_entry_pipeline/s00_mmu/inst/xpm_cdc_async_rst_inst/src_arst
    SLICE_X3Y104         FDCE                                         f  system_i/control_smc/inst/s00_entry_pipeline/s00_mmu/inst/xpm_cdc_async_rst_inst/arststages_ff_reg[0]/CLR  (IS_INVERTED)
  -------------------------------------------------------------------    -------------------

                         (clock clk_pl_0 rise edge)
                                                      0.000     0.000 r
    PS8_X0Y0             PS8                          0.000     0.000 r  system_i/ps/inst/PS8_i/PLCLK[0]
                         net (fo=1, routed)           0.181     0.181    system_i/ps/inst/pl_clk_unbuffered[0]
    BUFG_PS_X0Y80        BUFG_PS (Prop_BUFG_PS_I_O)
                                                      0.035     0.216 r  system_i/ps/inst/buffer_pl_clk_0.PL_CLK_0_BUFG/O
    X0Y1 (CLOCK_ROOT)    net (fo=8705, routed)        1.888     2.104    system_i/control_smc/inst/s00_entry_pipeline/s00_mmu/inst/xpm_cdc_async_rst_inst/dest_clk
    SLICE_X3Y104         FDCE                                         r  system_i/control_smc/inst/s00_entry_pipeline/s00_mmu/inst/xpm_cdc_async_rst_inst/arststages_ff_reg[0]/C

Slack:                    inf
  Source:                 system_i/control_smc/inst/clk_map/psr_aclk/U0/ACTIVE_LOW_BSR_OUT_DFF[0].FDRE_BSR_N/C
                            (rising edge-triggered cell FDRE clocked by clk_pl_0  {rise@0.000ns fall@5.000ns period=10.000ns})
  Destination:            system_i/control_smc/inst/s00_entry_pipeline/s00_mmu/inst/xpm_cdc_async_rst_inst/arststages_ff_reg[1]/CLR
                            (recovery check against rising-edge clock clk_pl_0  {rise@0.000ns fall@5.000ns period=10.000ns})
  Path Group:             (none)
  Path Type:              Recovery (Max at Slow Process Corner)
  Data Path Delay:        1.410ns  (logic 0.116ns (8.227%)  route 1.294ns (91.773%))
  Logic Levels:           0
  Clock Path Skew:        -0.360ns (DCD - SCD + CPR)
    Destination Clock Delay (DCD):    2.104ns
    Source Clock Delay      (SCD):    2.464ns
    Clock Pessimism Removal (CPR):    0.000ns
  Clock Uncertainty:      0.160ns  ((TSJ^2 + DJ^2)^1/2) / 2 + PE
    Total System Jitter     (TSJ):    0.071ns
    Discrete Jitter          (DJ):    0.312ns
    Phase Error              (PE):    0.000ns
  Clock Net Delay (Source):      2.197ns (routing 1.045ns, distribution 1.152ns)
  Clock Net Delay (Destination): 1.888ns (routing 0.955ns, distribution 0.933ns)
  Timing Exception:       False Path

    Location             Delay type                Incr(ns)  Path(ns)    Netlist Resource(s)
  -------------------------------------------------------------------    -------------------
                         (clock clk_pl_0 rise edge)
                                                      0.000     0.000 r
    PS8_X0Y0             PS8                          0.000     0.000 r  system_i/ps/inst/PS8_i/PLCLK[0]
                         net (fo=1, routed)           0.229     0.229    system_i/ps/inst/pl_clk_unbuffered[0]
    BUFG_PS_X0Y80        BUFG_PS (Prop_BUFG_PS_I_O)
                                                      0.038     0.267 r  system_i/ps/inst/buffer_pl_clk_0.PL_CLK_0_BUFG/O
    X0Y1 (CLOCK_ROOT)    net (fo=8705, routed)        2.197     2.464    system_i/control_smc/inst/clk_map/psr_aclk/U0/aclk
    SLICE_X12Y128        FDRE                                         r  system_i/control_smc/inst/clk_map/psr_aclk/U0/ACTIVE_LOW_BSR_OUT_DFF[0].FDRE_BSR_N/C
  -------------------------------------------------------------------    -------------------
    SLICE_X12Y128        FDRE (Prop_DFF_SLICEM_C_Q)
                                                      0.116     2.580 r  system_i/control_smc/inst/clk_map/psr_aclk/U0/ACTIVE_LOW_BSR_OUT_DFF[0].FDRE_BSR_N/Q
                         net (fo=75, routed)          1.294     3.874    system_i/control_smc/inst/s00_entry_pipeline/s00_mmu/inst/xpm_cdc_async_rst_inst/src_arst
    SLICE_X3Y104         FDCE                                         f  system_i/control_smc/inst/s00_entry_pipeline/s00_mmu/inst/xpm_cdc_async_rst_inst/arststages_ff_reg[1]/CLR  (IS_INVERTED)
  -------------------------------------------------------------------    -------------------

                         (clock clk_pl_0 rise edge)
                                                      0.000     0.000 r
    PS8_X0Y0             PS8                          0.000     0.000 r  system_i/ps/inst/PS8_i/PLCLK[0]
                         net (fo=1, routed)           0.181     0.181    system_i/ps/inst/pl_clk_unbuffered[0]
    BUFG_PS_X0Y80        BUFG_PS (Prop_BUFG_PS_I_O)
                                                      0.035     0.216 r  system_i/ps/inst/buffer_pl_clk_0.PL_CLK_0_BUFG/O
    X0Y1 (CLOCK_ROOT)    net (fo=8705, routed)        1.888     2.104    system_i/control_smc/inst/s00_entry_pipeline/s00_mmu/inst/xpm_cdc_async_rst_inst/dest_clk
    SLICE_X3Y104         FDCE                                         r  system_i/control_smc/inst/s00_entry_pipeline/s00_mmu/inst/xpm_cdc_async_rst_inst/arststages_ff_reg[1]/C

Slack:                    inf
  Source:                 system_i/control_smc/inst/clk_map/psr_aclk/U0/ACTIVE_LOW_BSR_OUT_DFF[0].FDRE_BSR_N/C
                            (rising edge-triggered cell FDRE clocked by clk_pl_0  {rise@0.000ns fall@5.000ns period=10.000ns})
  Destination:            system_i/control_smc/inst/s00_entry_pipeline/s00_mmu/inst/xpm_cdc_async_rst_inst/arststages_ff_reg[2]/CLR
                            (recovery check against rising-edge clock clk_pl_0  {rise@0.000ns fall@5.000ns period=10.000ns})
  Path Group:             (none)
  Path Type:              Recovery (Max at Slow Process Corner)
  Data Path Delay:        1.410ns  (logic 0.116ns (8.227%)  route 1.294ns (91.773%))
  Logic Levels:           0
  Clock Path Skew:        -0.360ns (DCD - SCD + CPR)
    Destination Clock Delay (DCD):    2.104ns
    Source Clock Delay      (SCD):    2.464ns
    Clock Pessimism Removal (CPR):    0.000ns
  Clock Uncertainty:      0.160ns  ((TSJ^2 + DJ^2)^1/2) / 2 + PE
    Total System Jitter     (TSJ):    0.071ns
    Discrete Jitter          (DJ):    0.312ns
    Phase Error              (PE):    0.000ns
  Clock Net Delay (Source):      2.197ns (routing 1.045ns, distribution 1.152ns)
  Clock Net Delay (Destination): 1.888ns (routing 0.955ns, distribution 0.933ns)
  Timing Exception:       False Path

    Location             Delay type                Incr(ns)  Path(ns)    Netlist Resource(s)
  -------------------------------------------------------------------    -------------------
                         (clock clk_pl_0 rise edge)
                                                      0.000     0.000 r
    PS8_X0Y0             PS8                          0.000     0.000 r  system_i/ps/inst/PS8_i/PLCLK[0]
                         net (fo=1, routed)           0.229     0.229    system_i/ps/inst/pl_clk_unbuffered[0]
    BUFG_PS_X0Y80        BUFG_PS (Prop_BUFG_PS_I_O)
                                                      0.038     0.267 r  system_i/ps/inst/buffer_pl_clk_0.PL_CLK_0_BUFG/O
    X0Y1 (CLOCK_ROOT)    net (fo=8705, routed)        2.197     2.464    system_i/control_smc/inst/clk_map/psr_aclk/U0/aclk
    SLICE_X12Y128        FDRE                                         r  system_i/control_smc/inst/clk_map/psr_aclk/U0/ACTIVE_LOW_BSR_OUT_DFF[0].FDRE_BSR_N/C
  -------------------------------------------------------------------    -------------------
    SLICE_X12Y128        FDRE (Prop_DFF_SLICEM_C_Q)
                                                      0.116     2.580 r  system_i/control_smc/inst/clk_map/psr_aclk/U0/ACTIVE_LOW_BSR_OUT_DFF[0].FDRE_BSR_N/Q
                         net (fo=75, routed)          1.294     3.874    system_i/control_smc/inst/s00_entry_pipeline/s00_mmu/inst/xpm_cdc_async_rst_inst/src_arst
    SLICE_X3Y104         FDCE                                         f  system_i/control_smc/inst/s00_entry_pipeline/s00_mmu/inst/xpm_cdc_async_rst_inst/arststages_ff_reg[2]/CLR  (IS_INVERTED)
  -------------------------------------------------------------------    -------------------

                         (clock clk_pl_0 rise edge)
                                                      0.000     0.000 r
    PS8_X0Y0             PS8                          0.000     0.000 r  system_i/ps/inst/PS8_i/PLCLK[0]
                         net (fo=1, routed)           0.181     0.181    system_i/ps/inst/pl_clk_unbuffered[0]
    BUFG_PS_X0Y80        BUFG_PS (Prop_BUFG_PS_I_O)
                                                      0.035     0.216 r  system_i/ps/inst/buffer_pl_clk_0.PL_CLK_0_BUFG/O
    X0Y1 (CLOCK_ROOT)    net (fo=8705, routed)        1.888     2.104    system_i/control_smc/inst/s00_entry_pipeline/s00_mmu/inst/xpm_cdc_async_rst_inst/dest_clk
    SLICE_X3Y104         FDCE                                         r  system_i/control_smc/inst/s00_entry_pipeline/s00_mmu/inst/xpm_cdc_async_rst_inst/arststages_ff_reg[2]/C

Slack:                    inf
  Source:                 system_i/control_smc/inst/clk_map/psr_aclk/U0/ACTIVE_LOW_BSR_OUT_DFF[0].FDRE_BSR_N/C
                            (rising edge-triggered cell FDRE clocked by clk_pl_0  {rise@0.000ns fall@5.000ns period=10.000ns})
  Destination:            system_i/control_smc/inst/s00_nodes/s00_ar_node/inst/s_sc_xpm_cdc_async_rst_inst/arststages_ff_reg[0]/CLR
                            (recovery check against rising-edge clock clk_pl_0  {rise@0.000ns fall@5.000ns period=10.000ns})
  Path Group:             (none)
  Path Type:              Recovery (Max at Slow Process Corner)
  Data Path Delay:        1.333ns  (logic 0.116ns (8.703%)  route 1.217ns (91.297%))
  Logic Levels:           0
  Clock Path Skew:        -0.318ns (DCD - SCD + CPR)
    Destination Clock Delay (DCD):    2.146ns
    Source Clock Delay      (SCD):    2.464ns
    Clock Pessimism Removal (CPR):    0.000ns
  Clock Uncertainty:      0.160ns  ((TSJ^2 + DJ^2)^1/2) / 2 + PE
    Total System Jitter     (TSJ):    0.071ns
    Discrete Jitter          (DJ):    0.312ns
    Phase Error              (PE):    0.000ns
  Clock Net Delay (Source):      2.197ns (routing 1.045ns, distribution 1.152ns)
  Clock Net Delay (Destination): 1.930ns (routing 0.955ns, distribution 0.975ns)
  Timing Exception:       False Path

    Location             Delay type                Incr(ns)  Path(ns)    Netlist Resource(s)
  -------------------------------------------------------------------    -------------------
                         (clock clk_pl_0 rise edge)
                                                      0.000     0.000 r
    PS8_X0Y0             PS8                          0.000     0.000 r  system_i/ps/inst/PS8_i/PLCLK[0]
                         net (fo=1, routed)           0.229     0.229    system_i/ps/inst/pl_clk_unbuffered[0]
    BUFG_PS_X0Y80        BUFG_PS (Prop_BUFG_PS_I_O)
                                                      0.038     0.267 r  system_i/ps/inst/buffer_pl_clk_0.PL_CLK_0_BUFG/O
    X0Y1 (CLOCK_ROOT)    net (fo=8705, routed)        2.197     2.464    system_i/control_smc/inst/clk_map/psr_aclk/U0/aclk
    SLICE_X12Y128        FDRE                                         r  system_i/control_smc/inst/clk_map/psr_aclk/U0/ACTIVE_LOW_BSR_OUT_DFF[0].FDRE_BSR_N/C
  -------------------------------------------------------------------    -------------------
    SLICE_X12Y128        FDRE (Prop_DFF_SLICEM_C_Q)
                                                      0.116     2.580 r  system_i/control_smc/inst/clk_map/psr_aclk/U0/ACTIVE_LOW_BSR_OUT_DFF[0].FDRE_BSR_N/Q
                         net (fo=75, routed)          1.217     3.797    system_i/control_smc/inst/s00_nodes/s00_ar_node/inst/s_sc_xpm_cdc_async_rst_inst/src_arst
    SLICE_X0Y124         FDCE                                         f  system_i/control_smc/inst/s00_nodes/s00_ar_node/inst/s_sc_xpm_cdc_async_rst_inst/arststages_ff_reg[0]/CLR  (IS_INVERTED)
  -------------------------------------------------------------------    -------------------

                         (clock clk_pl_0 rise edge)
                                                      0.000     0.000 r
    PS8_X0Y0             PS8                          0.000     0.000 r  system_i/ps/inst/PS8_i/PLCLK[0]
                         net (fo=1, routed)           0.181     0.181    system_i/ps/inst/pl_clk_unbuffered[0]
    BUFG_PS_X0Y80        BUFG_PS (Prop_BUFG_PS_I_O)
                                                      0.035     0.216 r  system_i/ps/inst/buffer_pl_clk_0.PL_CLK_0_BUFG/O
    X0Y1 (CLOCK_ROOT)    net (fo=8705, routed)        1.930     2.146    system_i/control_smc/inst/s00_nodes/s00_ar_node/inst/s_sc_xpm_cdc_async_rst_inst/dest_clk
    SLICE_X0Y124         FDCE                                         r  system_i/control_smc/inst/s00_nodes/s00_ar_node/inst/s_sc_xpm_cdc_async_rst_inst/arststages_ff_reg[0]/C

Slack:                    inf
  Source:                 system_i/control_smc/inst/clk_map/psr_aclk/U0/ACTIVE_LOW_BSR_OUT_DFF[0].FDRE_BSR_N/C
                            (rising edge-triggered cell FDRE clocked by clk_pl_0  {rise@0.000ns fall@5.000ns period=10.000ns})
  Destination:            system_i/control_smc/inst/s00_nodes/s00_ar_node/inst/s_sc_xpm_cdc_async_rst_inst/arststages_ff_reg[1]/CLR
                            (recovery check against rising-edge clock clk_pl_0  {rise@0.000ns fall@5.000ns period=10.000ns})
  Path Group:             (none)
  Path Type:              Recovery (Max at Slow Process Corner)
  Data Path Delay:        1.333ns  (logic 0.116ns (8.703%)  route 1.217ns (91.297%))
  Logic Levels:           0
  Clock Path Skew:        -0.318ns (DCD - SCD + CPR)
    Destination Clock Delay (DCD):    2.146ns
    Source Clock Delay      (SCD):    2.464ns
    Clock Pessimism Removal (CPR):    0.000ns
  Clock Uncertainty:      0.160ns  ((TSJ^2 + DJ^2)^1/2) / 2 + PE
    Total System Jitter     (TSJ):    0.071ns
    Discrete Jitter          (DJ):    0.312ns
    Phase Error              (PE):    0.000ns
  Clock Net Delay (Source):      2.197ns (routing 1.045ns, distribution 1.152ns)
  Clock Net Delay (Destination): 1.930ns (routing 0.955ns, distribution 0.975ns)
  Timing Exception:       False Path

    Location             Delay type                Incr(ns)  Path(ns)    Netlist Resource(s)
  -------------------------------------------------------------------    -------------------
                         (clock clk_pl_0 rise edge)
                                                      0.000     0.000 r
    PS8_X0Y0             PS8                          0.000     0.000 r  system_i/ps/inst/PS8_i/PLCLK[0]
                         net (fo=1, routed)           0.229     0.229    system_i/ps/inst/pl_clk_unbuffered[0]
    BUFG_PS_X0Y80        BUFG_PS (Prop_BUFG_PS_I_O)
                                                      0.038     0.267 r  system_i/ps/inst/buffer_pl_clk_0.PL_CLK_0_BUFG/O
    X0Y1 (CLOCK_ROOT)    net (fo=8705, routed)        2.197     2.464    system_i/control_smc/inst/clk_map/psr_aclk/U0/aclk
    SLICE_X12Y128        FDRE                                         r  system_i/control_smc/inst/clk_map/psr_aclk/U0/ACTIVE_LOW_BSR_OUT_DFF[0].FDRE_BSR_N/C
  -------------------------------------------------------------------    -------------------
    SLICE_X12Y128        FDRE (Prop_DFF_SLICEM_C_Q)
                                                      0.116     2.580 r  system_i/control_smc/inst/clk_map/psr_aclk/U0/ACTIVE_LOW_BSR_OUT_DFF[0].FDRE_BSR_N/Q
                         net (fo=75, routed)          1.217     3.797    system_i/control_smc/inst/s00_nodes/s00_ar_node/inst/s_sc_xpm_cdc_async_rst_inst/src_arst
    SLICE_X0Y124         FDCE                                         f  system_i/control_smc/inst/s00_nodes/s00_ar_node/inst/s_sc_xpm_cdc_async_rst_inst/arststages_ff_reg[1]/CLR  (IS_INVERTED)
  -------------------------------------------------------------------    -------------------

                         (clock clk_pl_0 rise edge)
                                                      0.000     0.000 r
    PS8_X0Y0             PS8                          0.000     0.000 r  system_i/ps/inst/PS8_i/PLCLK[0]
                         net (fo=1, routed)           0.181     0.181    system_i/ps/inst/pl_clk_unbuffered[0]
    BUFG_PS_X0Y80        BUFG_PS (Prop_BUFG_PS_I_O)
                                                      0.035     0.216 r  system_i/ps/inst/buffer_pl_clk_0.PL_CLK_0_BUFG/O
    X0Y1 (CLOCK_ROOT)    net (fo=8705, routed)        1.930     2.146    system_i/control_smc/inst/s00_nodes/s00_ar_node/inst/s_sc_xpm_cdc_async_rst_inst/dest_clk
    SLICE_X0Y124         FDCE                                         r  system_i/control_smc/inst/s00_nodes/s00_ar_node/inst/s_sc_xpm_cdc_async_rst_inst/arststages_ff_reg[1]/C

Slack:                    inf
  Source:                 system_i/control_smc/inst/clk_map/psr_aclk/U0/ACTIVE_LOW_BSR_OUT_DFF[0].FDRE_BSR_N/C
                            (rising edge-triggered cell FDRE clocked by clk_pl_0  {rise@0.000ns fall@5.000ns period=10.000ns})
  Destination:            system_i/control_smc/inst/s00_nodes/s00_ar_node/inst/s_sc_xpm_cdc_async_rst_inst/arststages_ff_reg[2]/CLR
                            (recovery check against rising-edge clock clk_pl_0  {rise@0.000ns fall@5.000ns period=10.000ns})
  Path Group:             (none)
  Path Type:              Recovery (Max at Slow Process Corner)
  Data Path Delay:        1.333ns  (logic 0.116ns (8.703%)  route 1.217ns (91.297%))
  Logic Levels:           0
  Clock Path Skew:        -0.318ns (DCD - SCD + CPR)
    Destination Clock Delay (DCD):    2.146ns
    Source Clock Delay      (SCD):    2.464ns
    Clock Pessimism Removal (CPR):    0.000ns
  Clock Uncertainty:      0.160ns  ((TSJ^2 + DJ^2)^1/2) / 2 + PE
    Total System Jitter     (TSJ):    0.071ns
    Discrete Jitter          (DJ):    0.312ns
    Phase Error              (PE):    0.000ns
  Clock Net Delay (Source):      2.197ns (routing 1.045ns, distribution 1.152ns)
  Clock Net Delay (Destination): 1.930ns (routing 0.955ns, distribution 0.975ns)
  Timing Exception:       False Path

    Location             Delay type                Incr(ns)  Path(ns)    Netlist Resource(s)
  -------------------------------------------------------------------    -------------------
                         (clock clk_pl_0 rise edge)
                                                      0.000     0.000 r
    PS8_X0Y0             PS8                          0.000     0.000 r  system_i/ps/inst/PS8_i/PLCLK[0]
                         net (fo=1, routed)           0.229     0.229    system_i/ps/inst/pl_clk_unbuffered[0]
    BUFG_PS_X0Y80        BUFG_PS (Prop_BUFG_PS_I_O)
                                                      0.038     0.267 r  system_i/ps/inst/buffer_pl_clk_0.PL_CLK_0_BUFG/O
    X0Y1 (CLOCK_ROOT)    net (fo=8705, routed)        2.197     2.464    system_i/control_smc/inst/clk_map/psr_aclk/U0/aclk
    SLICE_X12Y128        FDRE                                         r  system_i/control_smc/inst/clk_map/psr_aclk/U0/ACTIVE_LOW_BSR_OUT_DFF[0].FDRE_BSR_N/C
  -------------------------------------------------------------------    -------------------
    SLICE_X12Y128        FDRE (Prop_DFF_SLICEM_C_Q)
                                                      0.116     2.580 r  system_i/control_smc/inst/clk_map/psr_aclk/U0/ACTIVE_LOW_BSR_OUT_DFF[0].FDRE_BSR_N/Q
                         net (fo=75, routed)          1.217     3.797    system_i/control_smc/inst/s00_nodes/s00_ar_node/inst/s_sc_xpm_cdc_async_rst_inst/src_arst
    SLICE_X0Y124         FDCE                                         f  system_i/control_smc/inst/s00_nodes/s00_ar_node/inst/s_sc_xpm_cdc_async_rst_inst/arststages_ff_reg[2]/CLR  (IS_INVERTED)
  -------------------------------------------------------------------    -------------------

                         (clock clk_pl_0 rise edge)
                                                      0.000     0.000 r
    PS8_X0Y0             PS8                          0.000     0.000 r  system_i/ps/inst/PS8_i/PLCLK[0]
                         net (fo=1, routed)           0.181     0.181    system_i/ps/inst/pl_clk_unbuffered[0]
    BUFG_PS_X0Y80        BUFG_PS (Prop_BUFG_PS_I_O)
                                                      0.035     0.216 r  system_i/ps/inst/buffer_pl_clk_0.PL_CLK_0_BUFG/O
    X0Y1 (CLOCK_ROOT)    net (fo=8705, routed)        1.930     2.146    system_i/control_smc/inst/s00_nodes/s00_ar_node/inst/s_sc_xpm_cdc_async_rst_inst/dest_clk
    SLICE_X0Y124         FDCE                                         r  system_i/control_smc/inst/s00_nodes/s00_ar_node/inst/s_sc_xpm_cdc_async_rst_inst/arststages_ff_reg[2]/C

Slack:                    inf
  Source:                 system_i/control_smc/inst/clk_map/psr_aclk/U0/ACTIVE_LOW_BSR_OUT_DFF[0].FDRE_BSR_N/C
                            (rising edge-triggered cell FDRE clocked by clk_pl_0  {rise@0.000ns fall@5.000ns period=10.000ns})
  Destination:            system_i/control_smc/inst/s00_nodes/s00_r_node/inst/s_sc_xpm_cdc_async_rst_inst/arststages_ff_reg[0]/CLR
                            (recovery check against rising-edge clock clk_pl_0  {rise@0.000ns fall@5.000ns period=10.000ns})
  Path Group:             (none)
  Path Type:              Recovery (Max at Slow Process Corner)
  Data Path Delay:        1.328ns  (logic 0.116ns (8.736%)  route 1.212ns (91.264%))
  Logic Levels:           0
  Clock Path Skew:        -0.319ns (DCD - SCD + CPR)
    Destination Clock Delay (DCD):    2.145ns
    Source Clock Delay      (SCD):    2.464ns
    Clock Pessimism Removal (CPR):    0.000ns
  Clock Uncertainty:      0.160ns  ((TSJ^2 + DJ^2)^1/2) / 2 + PE
    Total System Jitter     (TSJ):    0.071ns
    Discrete Jitter          (DJ):    0.312ns
    Phase Error              (PE):    0.000ns
  Clock Net Delay (Source):      2.197ns (routing 1.045ns, distribution 1.152ns)
  Clock Net Delay (Destination): 1.929ns (routing 0.955ns, distribution 0.974ns)
  Timing Exception:       False Path

    Location             Delay type                Incr(ns)  Path(ns)    Netlist Resource(s)
  -------------------------------------------------------------------    -------------------
                         (clock clk_pl_0 rise edge)
                                                      0.000     0.000 r
    PS8_X0Y0             PS8                          0.000     0.000 r  system_i/ps/inst/PS8_i/PLCLK[0]
                         net (fo=1, routed)           0.229     0.229    system_i/ps/inst/pl_clk_unbuffered[0]
    BUFG_PS_X0Y80        BUFG_PS (Prop_BUFG_PS_I_O)
                                                      0.038     0.267 r  system_i/ps/inst/buffer_pl_clk_0.PL_CLK_0_BUFG/O
    X0Y1 (CLOCK_ROOT)    net (fo=8705, routed)        2.197     2.464    system_i/control_smc/inst/clk_map/psr_aclk/U0/aclk
    SLICE_X12Y128        FDRE                                         r  system_i/control_smc/inst/clk_map/psr_aclk/U0/ACTIVE_LOW_BSR_OUT_DFF[0].FDRE_BSR_N/C
  -------------------------------------------------------------------    -------------------
    SLICE_X12Y128        FDRE (Prop_DFF_SLICEM_C_Q)
                                                      0.116     2.580 r  system_i/control_smc/inst/clk_map/psr_aclk/U0/ACTIVE_LOW_BSR_OUT_DFF[0].FDRE_BSR_N/Q
                         net (fo=75, routed)          1.212     3.792    system_i/control_smc/inst/s00_nodes/s00_r_node/inst/s_sc_xpm_cdc_async_rst_inst/src_arst
    SLICE_X0Y129         FDCE                                         f  system_i/control_smc/inst/s00_nodes/s00_r_node/inst/s_sc_xpm_cdc_async_rst_inst/arststages_ff_reg[0]/CLR  (IS_INVERTED)
  -------------------------------------------------------------------    -------------------

                         (clock clk_pl_0 rise edge)
                                                      0.000     0.000 r
    PS8_X0Y0             PS8                          0.000     0.000 r  system_i/ps/inst/PS8_i/PLCLK[0]
                         net (fo=1, routed)           0.181     0.181    system_i/ps/inst/pl_clk_unbuffered[0]
    BUFG_PS_X0Y80        BUFG_PS (Prop_BUFG_PS_I_O)
                                                      0.035     0.216 r  system_i/ps/inst/buffer_pl_clk_0.PL_CLK_0_BUFG/O
    X0Y1 (CLOCK_ROOT)    net (fo=8705, routed)        1.929     2.145    system_i/control_smc/inst/s00_nodes/s00_r_node/inst/s_sc_xpm_cdc_async_rst_inst/dest_clk
    SLICE_X0Y129         FDCE                                         r  system_i/control_smc/inst/s00_nodes/s00_r_node/inst/s_sc_xpm_cdc_async_rst_inst/arststages_ff_reg[0]/C

Slack:                    inf
  Source:                 system_i/control_smc/inst/clk_map/psr_aclk/U0/ACTIVE_LOW_BSR_OUT_DFF[0].FDRE_BSR_N/C
                            (rising edge-triggered cell FDRE clocked by clk_pl_0  {rise@0.000ns fall@5.000ns period=10.000ns})
  Destination:            system_i/control_smc/inst/s00_nodes/s00_r_node/inst/s_sc_xpm_cdc_async_rst_inst/arststages_ff_reg[1]/CLR
                            (recovery check against rising-edge clock clk_pl_0  {rise@0.000ns fall@5.000ns period=10.000ns})
  Path Group:             (none)
  Path Type:              Recovery (Max at Slow Process Corner)
  Data Path Delay:        1.328ns  (logic 0.116ns (8.736%)  route 1.212ns (91.264%))
  Logic Levels:           0
  Clock Path Skew:        -0.319ns (DCD - SCD + CPR)
    Destination Clock Delay (DCD):    2.145ns
    Source Clock Delay      (SCD):    2.464ns
    Clock Pessimism Removal (CPR):    0.000ns
  Clock Uncertainty:      0.160ns  ((TSJ^2 + DJ^2)^1/2) / 2 + PE
    Total System Jitter     (TSJ):    0.071ns
    Discrete Jitter          (DJ):    0.312ns
    Phase Error              (PE):    0.000ns
  Clock Net Delay (Source):      2.197ns (routing 1.045ns, distribution 1.152ns)
  Clock Net Delay (Destination): 1.929ns (routing 0.955ns, distribution 0.974ns)
  Timing Exception:       False Path

    Location             Delay type                Incr(ns)  Path(ns)    Netlist Resource(s)
  -------------------------------------------------------------------    -------------------
                         (clock clk_pl_0 rise edge)
                                                      0.000     0.000 r
    PS8_X0Y0             PS8                          0.000     0.000 r  system_i/ps/inst/PS8_i/PLCLK[0]
                         net (fo=1, routed)           0.229     0.229    system_i/ps/inst/pl_clk_unbuffered[0]
    BUFG_PS_X0Y80        BUFG_PS (Prop_BUFG_PS_I_O)
                                                      0.038     0.267 r  system_i/ps/inst/buffer_pl_clk_0.PL_CLK_0_BUFG/O
    X0Y1 (CLOCK_ROOT)    net (fo=8705, routed)        2.197     2.464    system_i/control_smc/inst/clk_map/psr_aclk/U0/aclk
    SLICE_X12Y128        FDRE                                         r  system_i/control_smc/inst/clk_map/psr_aclk/U0/ACTIVE_LOW_BSR_OUT_DFF[0].FDRE_BSR_N/C
  -------------------------------------------------------------------    -------------------
    SLICE_X12Y128        FDRE (Prop_DFF_SLICEM_C_Q)
                                                      0.116     2.580 r  system_i/control_smc/inst/clk_map/psr_aclk/U0/ACTIVE_LOW_BSR_OUT_DFF[0].FDRE_BSR_N/Q
                         net (fo=75, routed)          1.212     3.792    system_i/control_smc/inst/s00_nodes/s00_r_node/inst/s_sc_xpm_cdc_async_rst_inst/src_arst
    SLICE_X0Y129         FDCE                                         f  system_i/control_smc/inst/s00_nodes/s00_r_node/inst/s_sc_xpm_cdc_async_rst_inst/arststages_ff_reg[1]/CLR  (IS_INVERTED)
  -------------------------------------------------------------------    -------------------

                         (clock clk_pl_0 rise edge)
                                                      0.000     0.000 r
    PS8_X0Y0             PS8                          0.000     0.000 r  system_i/ps/inst/PS8_i/PLCLK[0]
                         net (fo=1, routed)           0.181     0.181    system_i/ps/inst/pl_clk_unbuffered[0]
    BUFG_PS_X0Y80        BUFG_PS (Prop_BUFG_PS_I_O)
                                                      0.035     0.216 r  system_i/ps/inst/buffer_pl_clk_0.PL_CLK_0_BUFG/O
    X0Y1 (CLOCK_ROOT)    net (fo=8705, routed)        1.929     2.145    system_i/control_smc/inst/s00_nodes/s00_r_node/inst/s_sc_xpm_cdc_async_rst_inst/dest_clk
    SLICE_X0Y129         FDCE                                         r  system_i/control_smc/inst/s00_nodes/s00_r_node/inst/s_sc_xpm_cdc_async_rst_inst/arststages_ff_reg[1]/C

Slack:                    inf
  Source:                 system_i/control_smc/inst/clk_map/psr_aclk/U0/ACTIVE_LOW_BSR_OUT_DFF[0].FDRE_BSR_N/C
                            (rising edge-triggered cell FDRE clocked by clk_pl_0  {rise@0.000ns fall@5.000ns period=10.000ns})
  Destination:            system_i/control_smc/inst/s00_nodes/s00_r_node/inst/s_sc_xpm_cdc_async_rst_inst/arststages_ff_reg[2]/CLR
                            (recovery check against rising-edge clock clk_pl_0  {rise@0.000ns fall@5.000ns period=10.000ns})
  Path Group:             (none)
  Path Type:              Recovery (Max at Slow Process Corner)
  Data Path Delay:        1.328ns  (logic 0.116ns (8.736%)  route 1.212ns (91.264%))
  Logic Levels:           0
  Clock Path Skew:        -0.319ns (DCD - SCD + CPR)
    Destination Clock Delay (DCD):    2.145ns
    Source Clock Delay      (SCD):    2.464ns
    Clock Pessimism Removal (CPR):    0.000ns
  Clock Uncertainty:      0.160ns  ((TSJ^2 + DJ^2)^1/2) / 2 + PE
    Total System Jitter     (TSJ):    0.071ns
    Discrete Jitter          (DJ):    0.312ns
    Phase Error              (PE):    0.000ns
  Clock Net Delay (Source):      2.197ns (routing 1.045ns, distribution 1.152ns)
  Clock Net Delay (Destination): 1.929ns (routing 0.955ns, distribution 0.974ns)
  Timing Exception:       False Path

    Location             Delay type                Incr(ns)  Path(ns)    Netlist Resource(s)
  -------------------------------------------------------------------    -------------------
                         (clock clk_pl_0 rise edge)
                                                      0.000     0.000 r
    PS8_X0Y0             PS8                          0.000     0.000 r  system_i/ps/inst/PS8_i/PLCLK[0]
                         net (fo=1, routed)           0.229     0.229    system_i/ps/inst/pl_clk_unbuffered[0]
    BUFG_PS_X0Y80        BUFG_PS (Prop_BUFG_PS_I_O)
                                                      0.038     0.267 r  system_i/ps/inst/buffer_pl_clk_0.PL_CLK_0_BUFG/O
    X0Y1 (CLOCK_ROOT)    net (fo=8705, routed)        2.197     2.464    system_i/control_smc/inst/clk_map/psr_aclk/U0/aclk
    SLICE_X12Y128        FDRE                                         r  system_i/control_smc/inst/clk_map/psr_aclk/U0/ACTIVE_LOW_BSR_OUT_DFF[0].FDRE_BSR_N/C
  -------------------------------------------------------------------    -------------------
    SLICE_X12Y128        FDRE (Prop_DFF_SLICEM_C_Q)
                                                      0.116     2.580 r  system_i/control_smc/inst/clk_map/psr_aclk/U0/ACTIVE_LOW_BSR_OUT_DFF[0].FDRE_BSR_N/Q
                         net (fo=75, routed)          1.212     3.792    system_i/control_smc/inst/s00_nodes/s00_r_node/inst/s_sc_xpm_cdc_async_rst_inst/src_arst
    SLICE_X0Y129         FDCE                                         f  system_i/control_smc/inst/s00_nodes/s00_r_node/inst/s_sc_xpm_cdc_async_rst_inst/arststages_ff_reg[2]/CLR  (IS_INVERTED)
  -------------------------------------------------------------------    -------------------

                         (clock clk_pl_0 rise edge)
                                                      0.000     0.000 r
    PS8_X0Y0             PS8                          0.000     0.000 r  system_i/ps/inst/PS8_i/PLCLK[0]
                         net (fo=1, routed)           0.181     0.181    system_i/ps/inst/pl_clk_unbuffered[0]
    BUFG_PS_X0Y80        BUFG_PS (Prop_BUFG_PS_I_O)
                                                      0.035     0.216 r  system_i/ps/inst/buffer_pl_clk_0.PL_CLK_0_BUFG/O
    X0Y1 (CLOCK_ROOT)    net (fo=8705, routed)        1.929     2.145    system_i/control_smc/inst/s00_nodes/s00_r_node/inst/s_sc_xpm_cdc_async_rst_inst/dest_clk
    SLICE_X0Y129         FDCE                                         r  system_i/control_smc/inst/s00_nodes/s00_r_node/inst/s_sc_xpm_cdc_async_rst_inst/arststages_ff_reg[2]/C

Slack:                    inf
  Source:                 system_i/memory_smc/inst/clk_map/psr_aclk/U0/ACTIVE_LOW_BSR_OUT_DFF[0].FDRE_BSR_N/C
                            (rising edge-triggered cell FDRE clocked by clk_pl_0  {rise@0.000ns fall@5.000ns period=10.000ns})
  Destination:            system_i/memory_smc/inst/m00_nodes/m00_w_node/inst/s_sc_xpm_cdc_async_rst_inst/arststages_ff_reg[0]/CLR
                            (recovery check against rising-edge clock clk_pl_0  {rise@0.000ns fall@5.000ns period=10.000ns})
  Path Group:             (none)
  Path Type:              Recovery (Max at Slow Process Corner)
  Data Path Delay:        1.372ns  (logic 0.114ns (8.309%)  route 1.258ns (91.691%))
  Logic Levels:           0
  Clock Path Skew:        -0.305ns (DCD - SCD + CPR)
    Destination Clock Delay (DCD):    2.109ns
    Source Clock Delay      (SCD):    2.415ns
    Clock Pessimism Removal (CPR):    0.000ns
  Clock Uncertainty:      0.160ns  ((TSJ^2 + DJ^2)^1/2) / 2 + PE
    Total System Jitter     (TSJ):    0.071ns
    Discrete Jitter          (DJ):    0.312ns
    Phase Error              (PE):    0.000ns
  Clock Net Delay (Source):      2.148ns (routing 1.045ns, distribution 1.103ns)
  Clock Net Delay (Destination): 1.893ns (routing 0.955ns, distribution 0.938ns)
  Timing Exception:       False Path

    Location             Delay type                Incr(ns)  Path(ns)    Netlist Resource(s)
  -------------------------------------------------------------------    -------------------
                         (clock clk_pl_0 rise edge)
                                                      0.000     0.000 r
    PS8_X0Y0             PS8                          0.000     0.000 r  system_i/ps/inst/PS8_i/PLCLK[0]
                         net (fo=1, routed)           0.229     0.229    system_i/ps/inst/pl_clk_unbuffered[0]
    BUFG_PS_X0Y80        BUFG_PS (Prop_BUFG_PS_I_O)
                                                      0.038     0.267 r  system_i/ps/inst/buffer_pl_clk_0.PL_CLK_0_BUFG/O
    X0Y1 (CLOCK_ROOT)    net (fo=8705, routed)        2.148     2.415    system_i/memory_smc/inst/clk_map/psr_aclk/U0/aclk
    SLICE_X15Y90         FDRE                                         r  system_i/memory_smc/inst/clk_map/psr_aclk/U0/ACTIVE_LOW_BSR_OUT_DFF[0].FDRE_BSR_N/C
  -------------------------------------------------------------------    -------------------
    SLICE_X15Y90         FDRE (Prop_DFF_SLICEL_C_Q)
                                                      0.114     2.529 r  system_i/memory_smc/inst/clk_map/psr_aclk/U0/ACTIVE_LOW_BSR_OUT_DFF[0].FDRE_BSR_N/Q
                         net (fo=45, routed)          1.258     3.787    system_i/memory_smc/inst/m00_nodes/m00_w_node/inst/s_sc_xpm_cdc_async_rst_inst/src_arst
    SLICE_X4Y65          FDCE                                         f  system_i/memory_smc/inst/m00_nodes/m00_w_node/inst/s_sc_xpm_cdc_async_rst_inst/arststages_ff_reg[0]/CLR  (IS_INVERTED)
  -------------------------------------------------------------------    -------------------

                         (clock clk_pl_0 rise edge)
                                                      0.000     0.000 r
    PS8_X0Y0             PS8                          0.000     0.000 r  system_i/ps/inst/PS8_i/PLCLK[0]
                         net (fo=1, routed)           0.181     0.181    system_i/ps/inst/pl_clk_unbuffered[0]
    BUFG_PS_X0Y80        BUFG_PS (Prop_BUFG_PS_I_O)
                                                      0.035     0.216 r  system_i/ps/inst/buffer_pl_clk_0.PL_CLK_0_BUFG/O
    X0Y1 (CLOCK_ROOT)    net (fo=8705, routed)        1.893     2.109    system_i/memory_smc/inst/m00_nodes/m00_w_node/inst/s_sc_xpm_cdc_async_rst_inst/dest_clk
    SLICE_X4Y65          FDCE                                         r  system_i/memory_smc/inst/m00_nodes/m00_w_node/inst/s_sc_xpm_cdc_async_rst_inst/arststages_ff_reg[0]/C

Slack:                    inf
  Source:                 system_i/memory_smc/inst/clk_map/psr_aclk/U0/ACTIVE_LOW_BSR_OUT_DFF[0].FDRE_BSR_N/C
                            (rising edge-triggered cell FDRE clocked by clk_pl_0  {rise@0.000ns fall@5.000ns period=10.000ns})
  Destination:            system_i/memory_smc/inst/m00_nodes/m00_w_node/inst/s_sc_xpm_cdc_async_rst_inst/arststages_ff_reg[1]/CLR
                            (recovery check against rising-edge clock clk_pl_0  {rise@0.000ns fall@5.000ns period=10.000ns})
  Path Group:             (none)
  Path Type:              Recovery (Max at Slow Process Corner)
  Data Path Delay:        1.372ns  (logic 0.114ns (8.309%)  route 1.258ns (91.691%))
  Logic Levels:           0
  Clock Path Skew:        -0.305ns (DCD - SCD + CPR)
    Destination Clock Delay (DCD):    2.109ns
    Source Clock Delay      (SCD):    2.415ns
    Clock Pessimism Removal (CPR):    0.000ns
  Clock Uncertainty:      0.160ns  ((TSJ^2 + DJ^2)^1/2) / 2 + PE
    Total System Jitter     (TSJ):    0.071ns
    Discrete Jitter          (DJ):    0.312ns
    Phase Error              (PE):    0.000ns
  Clock Net Delay (Source):      2.148ns (routing 1.045ns, distribution 1.103ns)
  Clock Net Delay (Destination): 1.893ns (routing 0.955ns, distribution 0.938ns)
  Timing Exception:       False Path

    Location             Delay type                Incr(ns)  Path(ns)    Netlist Resource(s)
  -------------------------------------------------------------------    -------------------
                         (clock clk_pl_0 rise edge)
                                                      0.000     0.000 r
    PS8_X0Y0             PS8                          0.000     0.000 r  system_i/ps/inst/PS8_i/PLCLK[0]
                         net (fo=1, routed)           0.229     0.229    system_i/ps/inst/pl_clk_unbuffered[0]
    BUFG_PS_X0Y80        BUFG_PS (Prop_BUFG_PS_I_O)
                                                      0.038     0.267 r  system_i/ps/inst/buffer_pl_clk_0.PL_CLK_0_BUFG/O
    X0Y1 (CLOCK_ROOT)    net (fo=8705, routed)        2.148     2.415    system_i/memory_smc/inst/clk_map/psr_aclk/U0/aclk
    SLICE_X15Y90         FDRE                                         r  system_i/memory_smc/inst/clk_map/psr_aclk/U0/ACTIVE_LOW_BSR_OUT_DFF[0].FDRE_BSR_N/C
  -------------------------------------------------------------------    -------------------
    SLICE_X15Y90         FDRE (Prop_DFF_SLICEL_C_Q)
                                                      0.114     2.529 r  system_i/memory_smc/inst/clk_map/psr_aclk/U0/ACTIVE_LOW_BSR_OUT_DFF[0].FDRE_BSR_N/Q
                         net (fo=45, routed)          1.258     3.787    system_i/memory_smc/inst/m00_nodes/m00_w_node/inst/s_sc_xpm_cdc_async_rst_inst/src_arst
    SLICE_X4Y65          FDCE                                         f  system_i/memory_smc/inst/m00_nodes/m00_w_node/inst/s_sc_xpm_cdc_async_rst_inst/arststages_ff_reg[1]/CLR  (IS_INVERTED)
  -------------------------------------------------------------------    -------------------

                         (clock clk_pl_0 rise edge)
                                                      0.000     0.000 r
    PS8_X0Y0             PS8                          0.000     0.000 r  system_i/ps/inst/PS8_i/PLCLK[0]
                         net (fo=1, routed)           0.181     0.181    system_i/ps/inst/pl_clk_unbuffered[0]
    BUFG_PS_X0Y80        BUFG_PS (Prop_BUFG_PS_I_O)
                                                      0.035     0.216 r  system_i/ps/inst/buffer_pl_clk_0.PL_CLK_0_BUFG/O
    X0Y1 (CLOCK_ROOT)    net (fo=8705, routed)        1.893     2.109    system_i/memory_smc/inst/m00_nodes/m00_w_node/inst/s_sc_xpm_cdc_async_rst_inst/dest_clk
    SLICE_X4Y65          FDCE                                         r  system_i/memory_smc/inst/m00_nodes/m00_w_node/inst/s_sc_xpm_cdc_async_rst_inst/arststages_ff_reg[1]/C

Slack:                    inf
  Source:                 system_i/memory_smc/inst/clk_map/psr_aclk/U0/ACTIVE_LOW_BSR_OUT_DFF[0].FDRE_BSR_N/C
                            (rising edge-triggered cell FDRE clocked by clk_pl_0  {rise@0.000ns fall@5.000ns period=10.000ns})
  Destination:            system_i/memory_smc/inst/m00_nodes/m00_w_node/inst/s_sc_xpm_cdc_async_rst_inst/arststages_ff_reg[2]/CLR
                            (recovery check against rising-edge clock clk_pl_0  {rise@0.000ns fall@5.000ns period=10.000ns})
  Path Group:             (none)
  Path Type:              Recovery (Max at Slow Process Corner)
  Data Path Delay:        1.372ns  (logic 0.114ns (8.309%)  route 1.258ns (91.691%))
  Logic Levels:           0
  Clock Path Skew:        -0.305ns (DCD - SCD + CPR)
    Destination Clock Delay (DCD):    2.109ns
    Source Clock Delay      (SCD):    2.415ns
    Clock Pessimism Removal (CPR):    0.000ns
  Clock Uncertainty:      0.160ns  ((TSJ^2 + DJ^2)^1/2) / 2 + PE
    Total System Jitter     (TSJ):    0.071ns
    Discrete Jitter          (DJ):    0.312ns
    Phase Error              (PE):    0.000ns
  Clock Net Delay (Source):      2.148ns (routing 1.045ns, distribution 1.103ns)
  Clock Net Delay (Destination): 1.893ns (routing 0.955ns, distribution 0.938ns)
  Timing Exception:       False Path

    Location             Delay type                Incr(ns)  Path(ns)    Netlist Resource(s)
  -------------------------------------------------------------------    -------------------
                         (clock clk_pl_0 rise edge)
                                                      0.000     0.000 r
    PS8_X0Y0             PS8                          0.000     0.000 r  system_i/ps/inst/PS8_i/PLCLK[0]
                         net (fo=1, routed)           0.229     0.229    system_i/ps/inst/pl_clk_unbuffered[0]
    BUFG_PS_X0Y80        BUFG_PS (Prop_BUFG_PS_I_O)
                                                      0.038     0.267 r  system_i/ps/inst/buffer_pl_clk_0.PL_CLK_0_BUFG/O
    X0Y1 (CLOCK_ROOT)    net (fo=8705, routed)        2.148     2.415    system_i/memory_smc/inst/clk_map/psr_aclk/U0/aclk
    SLICE_X15Y90         FDRE                                         r  system_i/memory_smc/inst/clk_map/psr_aclk/U0/ACTIVE_LOW_BSR_OUT_DFF[0].FDRE_BSR_N/C
  -------------------------------------------------------------------    -------------------
    SLICE_X15Y90         FDRE (Prop_DFF_SLICEL_C_Q)
                                                      0.114     2.529 r  system_i/memory_smc/inst/clk_map/psr_aclk/U0/ACTIVE_LOW_BSR_OUT_DFF[0].FDRE_BSR_N/Q
                         net (fo=45, routed)          1.258     3.787    system_i/memory_smc/inst/m00_nodes/m00_w_node/inst/s_sc_xpm_cdc_async_rst_inst/src_arst
    SLICE_X4Y65          FDCE                                         f  system_i/memory_smc/inst/m00_nodes/m00_w_node/inst/s_sc_xpm_cdc_async_rst_inst/arststages_ff_reg[2]/CLR  (IS_INVERTED)
  -------------------------------------------------------------------    -------------------

                         (clock clk_pl_0 rise edge)
                                                      0.000     0.000 r
    PS8_X0Y0             PS8                          0.000     0.000 r  system_i/ps/inst/PS8_i/PLCLK[0]
                         net (fo=1, routed)           0.181     0.181    system_i/ps/inst/pl_clk_unbuffered[0]
    BUFG_PS_X0Y80        BUFG_PS (Prop_BUFG_PS_I_O)
                                                      0.035     0.216 r  system_i/ps/inst/buffer_pl_clk_0.PL_CLK_0_BUFG/O
    X0Y1 (CLOCK_ROOT)    net (fo=8705, routed)        1.893     2.109    system_i/memory_smc/inst/m00_nodes/m00_w_node/inst/s_sc_xpm_cdc_async_rst_inst/dest_clk
    SLICE_X4Y65          FDCE                                         r  system_i/memory_smc/inst/m00_nodes/m00_w_node/inst/s_sc_xpm_cdc_async_rst_inst/arststages_ff_reg[2]/C





Min Delay Paths
--------------------------------------------------------------------------------------
Slack:                    inf
  Source:                 system_i/memory_smc/inst/clk_map/psr_aclk/U0/ACTIVE_LOW_BSR_OUT_DFF[0].FDRE_BSR_N/C
                            (rising edge-triggered cell FDRE clocked by clk_pl_0  {rise@0.000ns fall@5.000ns period=10.000ns})
  Destination:            system_i/memory_smc/inst/s00_entry_pipeline/s00_si_converter/inst/xpm_cdc_async_rst_inst/arststages_ff_reg[0]/CLR
                            (removal check against rising-edge clock clk_pl_0  {rise@0.000ns fall@5.000ns period=10.000ns})
  Path Group:             (none)
  Path Type:              Removal (Min at Fast Process Corner)
  Data Path Delay:        0.209ns  (logic 0.084ns (40.213%)  route 0.125ns (59.787%))
  Logic Levels:           0
  Clock Path Skew:        0.133ns (DCD - SCD - CPR)
    Destination Clock Delay (DCD):    1.444ns
    Source Clock Delay      (SCD):    1.312ns
    Clock Pessimism Removal (CPR):    -0.000ns
  Clock Uncertainty:      0.160ns  ((TSJ^2 + DJ^2)^1/2) / 2 + PE
    Total System Jitter     (TSJ):    0.071ns
    Discrete Jitter          (DJ):    0.312ns
    Phase Error              (PE):    0.000ns
  Clock Net Delay (Source):      1.161ns (routing 0.572ns, distribution 0.589ns)
  Clock Net Delay (Destination): 1.257ns (routing 0.623ns, distribution 0.634ns)
  Timing Exception:       False Path

    Location             Delay type                Incr(ns)  Path(ns)    Netlist Resource(s)
  -------------------------------------------------------------------    -------------------
                         (clock clk_pl_0 rise edge)
                                                      0.000     0.000 r
    PS8_X0Y0             PS8                          0.000     0.000 r  system_i/ps/inst/PS8_i/PLCLK[0]
                         net (fo=1, routed)           0.129     0.129    system_i/ps/inst/pl_clk_unbuffered[0]
    BUFG_PS_X0Y80        BUFG_PS (Prop_BUFG_PS_I_O)
                                                      0.022     0.151 r  system_i/ps/inst/buffer_pl_clk_0.PL_CLK_0_BUFG/O
    X0Y1 (CLOCK_ROOT)    net (fo=8705, routed)        1.161     1.312    system_i/memory_smc/inst/clk_map/psr_aclk/U0/aclk
    SLICE_X15Y90         FDRE                                         r  system_i/memory_smc/inst/clk_map/psr_aclk/U0/ACTIVE_LOW_BSR_OUT_DFF[0].FDRE_BSR_N/C
  -------------------------------------------------------------------    -------------------
    SLICE_X15Y90         FDRE (Prop_DFF_SLICEL_C_Q)
                                                      0.084     1.396 r  system_i/memory_smc/inst/clk_map/psr_aclk/U0/ACTIVE_LOW_BSR_OUT_DFF[0].FDRE_BSR_N/Q
                         net (fo=45, routed)          0.125     1.520    system_i/memory_smc/inst/s00_entry_pipeline/s00_si_converter/inst/xpm_cdc_async_rst_inst/src_arst
    SLICE_X11Y90         FDCE                                         f  system_i/memory_smc/inst/s00_entry_pipeline/s00_si_converter/inst/xpm_cdc_async_rst_inst/arststages_ff_reg[0]/CLR  (IS_INVERTED)
  -------------------------------------------------------------------    -------------------

                         (clock clk_pl_0 rise edge)
                                                      0.000     0.000 r
    PS8_X0Y0             PS8                          0.000     0.000 r  system_i/ps/inst/PS8_i/PLCLK[0]
                         net (fo=1, routed)           0.164     0.164    system_i/ps/inst/pl_clk_unbuffered[0]
    BUFG_PS_X0Y80        BUFG_PS (Prop_BUFG_PS_I_O)
                                                      0.023     0.187 r  system_i/ps/inst/buffer_pl_clk_0.PL_CLK_0_BUFG/O
    X0Y1 (CLOCK_ROOT)    net (fo=8705, routed)        1.257     1.444    system_i/memory_smc/inst/s00_entry_pipeline/s00_si_converter/inst/xpm_cdc_async_rst_inst/dest_clk
    SLICE_X11Y90         FDCE                                         r  system_i/memory_smc/inst/s00_entry_pipeline/s00_si_converter/inst/xpm_cdc_async_rst_inst/arststages_ff_reg[0]/C

Slack:                    inf
  Source:                 system_i/memory_smc/inst/clk_map/psr_aclk/U0/ACTIVE_LOW_BSR_OUT_DFF[0].FDRE_BSR_N/C
                            (rising edge-triggered cell FDRE clocked by clk_pl_0  {rise@0.000ns fall@5.000ns period=10.000ns})
  Destination:            system_i/memory_smc/inst/s00_entry_pipeline/s00_si_converter/inst/xpm_cdc_async_rst_inst/arststages_ff_reg[1]/CLR
                            (removal check against rising-edge clock clk_pl_0  {rise@0.000ns fall@5.000ns period=10.000ns})
  Path Group:             (none)
  Path Type:              Removal (Min at Fast Process Corner)
  Data Path Delay:        0.209ns  (logic 0.084ns (40.213%)  route 0.125ns (59.787%))
  Logic Levels:           0
  Clock Path Skew:        0.133ns (DCD - SCD - CPR)
    Destination Clock Delay (DCD):    1.444ns
    Source Clock Delay      (SCD):    1.312ns
    Clock Pessimism Removal (CPR):    -0.000ns
  Clock Uncertainty:      0.160ns  ((TSJ^2 + DJ^2)^1/2) / 2 + PE
    Total System Jitter     (TSJ):    0.071ns
    Discrete Jitter          (DJ):    0.312ns
    Phase Error              (PE):    0.000ns
  Clock Net Delay (Source):      1.161ns (routing 0.572ns, distribution 0.589ns)
  Clock Net Delay (Destination): 1.257ns (routing 0.623ns, distribution 0.634ns)
  Timing Exception:       False Path

    Location             Delay type                Incr(ns)  Path(ns)    Netlist Resource(s)
  -------------------------------------------------------------------    -------------------
                         (clock clk_pl_0 rise edge)
                                                      0.000     0.000 r
    PS8_X0Y0             PS8                          0.000     0.000 r  system_i/ps/inst/PS8_i/PLCLK[0]
                         net (fo=1, routed)           0.129     0.129    system_i/ps/inst/pl_clk_unbuffered[0]
    BUFG_PS_X0Y80        BUFG_PS (Prop_BUFG_PS_I_O)
                                                      0.022     0.151 r  system_i/ps/inst/buffer_pl_clk_0.PL_CLK_0_BUFG/O
    X0Y1 (CLOCK_ROOT)    net (fo=8705, routed)        1.161     1.312    system_i/memory_smc/inst/clk_map/psr_aclk/U0/aclk
    SLICE_X15Y90         FDRE                                         r  system_i/memory_smc/inst/clk_map/psr_aclk/U0/ACTIVE_LOW_BSR_OUT_DFF[0].FDRE_BSR_N/C
  -------------------------------------------------------------------    -------------------
    SLICE_X15Y90         FDRE (Prop_DFF_SLICEL_C_Q)
                                                      0.084     1.396 r  system_i/memory_smc/inst/clk_map/psr_aclk/U0/ACTIVE_LOW_BSR_OUT_DFF[0].FDRE_BSR_N/Q
                         net (fo=45, routed)          0.125     1.520    system_i/memory_smc/inst/s00_entry_pipeline/s00_si_converter/inst/xpm_cdc_async_rst_inst/src_arst
    SLICE_X11Y90         FDCE                                         f  system_i/memory_smc/inst/s00_entry_pipeline/s00_si_converter/inst/xpm_cdc_async_rst_inst/arststages_ff_reg[1]/CLR  (IS_INVERTED)
  -------------------------------------------------------------------    -------------------

                         (clock clk_pl_0 rise edge)
                                                      0.000     0.000 r
    PS8_X0Y0             PS8                          0.000     0.000 r  system_i/ps/inst/PS8_i/PLCLK[0]
                         net (fo=1, routed)           0.164     0.164    system_i/ps/inst/pl_clk_unbuffered[0]
    BUFG_PS_X0Y80        BUFG_PS (Prop_BUFG_PS_I_O)
                                                      0.023     0.187 r  system_i/ps/inst/buffer_pl_clk_0.PL_CLK_0_BUFG/O
    X0Y1 (CLOCK_ROOT)    net (fo=8705, routed)        1.257     1.444    system_i/memory_smc/inst/s00_entry_pipeline/s00_si_converter/inst/xpm_cdc_async_rst_inst/dest_clk
    SLICE_X11Y90         FDCE                                         r  system_i/memory_smc/inst/s00_entry_pipeline/s00_si_converter/inst/xpm_cdc_async_rst_inst/arststages_ff_reg[1]/C

Slack:                    inf
  Source:                 system_i/memory_smc/inst/clk_map/psr_aclk/U0/ACTIVE_LOW_BSR_OUT_DFF[0].FDRE_BSR_N/C
                            (rising edge-triggered cell FDRE clocked by clk_pl_0  {rise@0.000ns fall@5.000ns period=10.000ns})
  Destination:            system_i/memory_smc/inst/s00_entry_pipeline/s00_si_converter/inst/xpm_cdc_async_rst_inst/arststages_ff_reg[2]/CLR
                            (removal check against rising-edge clock clk_pl_0  {rise@0.000ns fall@5.000ns period=10.000ns})
  Path Group:             (none)
  Path Type:              Removal (Min at Fast Process Corner)
  Data Path Delay:        0.209ns  (logic 0.084ns (40.213%)  route 0.125ns (59.787%))
  Logic Levels:           0
  Clock Path Skew:        0.133ns (DCD - SCD - CPR)
    Destination Clock Delay (DCD):    1.444ns
    Source Clock Delay      (SCD):    1.312ns
    Clock Pessimism Removal (CPR):    -0.000ns
  Clock Uncertainty:      0.160ns  ((TSJ^2 + DJ^2)^1/2) / 2 + PE
    Total System Jitter     (TSJ):    0.071ns
    Discrete Jitter          (DJ):    0.312ns
    Phase Error              (PE):    0.000ns
  Clock Net Delay (Source):      1.161ns (routing 0.572ns, distribution 0.589ns)
  Clock Net Delay (Destination): 1.257ns (routing 0.623ns, distribution 0.634ns)
  Timing Exception:       False Path

    Location             Delay type                Incr(ns)  Path(ns)    Netlist Resource(s)
  -------------------------------------------------------------------    -------------------
                         (clock clk_pl_0 rise edge)
                                                      0.000     0.000 r
    PS8_X0Y0             PS8                          0.000     0.000 r  system_i/ps/inst/PS8_i/PLCLK[0]
                         net (fo=1, routed)           0.129     0.129    system_i/ps/inst/pl_clk_unbuffered[0]
    BUFG_PS_X0Y80        BUFG_PS (Prop_BUFG_PS_I_O)
                                                      0.022     0.151 r  system_i/ps/inst/buffer_pl_clk_0.PL_CLK_0_BUFG/O
    X0Y1 (CLOCK_ROOT)    net (fo=8705, routed)        1.161     1.312    system_i/memory_smc/inst/clk_map/psr_aclk/U0/aclk
    SLICE_X15Y90         FDRE                                         r  system_i/memory_smc/inst/clk_map/psr_aclk/U0/ACTIVE_LOW_BSR_OUT_DFF[0].FDRE_BSR_N/C
  -------------------------------------------------------------------    -------------------
    SLICE_X15Y90         FDRE (Prop_DFF_SLICEL_C_Q)
                                                      0.084     1.396 r  system_i/memory_smc/inst/clk_map/psr_aclk/U0/ACTIVE_LOW_BSR_OUT_DFF[0].FDRE_BSR_N/Q
                         net (fo=45, routed)          0.125     1.520    system_i/memory_smc/inst/s00_entry_pipeline/s00_si_converter/inst/xpm_cdc_async_rst_inst/src_arst
    SLICE_X11Y90         FDCE                                         f  system_i/memory_smc/inst/s00_entry_pipeline/s00_si_converter/inst/xpm_cdc_async_rst_inst/arststages_ff_reg[2]/CLR  (IS_INVERTED)
  -------------------------------------------------------------------    -------------------

                         (clock clk_pl_0 rise edge)
                                                      0.000     0.000 r
    PS8_X0Y0             PS8                          0.000     0.000 r  system_i/ps/inst/PS8_i/PLCLK[0]
                         net (fo=1, routed)           0.164     0.164    system_i/ps/inst/pl_clk_unbuffered[0]
    BUFG_PS_X0Y80        BUFG_PS (Prop_BUFG_PS_I_O)
                                                      0.023     0.187 r  system_i/ps/inst/buffer_pl_clk_0.PL_CLK_0_BUFG/O
    X0Y1 (CLOCK_ROOT)    net (fo=8705, routed)        1.257     1.444    system_i/memory_smc/inst/s00_entry_pipeline/s00_si_converter/inst/xpm_cdc_async_rst_inst/dest_clk
    SLICE_X11Y90         FDCE                                         r  system_i/memory_smc/inst/s00_entry_pipeline/s00_si_converter/inst/xpm_cdc_async_rst_inst/arststages_ff_reg[2]/C

Slack:                    inf
  Source:                 system_i/memory_smc/inst/clk_map/psr_aclk/U0/ACTIVE_LOW_BSR_OUT_DFF[0].FDRE_BSR_N/C
                            (rising edge-triggered cell FDRE clocked by clk_pl_0  {rise@0.000ns fall@5.000ns period=10.000ns})
  Destination:            system_i/memory_smc/inst/s01_entry_pipeline/s01_mmu/inst/xpm_cdc_async_rst_inst/arststages_ff_reg[0]/CLR
                            (removal check against rising-edge clock clk_pl_0  {rise@0.000ns fall@5.000ns period=10.000ns})
  Path Group:             (none)
  Path Type:              Removal (Min at Fast Process Corner)
  Data Path Delay:        0.213ns  (logic 0.084ns (39.504%)  route 0.129ns (60.496%))
  Logic Levels:           0
  Clock Path Skew:        0.144ns (DCD - SCD - CPR)
    Destination Clock Delay (DCD):    1.455ns
    Source Clock Delay      (SCD):    1.312ns
    Clock Pessimism Removal (CPR):    -0.000ns
  Clock Uncertainty:      0.160ns  ((TSJ^2 + DJ^2)^1/2) / 2 + PE
    Total System Jitter     (TSJ):    0.071ns
    Discrete Jitter          (DJ):    0.312ns
    Phase Error              (PE):    0.000ns
  Clock Net Delay (Source):      1.161ns (routing 0.572ns, distribution 0.589ns)
  Clock Net Delay (Destination): 1.268ns (routing 0.623ns, distribution 0.645ns)
  Timing Exception:       False Path

    Location             Delay type                Incr(ns)  Path(ns)    Netlist Resource(s)
  -------------------------------------------------------------------    -------------------
                         (clock clk_pl_0 rise edge)
                                                      0.000     0.000 r
    PS8_X0Y0             PS8                          0.000     0.000 r  system_i/ps/inst/PS8_i/PLCLK[0]
                         net (fo=1, routed)           0.129     0.129    system_i/ps/inst/pl_clk_unbuffered[0]
    BUFG_PS_X0Y80        BUFG_PS (Prop_BUFG_PS_I_O)
                                                      0.022     0.151 r  system_i/ps/inst/buffer_pl_clk_0.PL_CLK_0_BUFG/O
    X0Y1 (CLOCK_ROOT)    net (fo=8705, routed)        1.161     1.312    system_i/memory_smc/inst/clk_map/psr_aclk/U0/aclk
    SLICE_X15Y90         FDRE                                         r  system_i/memory_smc/inst/clk_map/psr_aclk/U0/ACTIVE_LOW_BSR_OUT_DFF[0].FDRE_BSR_N/C
  -------------------------------------------------------------------    -------------------
    SLICE_X15Y90         FDRE (Prop_DFF_SLICEL_C_Q)
                                                      0.084     1.396 r  system_i/memory_smc/inst/clk_map/psr_aclk/U0/ACTIVE_LOW_BSR_OUT_DFF[0].FDRE_BSR_N/Q
                         net (fo=45, routed)          0.129     1.524    system_i/memory_smc/inst/s01_entry_pipeline/s01_mmu/inst/xpm_cdc_async_rst_inst/src_arst
    SLICE_X15Y87         FDCE                                         f  system_i/memory_smc/inst/s01_entry_pipeline/s01_mmu/inst/xpm_cdc_async_rst_inst/arststages_ff_reg[0]/CLR  (IS_INVERTED)
  -------------------------------------------------------------------    -------------------

                         (clock clk_pl_0 rise edge)
                                                      0.000     0.000 r
    PS8_X0Y0             PS8                          0.000     0.000 r  system_i/ps/inst/PS8_i/PLCLK[0]
                         net (fo=1, routed)           0.164     0.164    system_i/ps/inst/pl_clk_unbuffered[0]
    BUFG_PS_X0Y80        BUFG_PS (Prop_BUFG_PS_I_O)
                                                      0.023     0.187 r  system_i/ps/inst/buffer_pl_clk_0.PL_CLK_0_BUFG/O
    X0Y1 (CLOCK_ROOT)    net (fo=8705, routed)        1.268     1.455    system_i/memory_smc/inst/s01_entry_pipeline/s01_mmu/inst/xpm_cdc_async_rst_inst/dest_clk
    SLICE_X15Y87         FDCE                                         r  system_i/memory_smc/inst/s01_entry_pipeline/s01_mmu/inst/xpm_cdc_async_rst_inst/arststages_ff_reg[0]/C

Slack:                    inf
  Source:                 system_i/memory_smc/inst/clk_map/psr_aclk/U0/ACTIVE_LOW_BSR_OUT_DFF[0].FDRE_BSR_N/C
                            (rising edge-triggered cell FDRE clocked by clk_pl_0  {rise@0.000ns fall@5.000ns period=10.000ns})
  Destination:            system_i/memory_smc/inst/s01_entry_pipeline/s01_mmu/inst/xpm_cdc_async_rst_inst/arststages_ff_reg[1]/CLR
                            (removal check against rising-edge clock clk_pl_0  {rise@0.000ns fall@5.000ns period=10.000ns})
  Path Group:             (none)
  Path Type:              Removal (Min at Fast Process Corner)
  Data Path Delay:        0.213ns  (logic 0.084ns (39.504%)  route 0.129ns (60.496%))
  Logic Levels:           0
  Clock Path Skew:        0.144ns (DCD - SCD - CPR)
    Destination Clock Delay (DCD):    1.455ns
    Source Clock Delay      (SCD):    1.312ns
    Clock Pessimism Removal (CPR):    -0.000ns
  Clock Uncertainty:      0.160ns  ((TSJ^2 + DJ^2)^1/2) / 2 + PE
    Total System Jitter     (TSJ):    0.071ns
    Discrete Jitter          (DJ):    0.312ns
    Phase Error              (PE):    0.000ns
  Clock Net Delay (Source):      1.161ns (routing 0.572ns, distribution 0.589ns)
  Clock Net Delay (Destination): 1.268ns (routing 0.623ns, distribution 0.645ns)
  Timing Exception:       False Path

    Location             Delay type                Incr(ns)  Path(ns)    Netlist Resource(s)
  -------------------------------------------------------------------    -------------------
                         (clock clk_pl_0 rise edge)
                                                      0.000     0.000 r
    PS8_X0Y0             PS8                          0.000     0.000 r  system_i/ps/inst/PS8_i/PLCLK[0]
                         net (fo=1, routed)           0.129     0.129    system_i/ps/inst/pl_clk_unbuffered[0]
    BUFG_PS_X0Y80        BUFG_PS (Prop_BUFG_PS_I_O)
                                                      0.022     0.151 r  system_i/ps/inst/buffer_pl_clk_0.PL_CLK_0_BUFG/O
    X0Y1 (CLOCK_ROOT)    net (fo=8705, routed)        1.161     1.312    system_i/memory_smc/inst/clk_map/psr_aclk/U0/aclk
    SLICE_X15Y90         FDRE                                         r  system_i/memory_smc/inst/clk_map/psr_aclk/U0/ACTIVE_LOW_BSR_OUT_DFF[0].FDRE_BSR_N/C
  -------------------------------------------------------------------    -------------------
    SLICE_X15Y90         FDRE (Prop_DFF_SLICEL_C_Q)
                                                      0.084     1.396 r  system_i/memory_smc/inst/clk_map/psr_aclk/U0/ACTIVE_LOW_BSR_OUT_DFF[0].FDRE_BSR_N/Q
                         net (fo=45, routed)          0.129     1.524    system_i/memory_smc/inst/s01_entry_pipeline/s01_mmu/inst/xpm_cdc_async_rst_inst/src_arst
    SLICE_X15Y87         FDCE                                         f  system_i/memory_smc/inst/s01_entry_pipeline/s01_mmu/inst/xpm_cdc_async_rst_inst/arststages_ff_reg[1]/CLR  (IS_INVERTED)
  -------------------------------------------------------------------    -------------------

                         (clock clk_pl_0 rise edge)
                                                      0.000     0.000 r
    PS8_X0Y0             PS8                          0.000     0.000 r  system_i/ps/inst/PS8_i/PLCLK[0]
                         net (fo=1, routed)           0.164     0.164    system_i/ps/inst/pl_clk_unbuffered[0]
    BUFG_PS_X0Y80        BUFG_PS (Prop_BUFG_PS_I_O)
                                                      0.023     0.187 r  system_i/ps/inst/buffer_pl_clk_0.PL_CLK_0_BUFG/O
    X0Y1 (CLOCK_ROOT)    net (fo=8705, routed)        1.268     1.455    system_i/memory_smc/inst/s01_entry_pipeline/s01_mmu/inst/xpm_cdc_async_rst_inst/dest_clk
    SLICE_X15Y87         FDCE                                         r  system_i/memory_smc/inst/s01_entry_pipeline/s01_mmu/inst/xpm_cdc_async_rst_inst/arststages_ff_reg[1]/C

Slack:                    inf
  Source:                 system_i/memory_smc/inst/clk_map/psr_aclk/U0/ACTIVE_LOW_BSR_OUT_DFF[0].FDRE_BSR_N/C
                            (rising edge-triggered cell FDRE clocked by clk_pl_0  {rise@0.000ns fall@5.000ns period=10.000ns})
  Destination:            system_i/memory_smc/inst/s01_entry_pipeline/s01_mmu/inst/xpm_cdc_async_rst_inst/arststages_ff_reg[2]/CLR
                            (removal check against rising-edge clock clk_pl_0  {rise@0.000ns fall@5.000ns period=10.000ns})
  Path Group:             (none)
  Path Type:              Removal (Min at Fast Process Corner)
  Data Path Delay:        0.213ns  (logic 0.084ns (39.504%)  route 0.129ns (60.496%))
  Logic Levels:           0
  Clock Path Skew:        0.144ns (DCD - SCD - CPR)
    Destination Clock Delay (DCD):    1.455ns
    Source Clock Delay      (SCD):    1.312ns
    Clock Pessimism Removal (CPR):    -0.000ns
  Clock Uncertainty:      0.160ns  ((TSJ^2 + DJ^2)^1/2) / 2 + PE
    Total System Jitter     (TSJ):    0.071ns
    Discrete Jitter          (DJ):    0.312ns
    Phase Error              (PE):    0.000ns
  Clock Net Delay (Source):      1.161ns (routing 0.572ns, distribution 0.589ns)
  Clock Net Delay (Destination): 1.268ns (routing 0.623ns, distribution 0.645ns)
  Timing Exception:       False Path

    Location             Delay type                Incr(ns)  Path(ns)    Netlist Resource(s)
  -------------------------------------------------------------------    -------------------
                         (clock clk_pl_0 rise edge)
                                                      0.000     0.000 r
    PS8_X0Y0             PS8                          0.000     0.000 r  system_i/ps/inst/PS8_i/PLCLK[0]
                         net (fo=1, routed)           0.129     0.129    system_i/ps/inst/pl_clk_unbuffered[0]
    BUFG_PS_X0Y80        BUFG_PS (Prop_BUFG_PS_I_O)
                                                      0.022     0.151 r  system_i/ps/inst/buffer_pl_clk_0.PL_CLK_0_BUFG/O
    X0Y1 (CLOCK_ROOT)    net (fo=8705, routed)        1.161     1.312    system_i/memory_smc/inst/clk_map/psr_aclk/U0/aclk
    SLICE_X15Y90         FDRE                                         r  system_i/memory_smc/inst/clk_map/psr_aclk/U0/ACTIVE_LOW_BSR_OUT_DFF[0].FDRE_BSR_N/C
  -------------------------------------------------------------------    -------------------
    SLICE_X15Y90         FDRE (Prop_DFF_SLICEL_C_Q)
                                                      0.084     1.396 r  system_i/memory_smc/inst/clk_map/psr_aclk/U0/ACTIVE_LOW_BSR_OUT_DFF[0].FDRE_BSR_N/Q
                         net (fo=45, routed)          0.129     1.524    system_i/memory_smc/inst/s01_entry_pipeline/s01_mmu/inst/xpm_cdc_async_rst_inst/src_arst
    SLICE_X15Y87         FDCE                                         f  system_i/memory_smc/inst/s01_entry_pipeline/s01_mmu/inst/xpm_cdc_async_rst_inst/arststages_ff_reg[2]/CLR  (IS_INVERTED)
  -------------------------------------------------------------------    -------------------

                         (clock clk_pl_0 rise edge)
                                                      0.000     0.000 r
    PS8_X0Y0             PS8                          0.000     0.000 r  system_i/ps/inst/PS8_i/PLCLK[0]
                         net (fo=1, routed)           0.164     0.164    system_i/ps/inst/pl_clk_unbuffered[0]
    BUFG_PS_X0Y80        BUFG_PS (Prop_BUFG_PS_I_O)
                                                      0.023     0.187 r  system_i/ps/inst/buffer_pl_clk_0.PL_CLK_0_BUFG/O
    X0Y1 (CLOCK_ROOT)    net (fo=8705, routed)        1.268     1.455    system_i/memory_smc/inst/s01_entry_pipeline/s01_mmu/inst/xpm_cdc_async_rst_inst/dest_clk
    SLICE_X15Y87         FDCE                                         r  system_i/memory_smc/inst/s01_entry_pipeline/s01_mmu/inst/xpm_cdc_async_rst_inst/arststages_ff_reg[2]/C

Slack:                    inf
  Source:                 system_i/reset_100m/U0/ACTIVE_LOW_PR_OUT_DFF[0].FDRE_PER_N/C
                            (rising edge-triggered cell FDRE clocked by clk_pl_0  {rise@0.000ns fall@5.000ns period=10.000ns})
  Destination:            system_i/control_smc/inst/clk_map/psr_aclk/U0/EXT_LPF/ACTIVE_LOW_AUX.ACT_LO_AUX/syncstages_ff_reg[0]/D
                            (rising edge-triggered cell FDRE clocked by clk_pl_0  {rise@0.000ns fall@5.000ns period=10.000ns})
  Path Group:             (none)
  Path Type:              Hold (Min at Fast Process Corner)
  Data Path Delay:        0.247ns  (logic 0.160ns (64.873%)  route 0.087ns (35.127%))
  Logic Levels:           1  (LUT1=1)
  Clock Path Skew:        0.147ns (DCD - SCD - CPR)
    Destination Clock Delay (DCD):    1.494ns
    Source Clock Delay      (SCD):    1.348ns
    Clock Pessimism Removal (CPR):    -0.000ns
  Clock Uncertainty:      0.160ns  ((TSJ^2 + DJ^2)^1/2) / 2 + PE
    Total System Jitter     (TSJ):    0.071ns
    Discrete Jitter          (DJ):    0.312ns
    Phase Error              (PE):    0.000ns
  Clock Net Delay (Source):      1.197ns (routing 0.572ns, distribution 0.625ns)
  Clock Net Delay (Destination): 1.307ns (routing 0.623ns, distribution 0.684ns)
  Timing Exception:       False Path

    Location             Delay type                Incr(ns)  Path(ns)    Netlist Resource(s)
  -------------------------------------------------------------------    -------------------
                         (clock clk_pl_0 rise edge)
                                                      0.000     0.000 r
    PS8_X0Y0             PS8                          0.000     0.000 r  system_i/ps/inst/PS8_i/PLCLK[0]
                         net (fo=1, routed)           0.129     0.129    system_i/ps/inst/pl_clk_unbuffered[0]
    BUFG_PS_X0Y80        BUFG_PS (Prop_BUFG_PS_I_O)
                                                      0.022     0.151 r  system_i/ps/inst/buffer_pl_clk_0.PL_CLK_0_BUFG/O
    X0Y1 (CLOCK_ROOT)    net (fo=8705, routed)        1.197     1.348    system_i/reset_100m/U0/slowest_sync_clk
    SLICE_X14Y125        FDRE                                         r  system_i/reset_100m/U0/ACTIVE_LOW_PR_OUT_DFF[0].FDRE_PER_N/C
  -------------------------------------------------------------------    -------------------
    SLICE_X14Y125        FDRE (Prop_AFF_SLICEL_C_Q)
                                                      0.084     1.432 f  system_i/reset_100m/U0/ACTIVE_LOW_PR_OUT_DFF[0].FDRE_PER_N/Q
                         net (fo=790, routed)         0.030     1.461    system_i/control_smc/inst/clk_map/psr_aclk/U0/EXT_LPF/aresetn
    SLICE_X14Y125        LUT1 (Prop_G6LUT_SLICEL_I0_O)
                                                      0.076     1.537 r  system_i/control_smc/inst/clk_map/psr_aclk/U0/EXT_LPF/ACTIVE_LOW_AUX.ACT_LO_AUX_i_1/O
                         net (fo=1, routed)           0.057     1.594    system_i/control_smc/inst/clk_map/psr_aclk/U0/EXT_LPF/ACTIVE_LOW_AUX.ACT_LO_AUX/src_in
    SLICE_X14Y125        FDRE                                         r  system_i/control_smc/inst/clk_map/psr_aclk/U0/EXT_LPF/ACTIVE_LOW_AUX.ACT_LO_AUX/syncstages_ff_reg[0]/D
  -------------------------------------------------------------------    -------------------

                         (clock clk_pl_0 rise edge)
                                                      0.000     0.000 r
    PS8_X0Y0             PS8                          0.000     0.000 r  system_i/ps/inst/PS8_i/PLCLK[0]
                         net (fo=1, routed)           0.164     0.164    system_i/ps/inst/pl_clk_unbuffered[0]
    BUFG_PS_X0Y80        BUFG_PS (Prop_BUFG_PS_I_O)
                                                      0.023     0.187 r  system_i/ps/inst/buffer_pl_clk_0.PL_CLK_0_BUFG/O
    X0Y1 (CLOCK_ROOT)    net (fo=8705, routed)        1.307     1.494    system_i/control_smc/inst/clk_map/psr_aclk/U0/EXT_LPF/ACTIVE_LOW_AUX.ACT_LO_AUX/dest_clk
    SLICE_X14Y125        FDRE                                         r  system_i/control_smc/inst/clk_map/psr_aclk/U0/EXT_LPF/ACTIVE_LOW_AUX.ACT_LO_AUX/syncstages_ff_reg[0]/C

Slack:                    inf
  Source:                 system_i/control_smc/inst/clk_map/psr_aclk/U0/ACTIVE_LOW_BSR_OUT_DFF[0].FDRE_BSR_N/C
                            (rising edge-triggered cell FDRE clocked by clk_pl_0  {rise@0.000ns fall@5.000ns period=10.000ns})
  Destination:            system_i/control_smc/inst/switchboards/i_nodes/i_r_node/inst/s_sc_xpm_cdc_async_rst_inst/arststages_ff_reg[0]/CLR
                            (removal check against rising-edge clock clk_pl_0  {rise@0.000ns fall@5.000ns period=10.000ns})
  Path Group:             (none)
  Path Type:              Removal (Min at Fast Process Corner)
  Data Path Delay:        0.255ns  (logic 0.083ns (32.550%)  route 0.172ns (67.450%))
  Logic Levels:           0
  Clock Path Skew:        0.133ns (DCD - SCD - CPR)
    Destination Clock Delay (DCD):    1.482ns
    Source Clock Delay      (SCD):    1.349ns
    Clock Pessimism Removal (CPR):    -0.000ns
  Clock Uncertainty:      0.160ns  ((TSJ^2 + DJ^2)^1/2) / 2 + PE
    Total System Jitter     (TSJ):    0.071ns
    Discrete Jitter          (DJ):    0.312ns
    Phase Error              (PE):    0.000ns
  Clock Net Delay (Source):      1.198ns (routing 0.572ns, distribution 0.626ns)
  Clock Net Delay (Destination): 1.295ns (routing 0.623ns, distribution 0.672ns)
  Timing Exception:       False Path

    Location             Delay type                Incr(ns)  Path(ns)    Netlist Resource(s)
  -------------------------------------------------------------------    -------------------
                         (clock clk_pl_0 rise edge)
                                                      0.000     0.000 r
    PS8_X0Y0             PS8                          0.000     0.000 r  system_i/ps/inst/PS8_i/PLCLK[0]
                         net (fo=1, routed)           0.129     0.129    system_i/ps/inst/pl_clk_unbuffered[0]
    BUFG_PS_X0Y80        BUFG_PS (Prop_BUFG_PS_I_O)
                                                      0.022     0.151 r  system_i/ps/inst/buffer_pl_clk_0.PL_CLK_0_BUFG/O
    X0Y1 (CLOCK_ROOT)    net (fo=8705, routed)        1.198     1.349    system_i/control_smc/inst/clk_map/psr_aclk/U0/aclk
    SLICE_X12Y128        FDRE                                         r  system_i/control_smc/inst/clk_map/psr_aclk/U0/ACTIVE_LOW_BSR_OUT_DFF[0].FDRE_BSR_N/C
  -------------------------------------------------------------------    -------------------
    SLICE_X12Y128        FDRE (Prop_DFF_SLICEM_C_Q)
                                                      0.083     1.432 r  system_i/control_smc/inst/clk_map/psr_aclk/U0/ACTIVE_LOW_BSR_OUT_DFF[0].FDRE_BSR_N/Q
                         net (fo=75, routed)          0.172     1.604    system_i/control_smc/inst/switchboards/i_nodes/i_r_node/inst/s_sc_xpm_cdc_async_rst_inst/src_arst
    SLICE_X9Y128         FDCE                                         f  system_i/control_smc/inst/switchboards/i_nodes/i_r_node/inst/s_sc_xpm_cdc_async_rst_inst/arststages_ff_reg[0]/CLR  (IS_INVERTED)
  -------------------------------------------------------------------    -------------------

                         (clock clk_pl_0 rise edge)
                                                      0.000     0.000 r
    PS8_X0Y0             PS8                          0.000     0.000 r  system_i/ps/inst/PS8_i/PLCLK[0]
                         net (fo=1, routed)           0.164     0.164    system_i/ps/inst/pl_clk_unbuffered[0]
    BUFG_PS_X0Y80        BUFG_PS (Prop_BUFG_PS_I_O)
                                                      0.023     0.187 r  system_i/ps/inst/buffer_pl_clk_0.PL_CLK_0_BUFG/O
    X0Y1 (CLOCK_ROOT)    net (fo=8705, routed)        1.295     1.482    system_i/control_smc/inst/switchboards/i_nodes/i_r_node/inst/s_sc_xpm_cdc_async_rst_inst/dest_clk
    SLICE_X9Y128         FDCE                                         r  system_i/control_smc/inst/switchboards/i_nodes/i_r_node/inst/s_sc_xpm_cdc_async_rst_inst/arststages_ff_reg[0]/C

Slack:                    inf
  Source:                 system_i/control_smc/inst/clk_map/psr_aclk/U0/ACTIVE_LOW_BSR_OUT_DFF[0].FDRE_BSR_N/C
                            (rising edge-triggered cell FDRE clocked by clk_pl_0  {rise@0.000ns fall@5.000ns period=10.000ns})
  Destination:            system_i/control_smc/inst/switchboards/i_nodes/i_r_node/inst/s_sc_xpm_cdc_async_rst_inst/arststages_ff_reg[1]/CLR
                            (removal check against rising-edge clock clk_pl_0  {rise@0.000ns fall@5.000ns period=10.000ns})
  Path Group:             (none)
  Path Type:              Removal (Min at Fast Process Corner)
  Data Path Delay:        0.255ns  (logic 0.083ns (32.550%)  route 0.172ns (67.450%))
  Logic Levels:           0
  Clock Path Skew:        0.133ns (DCD - SCD - CPR)
    Destination Clock Delay (DCD):    1.482ns
    Source Clock Delay      (SCD):    1.349ns
    Clock Pessimism Removal (CPR):    -0.000ns
  Clock Uncertainty:      0.160ns  ((TSJ^2 + DJ^2)^1/2) / 2 + PE
    Total System Jitter     (TSJ):    0.071ns
    Discrete Jitter          (DJ):    0.312ns
    Phase Error              (PE):    0.000ns
  Clock Net Delay (Source):      1.198ns (routing 0.572ns, distribution 0.626ns)
  Clock Net Delay (Destination): 1.295ns (routing 0.623ns, distribution 0.672ns)
  Timing Exception:       False Path

    Location             Delay type                Incr(ns)  Path(ns)    Netlist Resource(s)
  -------------------------------------------------------------------    -------------------
                         (clock clk_pl_0 rise edge)
                                                      0.000     0.000 r
    PS8_X0Y0             PS8                          0.000     0.000 r  system_i/ps/inst/PS8_i/PLCLK[0]
                         net (fo=1, routed)           0.129     0.129    system_i/ps/inst/pl_clk_unbuffered[0]
    BUFG_PS_X0Y80        BUFG_PS (Prop_BUFG_PS_I_O)
                                                      0.022     0.151 r  system_i/ps/inst/buffer_pl_clk_0.PL_CLK_0_BUFG/O
    X0Y1 (CLOCK_ROOT)    net (fo=8705, routed)        1.198     1.349    system_i/control_smc/inst/clk_map/psr_aclk/U0/aclk
    SLICE_X12Y128        FDRE                                         r  system_i/control_smc/inst/clk_map/psr_aclk/U0/ACTIVE_LOW_BSR_OUT_DFF[0].FDRE_BSR_N/C
  -------------------------------------------------------------------    -------------------
    SLICE_X12Y128        FDRE (Prop_DFF_SLICEM_C_Q)
                                                      0.083     1.432 r  system_i/control_smc/inst/clk_map/psr_aclk/U0/ACTIVE_LOW_BSR_OUT_DFF[0].FDRE_BSR_N/Q
                         net (fo=75, routed)          0.172     1.604    system_i/control_smc/inst/switchboards/i_nodes/i_r_node/inst/s_sc_xpm_cdc_async_rst_inst/src_arst
    SLICE_X9Y128         FDCE                                         f  system_i/control_smc/inst/switchboards/i_nodes/i_r_node/inst/s_sc_xpm_cdc_async_rst_inst/arststages_ff_reg[1]/CLR  (IS_INVERTED)
  -------------------------------------------------------------------    -------------------

                         (clock clk_pl_0 rise edge)
                                                      0.000     0.000 r
    PS8_X0Y0             PS8                          0.000     0.000 r  system_i/ps/inst/PS8_i/PLCLK[0]
                         net (fo=1, routed)           0.164     0.164    system_i/ps/inst/pl_clk_unbuffered[0]
    BUFG_PS_X0Y80        BUFG_PS (Prop_BUFG_PS_I_O)
                                                      0.023     0.187 r  system_i/ps/inst/buffer_pl_clk_0.PL_CLK_0_BUFG/O
    X0Y1 (CLOCK_ROOT)    net (fo=8705, routed)        1.295     1.482    system_i/control_smc/inst/switchboards/i_nodes/i_r_node/inst/s_sc_xpm_cdc_async_rst_inst/dest_clk
    SLICE_X9Y128         FDCE                                         r  system_i/control_smc/inst/switchboards/i_nodes/i_r_node/inst/s_sc_xpm_cdc_async_rst_inst/arststages_ff_reg[1]/C

Slack:                    inf
  Source:                 system_i/control_smc/inst/clk_map/psr_aclk/U0/ACTIVE_LOW_BSR_OUT_DFF[0].FDRE_BSR_N/C
                            (rising edge-triggered cell FDRE clocked by clk_pl_0  {rise@0.000ns fall@5.000ns period=10.000ns})
  Destination:            system_i/control_smc/inst/switchboards/i_nodes/i_r_node/inst/s_sc_xpm_cdc_async_rst_inst/arststages_ff_reg[2]/CLR
                            (removal check against rising-edge clock clk_pl_0  {rise@0.000ns fall@5.000ns period=10.000ns})
  Path Group:             (none)
  Path Type:              Removal (Min at Fast Process Corner)
  Data Path Delay:        0.255ns  (logic 0.083ns (32.550%)  route 0.172ns (67.450%))
  Logic Levels:           0
  Clock Path Skew:        0.133ns (DCD - SCD - CPR)
    Destination Clock Delay (DCD):    1.482ns
    Source Clock Delay      (SCD):    1.349ns
    Clock Pessimism Removal (CPR):    -0.000ns
  Clock Uncertainty:      0.160ns  ((TSJ^2 + DJ^2)^1/2) / 2 + PE
    Total System Jitter     (TSJ):    0.071ns
    Discrete Jitter          (DJ):    0.312ns
    Phase Error              (PE):    0.000ns
  Clock Net Delay (Source):      1.198ns (routing 0.572ns, distribution 0.626ns)
  Clock Net Delay (Destination): 1.295ns (routing 0.623ns, distribution 0.672ns)
  Timing Exception:       False Path

    Location             Delay type                Incr(ns)  Path(ns)    Netlist Resource(s)
  -------------------------------------------------------------------    -------------------
                         (clock clk_pl_0 rise edge)
                                                      0.000     0.000 r
    PS8_X0Y0             PS8                          0.000     0.000 r  system_i/ps/inst/PS8_i/PLCLK[0]
                         net (fo=1, routed)           0.129     0.129    system_i/ps/inst/pl_clk_unbuffered[0]
    BUFG_PS_X0Y80        BUFG_PS (Prop_BUFG_PS_I_O)
                                                      0.022     0.151 r  system_i/ps/inst/buffer_pl_clk_0.PL_CLK_0_BUFG/O
    X0Y1 (CLOCK_ROOT)    net (fo=8705, routed)        1.198     1.349    system_i/control_smc/inst/clk_map/psr_aclk/U0/aclk
    SLICE_X12Y128        FDRE                                         r  system_i/control_smc/inst/clk_map/psr_aclk/U0/ACTIVE_LOW_BSR_OUT_DFF[0].FDRE_BSR_N/C
  -------------------------------------------------------------------    -------------------
    SLICE_X12Y128        FDRE (Prop_DFF_SLICEM_C_Q)
                                                      0.083     1.432 r  system_i/control_smc/inst/clk_map/psr_aclk/U0/ACTIVE_LOW_BSR_OUT_DFF[0].FDRE_BSR_N/Q
                         net (fo=75, routed)          0.172     1.604    system_i/control_smc/inst/switchboards/i_nodes/i_r_node/inst/s_sc_xpm_cdc_async_rst_inst/src_arst
    SLICE_X9Y128         FDCE                                         f  system_i/control_smc/inst/switchboards/i_nodes/i_r_node/inst/s_sc_xpm_cdc_async_rst_inst/arststages_ff_reg[2]/CLR  (IS_INVERTED)
  -------------------------------------------------------------------    -------------------

                         (clock clk_pl_0 rise edge)
                                                      0.000     0.000 r
    PS8_X0Y0             PS8                          0.000     0.000 r  system_i/ps/inst/PS8_i/PLCLK[0]
                         net (fo=1, routed)           0.164     0.164    system_i/ps/inst/pl_clk_unbuffered[0]
    BUFG_PS_X0Y80        BUFG_PS (Prop_BUFG_PS_I_O)
                                                      0.023     0.187 r  system_i/ps/inst/buffer_pl_clk_0.PL_CLK_0_BUFG/O
    X0Y1 (CLOCK_ROOT)    net (fo=8705, routed)        1.295     1.482    system_i/control_smc/inst/switchboards/i_nodes/i_r_node/inst/s_sc_xpm_cdc_async_rst_inst/dest_clk
    SLICE_X9Y128         FDCE                                         r  system_i/control_smc/inst/switchboards/i_nodes/i_r_node/inst/s_sc_xpm_cdc_async_rst_inst/arststages_ff_reg[2]/C

Slack:                    inf
  Source:                 system_i/control_smc/inst/clk_map/psr_aclk/U0/ACTIVE_LOW_BSR_OUT_DFF[0].FDRE_BSR_N/C
                            (rising edge-triggered cell FDRE clocked by clk_pl_0  {rise@0.000ns fall@5.000ns period=10.000ns})
  Destination:            system_i/control_smc/inst/m01_nodes/m01_r_node/inst/s_sc_xpm_cdc_async_rst_inst/arststages_ff_reg[0]/CLR
                            (removal check against rising-edge clock clk_pl_0  {rise@0.000ns fall@5.000ns period=10.000ns})
  Path Group:             (none)
  Path Type:              Removal (Min at Fast Process Corner)
  Data Path Delay:        0.261ns  (logic 0.083ns (31.802%)  route 0.178ns (68.198%))
  Logic Levels:           0
  Clock Path Skew:        0.141ns (DCD - SCD - CPR)
    Destination Clock Delay (DCD):    1.490ns
    Source Clock Delay      (SCD):    1.349ns
    Clock Pessimism Removal (CPR):    -0.000ns
  Clock Uncertainty:      0.160ns  ((TSJ^2 + DJ^2)^1/2) / 2 + PE
    Total System Jitter     (TSJ):    0.071ns
    Discrete Jitter          (DJ):    0.312ns
    Phase Error              (PE):    0.000ns
  Clock Net Delay (Source):      1.198ns (routing 0.572ns, distribution 0.626ns)
  Clock Net Delay (Destination): 1.303ns (routing 0.623ns, distribution 0.680ns)
  Timing Exception:       False Path

    Location             Delay type                Incr(ns)  Path(ns)    Netlist Resource(s)
  -------------------------------------------------------------------    -------------------
                         (clock clk_pl_0 rise edge)
                                                      0.000     0.000 r
    PS8_X0Y0             PS8                          0.000     0.000 r  system_i/ps/inst/PS8_i/PLCLK[0]
                         net (fo=1, routed)           0.129     0.129    system_i/ps/inst/pl_clk_unbuffered[0]
    BUFG_PS_X0Y80        BUFG_PS (Prop_BUFG_PS_I_O)
                                                      0.022     0.151 r  system_i/ps/inst/buffer_pl_clk_0.PL_CLK_0_BUFG/O
    X0Y1 (CLOCK_ROOT)    net (fo=8705, routed)        1.198     1.349    system_i/control_smc/inst/clk_map/psr_aclk/U0/aclk
    SLICE_X12Y128        FDRE                                         r  system_i/control_smc/inst/clk_map/psr_aclk/U0/ACTIVE_LOW_BSR_OUT_DFF[0].FDRE_BSR_N/C
  -------------------------------------------------------------------    -------------------
    SLICE_X12Y128        FDRE (Prop_DFF_SLICEM_C_Q)
                                                      0.083     1.432 r  system_i/control_smc/inst/clk_map/psr_aclk/U0/ACTIVE_LOW_BSR_OUT_DFF[0].FDRE_BSR_N/Q
                         net (fo=75, routed)          0.178     1.610    system_i/control_smc/inst/m01_nodes/m01_r_node/inst/s_sc_xpm_cdc_async_rst_inst/src_arst
    SLICE_X8Y128         FDCE                                         f  system_i/control_smc/inst/m01_nodes/m01_r_node/inst/s_sc_xpm_cdc_async_rst_inst/arststages_ff_reg[0]/CLR  (IS_INVERTED)
  -------------------------------------------------------------------    -------------------

                         (clock clk_pl_0 rise edge)
                                                      0.000     0.000 r
    PS8_X0Y0             PS8                          0.000     0.000 r  system_i/ps/inst/PS8_i/PLCLK[0]
                         net (fo=1, routed)           0.164     0.164    system_i/ps/inst/pl_clk_unbuffered[0]
    BUFG_PS_X0Y80        BUFG_PS (Prop_BUFG_PS_I_O)
                                                      0.023     0.187 r  system_i/ps/inst/buffer_pl_clk_0.PL_CLK_0_BUFG/O
    X0Y1 (CLOCK_ROOT)    net (fo=8705, routed)        1.303     1.490    system_i/control_smc/inst/m01_nodes/m01_r_node/inst/s_sc_xpm_cdc_async_rst_inst/dest_clk
    SLICE_X8Y128         FDCE                                         r  system_i/control_smc/inst/m01_nodes/m01_r_node/inst/s_sc_xpm_cdc_async_rst_inst/arststages_ff_reg[0]/C

Slack:                    inf
  Source:                 system_i/control_smc/inst/clk_map/psr_aclk/U0/ACTIVE_LOW_BSR_OUT_DFF[0].FDRE_BSR_N/C
                            (rising edge-triggered cell FDRE clocked by clk_pl_0  {rise@0.000ns fall@5.000ns period=10.000ns})
  Destination:            system_i/control_smc/inst/m01_nodes/m01_r_node/inst/s_sc_xpm_cdc_async_rst_inst/arststages_ff_reg[1]/CLR
                            (removal check against rising-edge clock clk_pl_0  {rise@0.000ns fall@5.000ns period=10.000ns})
  Path Group:             (none)
  Path Type:              Removal (Min at Fast Process Corner)
  Data Path Delay:        0.261ns  (logic 0.083ns (31.802%)  route 0.178ns (68.198%))
  Logic Levels:           0
  Clock Path Skew:        0.141ns (DCD - SCD - CPR)
    Destination Clock Delay (DCD):    1.490ns
    Source Clock Delay      (SCD):    1.349ns
    Clock Pessimism Removal (CPR):    -0.000ns
  Clock Uncertainty:      0.160ns  ((TSJ^2 + DJ^2)^1/2) / 2 + PE
    Total System Jitter     (TSJ):    0.071ns
    Discrete Jitter          (DJ):    0.312ns
    Phase Error              (PE):    0.000ns
  Clock Net Delay (Source):      1.198ns (routing 0.572ns, distribution 0.626ns)
  Clock Net Delay (Destination): 1.303ns (routing 0.623ns, distribution 0.680ns)
  Timing Exception:       False Path

    Location             Delay type                Incr(ns)  Path(ns)    Netlist Resource(s)
  -------------------------------------------------------------------    -------------------
                         (clock clk_pl_0 rise edge)
                                                      0.000     0.000 r
    PS8_X0Y0             PS8                          0.000     0.000 r  system_i/ps/inst/PS8_i/PLCLK[0]
                         net (fo=1, routed)           0.129     0.129    system_i/ps/inst/pl_clk_unbuffered[0]
    BUFG_PS_X0Y80        BUFG_PS (Prop_BUFG_PS_I_O)
                                                      0.022     0.151 r  system_i/ps/inst/buffer_pl_clk_0.PL_CLK_0_BUFG/O
    X0Y1 (CLOCK_ROOT)    net (fo=8705, routed)        1.198     1.349    system_i/control_smc/inst/clk_map/psr_aclk/U0/aclk
    SLICE_X12Y128        FDRE                                         r  system_i/control_smc/inst/clk_map/psr_aclk/U0/ACTIVE_LOW_BSR_OUT_DFF[0].FDRE_BSR_N/C
  -------------------------------------------------------------------    -------------------
    SLICE_X12Y128        FDRE (Prop_DFF_SLICEM_C_Q)
                                                      0.083     1.432 r  system_i/control_smc/inst/clk_map/psr_aclk/U0/ACTIVE_LOW_BSR_OUT_DFF[0].FDRE_BSR_N/Q
                         net (fo=75, routed)          0.178     1.610    system_i/control_smc/inst/m01_nodes/m01_r_node/inst/s_sc_xpm_cdc_async_rst_inst/src_arst
    SLICE_X8Y128         FDCE                                         f  system_i/control_smc/inst/m01_nodes/m01_r_node/inst/s_sc_xpm_cdc_async_rst_inst/arststages_ff_reg[1]/CLR  (IS_INVERTED)
  -------------------------------------------------------------------    -------------------

                         (clock clk_pl_0 rise edge)
                                                      0.000     0.000 r
    PS8_X0Y0             PS8                          0.000     0.000 r  system_i/ps/inst/PS8_i/PLCLK[0]
                         net (fo=1, routed)           0.164     0.164    system_i/ps/inst/pl_clk_unbuffered[0]
    BUFG_PS_X0Y80        BUFG_PS (Prop_BUFG_PS_I_O)
                                                      0.023     0.187 r  system_i/ps/inst/buffer_pl_clk_0.PL_CLK_0_BUFG/O
    X0Y1 (CLOCK_ROOT)    net (fo=8705, routed)        1.303     1.490    system_i/control_smc/inst/m01_nodes/m01_r_node/inst/s_sc_xpm_cdc_async_rst_inst/dest_clk
    SLICE_X8Y128         FDCE                                         r  system_i/control_smc/inst/m01_nodes/m01_r_node/inst/s_sc_xpm_cdc_async_rst_inst/arststages_ff_reg[1]/C

Slack:                    inf
  Source:                 system_i/control_smc/inst/clk_map/psr_aclk/U0/ACTIVE_LOW_BSR_OUT_DFF[0].FDRE_BSR_N/C
                            (rising edge-triggered cell FDRE clocked by clk_pl_0  {rise@0.000ns fall@5.000ns period=10.000ns})
  Destination:            system_i/control_smc/inst/m01_nodes/m01_r_node/inst/s_sc_xpm_cdc_async_rst_inst/arststages_ff_reg[2]/CLR
                            (removal check against rising-edge clock clk_pl_0  {rise@0.000ns fall@5.000ns period=10.000ns})
  Path Group:             (none)
  Path Type:              Removal (Min at Fast Process Corner)
  Data Path Delay:        0.261ns  (logic 0.083ns (31.802%)  route 0.178ns (68.198%))
  Logic Levels:           0
  Clock Path Skew:        0.141ns (DCD - SCD - CPR)
    Destination Clock Delay (DCD):    1.490ns
    Source Clock Delay      (SCD):    1.349ns
    Clock Pessimism Removal (CPR):    -0.000ns
  Clock Uncertainty:      0.160ns  ((TSJ^2 + DJ^2)^1/2) / 2 + PE
    Total System Jitter     (TSJ):    0.071ns
    Discrete Jitter          (DJ):    0.312ns
    Phase Error              (PE):    0.000ns
  Clock Net Delay (Source):      1.198ns (routing 0.572ns, distribution 0.626ns)
  Clock Net Delay (Destination): 1.303ns (routing 0.623ns, distribution 0.680ns)
  Timing Exception:       False Path

    Location             Delay type                Incr(ns)  Path(ns)    Netlist Resource(s)
  -------------------------------------------------------------------    -------------------
                         (clock clk_pl_0 rise edge)
                                                      0.000     0.000 r
    PS8_X0Y0             PS8                          0.000     0.000 r  system_i/ps/inst/PS8_i/PLCLK[0]
                         net (fo=1, routed)           0.129     0.129    system_i/ps/inst/pl_clk_unbuffered[0]
    BUFG_PS_X0Y80        BUFG_PS (Prop_BUFG_PS_I_O)
                                                      0.022     0.151 r  system_i/ps/inst/buffer_pl_clk_0.PL_CLK_0_BUFG/O
    X0Y1 (CLOCK_ROOT)    net (fo=8705, routed)        1.198     1.349    system_i/control_smc/inst/clk_map/psr_aclk/U0/aclk
    SLICE_X12Y128        FDRE                                         r  system_i/control_smc/inst/clk_map/psr_aclk/U0/ACTIVE_LOW_BSR_OUT_DFF[0].FDRE_BSR_N/C
  -------------------------------------------------------------------    -------------------
    SLICE_X12Y128        FDRE (Prop_DFF_SLICEM_C_Q)
                                                      0.083     1.432 r  system_i/control_smc/inst/clk_map/psr_aclk/U0/ACTIVE_LOW_BSR_OUT_DFF[0].FDRE_BSR_N/Q
                         net (fo=75, routed)          0.178     1.610    system_i/control_smc/inst/m01_nodes/m01_r_node/inst/s_sc_xpm_cdc_async_rst_inst/src_arst
    SLICE_X8Y128         FDCE                                         f  system_i/control_smc/inst/m01_nodes/m01_r_node/inst/s_sc_xpm_cdc_async_rst_inst/arststages_ff_reg[2]/CLR  (IS_INVERTED)
  -------------------------------------------------------------------    -------------------

                         (clock clk_pl_0 rise edge)
                                                      0.000     0.000 r
    PS8_X0Y0             PS8                          0.000     0.000 r  system_i/ps/inst/PS8_i/PLCLK[0]
                         net (fo=1, routed)           0.164     0.164    system_i/ps/inst/pl_clk_unbuffered[0]
    BUFG_PS_X0Y80        BUFG_PS (Prop_BUFG_PS_I_O)
                                                      0.023     0.187 r  system_i/ps/inst/buffer_pl_clk_0.PL_CLK_0_BUFG/O
    X0Y1 (CLOCK_ROOT)    net (fo=8705, routed)        1.303     1.490    system_i/control_smc/inst/m01_nodes/m01_r_node/inst/s_sc_xpm_cdc_async_rst_inst/dest_clk
    SLICE_X8Y128         FDCE                                         r  system_i/control_smc/inst/m01_nodes/m01_r_node/inst/s_sc_xpm_cdc_async_rst_inst/arststages_ff_reg[2]/C

Slack:                    inf
  Source:                 system_i/memory_smc/inst/clk_map/psr_aclk/U0/ACTIVE_LOW_BSR_OUT_DFF[0].FDRE_BSR_N/C
                            (rising edge-triggered cell FDRE clocked by clk_pl_0  {rise@0.000ns fall@5.000ns period=10.000ns})
  Destination:            system_i/memory_smc/inst/s01_nodes/s01_aw_node/inst/s_sc_xpm_cdc_async_rst_inst/arststages_ff_reg[0]/CLR
                            (removal check against rising-edge clock clk_pl_0  {rise@0.000ns fall@5.000ns period=10.000ns})
  Path Group:             (none)
  Path Type:              Removal (Min at Fast Process Corner)
  Data Path Delay:        0.334ns  (logic 0.084ns (25.135%)  route 0.250ns (74.865%))
  Logic Levels:           0
  Clock Path Skew:        0.145ns (DCD - SCD - CPR)
    Destination Clock Delay (DCD):    1.457ns
    Source Clock Delay      (SCD):    1.312ns
    Clock Pessimism Removal (CPR):    -0.000ns
  Clock Uncertainty:      0.160ns  ((TSJ^2 + DJ^2)^1/2) / 2 + PE
    Total System Jitter     (TSJ):    0.071ns
    Discrete Jitter          (DJ):    0.312ns
    Phase Error              (PE):    0.000ns
  Clock Net Delay (Source):      1.161ns (routing 0.572ns, distribution 0.589ns)
  Clock Net Delay (Destination): 1.270ns (routing 0.623ns, distribution 0.647ns)
  Timing Exception:       False Path

    Location             Delay type                Incr(ns)  Path(ns)    Netlist Resource(s)
  -------------------------------------------------------------------    -------------------
                         (clock clk_pl_0 rise edge)
                                                      0.000     0.000 r
    PS8_X0Y0             PS8                          0.000     0.000 r  system_i/ps/inst/PS8_i/PLCLK[0]
                         net (fo=1, routed)           0.129     0.129    system_i/ps/inst/pl_clk_unbuffered[0]
    BUFG_PS_X0Y80        BUFG_PS (Prop_BUFG_PS_I_O)
                                                      0.022     0.151 r  system_i/ps/inst/buffer_pl_clk_0.PL_CLK_0_BUFG/O
    X0Y1 (CLOCK_ROOT)    net (fo=8705, routed)        1.161     1.312    system_i/memory_smc/inst/clk_map/psr_aclk/U0/aclk
    SLICE_X15Y90         FDRE                                         r  system_i/memory_smc/inst/clk_map/psr_aclk/U0/ACTIVE_LOW_BSR_OUT_DFF[0].FDRE_BSR_N/C
  -------------------------------------------------------------------    -------------------
    SLICE_X15Y90         FDRE (Prop_DFF_SLICEL_C_Q)
                                                      0.084     1.396 r  system_i/memory_smc/inst/clk_map/psr_aclk/U0/ACTIVE_LOW_BSR_OUT_DFF[0].FDRE_BSR_N/Q
                         net (fo=45, routed)          0.250     1.646    system_i/memory_smc/inst/s01_nodes/s01_aw_node/inst/s_sc_xpm_cdc_async_rst_inst/src_arst
    SLICE_X12Y78         FDCE                                         f  system_i/memory_smc/inst/s01_nodes/s01_aw_node/inst/s_sc_xpm_cdc_async_rst_inst/arststages_ff_reg[0]/CLR  (IS_INVERTED)
  -------------------------------------------------------------------    -------------------

                         (clock clk_pl_0 rise edge)
                                                      0.000     0.000 r
    PS8_X0Y0             PS8                          0.000     0.000 r  system_i/ps/inst/PS8_i/PLCLK[0]
                         net (fo=1, routed)           0.164     0.164    system_i/ps/inst/pl_clk_unbuffered[0]
    BUFG_PS_X0Y80        BUFG_PS (Prop_BUFG_PS_I_O)
                                                      0.023     0.187 r  system_i/ps/inst/buffer_pl_clk_0.PL_CLK_0_BUFG/O
    X0Y1 (CLOCK_ROOT)    net (fo=8705, routed)        1.270     1.457    system_i/memory_smc/inst/s01_nodes/s01_aw_node/inst/s_sc_xpm_cdc_async_rst_inst/dest_clk
    SLICE_X12Y78         FDCE                                         r  system_i/memory_smc/inst/s01_nodes/s01_aw_node/inst/s_sc_xpm_cdc_async_rst_inst/arststages_ff_reg[0]/C

Slack:                    inf
  Source:                 system_i/memory_smc/inst/clk_map/psr_aclk/U0/ACTIVE_LOW_BSR_OUT_DFF[0].FDRE_BSR_N/C
                            (rising edge-triggered cell FDRE clocked by clk_pl_0  {rise@0.000ns fall@5.000ns period=10.000ns})
  Destination:            system_i/memory_smc/inst/s01_nodes/s01_aw_node/inst/s_sc_xpm_cdc_async_rst_inst/arststages_ff_reg[1]/CLR
                            (removal check against rising-edge clock clk_pl_0  {rise@0.000ns fall@5.000ns period=10.000ns})
  Path Group:             (none)
  Path Type:              Removal (Min at Fast Process Corner)
  Data Path Delay:        0.334ns  (logic 0.084ns (25.135%)  route 0.250ns (74.865%))
  Logic Levels:           0
  Clock Path Skew:        0.145ns (DCD - SCD - CPR)
    Destination Clock Delay (DCD):    1.457ns
    Source Clock Delay      (SCD):    1.312ns
    Clock Pessimism Removal (CPR):    -0.000ns
  Clock Uncertainty:      0.160ns  ((TSJ^2 + DJ^2)^1/2) / 2 + PE
    Total System Jitter     (TSJ):    0.071ns
    Discrete Jitter          (DJ):    0.312ns
    Phase Error              (PE):    0.000ns
  Clock Net Delay (Source):      1.161ns (routing 0.572ns, distribution 0.589ns)
  Clock Net Delay (Destination): 1.270ns (routing 0.623ns, distribution 0.647ns)
  Timing Exception:       False Path

    Location             Delay type                Incr(ns)  Path(ns)    Netlist Resource(s)
  -------------------------------------------------------------------    -------------------
                         (clock clk_pl_0 rise edge)
                                                      0.000     0.000 r
    PS8_X0Y0             PS8                          0.000     0.000 r  system_i/ps/inst/PS8_i/PLCLK[0]
                         net (fo=1, routed)           0.129     0.129    system_i/ps/inst/pl_clk_unbuffered[0]
    BUFG_PS_X0Y80        BUFG_PS (Prop_BUFG_PS_I_O)
                                                      0.022     0.151 r  system_i/ps/inst/buffer_pl_clk_0.PL_CLK_0_BUFG/O
    X0Y1 (CLOCK_ROOT)    net (fo=8705, routed)        1.161     1.312    system_i/memory_smc/inst/clk_map/psr_aclk/U0/aclk
    SLICE_X15Y90         FDRE                                         r  system_i/memory_smc/inst/clk_map/psr_aclk/U0/ACTIVE_LOW_BSR_OUT_DFF[0].FDRE_BSR_N/C
  -------------------------------------------------------------------    -------------------
    SLICE_X15Y90         FDRE (Prop_DFF_SLICEL_C_Q)
                                                      0.084     1.396 r  system_i/memory_smc/inst/clk_map/psr_aclk/U0/ACTIVE_LOW_BSR_OUT_DFF[0].FDRE_BSR_N/Q
                         net (fo=45, routed)          0.250     1.646    system_i/memory_smc/inst/s01_nodes/s01_aw_node/inst/s_sc_xpm_cdc_async_rst_inst/src_arst
    SLICE_X12Y78         FDCE                                         f  system_i/memory_smc/inst/s01_nodes/s01_aw_node/inst/s_sc_xpm_cdc_async_rst_inst/arststages_ff_reg[1]/CLR  (IS_INVERTED)
  -------------------------------------------------------------------    -------------------

                         (clock clk_pl_0 rise edge)
                                                      0.000     0.000 r
    PS8_X0Y0             PS8                          0.000     0.000 r  system_i/ps/inst/PS8_i/PLCLK[0]
                         net (fo=1, routed)           0.164     0.164    system_i/ps/inst/pl_clk_unbuffered[0]
    BUFG_PS_X0Y80        BUFG_PS (Prop_BUFG_PS_I_O)
                                                      0.023     0.187 r  system_i/ps/inst/buffer_pl_clk_0.PL_CLK_0_BUFG/O
    X0Y1 (CLOCK_ROOT)    net (fo=8705, routed)        1.270     1.457    system_i/memory_smc/inst/s01_nodes/s01_aw_node/inst/s_sc_xpm_cdc_async_rst_inst/dest_clk
    SLICE_X12Y78         FDCE                                         r  system_i/memory_smc/inst/s01_nodes/s01_aw_node/inst/s_sc_xpm_cdc_async_rst_inst/arststages_ff_reg[1]/C

Slack:                    inf
  Source:                 system_i/memory_smc/inst/clk_map/psr_aclk/U0/ACTIVE_LOW_BSR_OUT_DFF[0].FDRE_BSR_N/C
                            (rising edge-triggered cell FDRE clocked by clk_pl_0  {rise@0.000ns fall@5.000ns period=10.000ns})
  Destination:            system_i/memory_smc/inst/s01_nodes/s01_aw_node/inst/s_sc_xpm_cdc_async_rst_inst/arststages_ff_reg[2]/CLR
                            (removal check against rising-edge clock clk_pl_0  {rise@0.000ns fall@5.000ns period=10.000ns})
  Path Group:             (none)
  Path Type:              Removal (Min at Fast Process Corner)
  Data Path Delay:        0.334ns  (logic 0.084ns (25.135%)  route 0.250ns (74.865%))
  Logic Levels:           0
  Clock Path Skew:        0.145ns (DCD - SCD - CPR)
    Destination Clock Delay (DCD):    1.457ns
    Source Clock Delay      (SCD):    1.312ns
    Clock Pessimism Removal (CPR):    -0.000ns
  Clock Uncertainty:      0.160ns  ((TSJ^2 + DJ^2)^1/2) / 2 + PE
    Total System Jitter     (TSJ):    0.071ns
    Discrete Jitter          (DJ):    0.312ns
    Phase Error              (PE):    0.000ns
  Clock Net Delay (Source):      1.161ns (routing 0.572ns, distribution 0.589ns)
  Clock Net Delay (Destination): 1.270ns (routing 0.623ns, distribution 0.647ns)
  Timing Exception:       False Path

    Location             Delay type                Incr(ns)  Path(ns)    Netlist Resource(s)
  -------------------------------------------------------------------    -------------------
                         (clock clk_pl_0 rise edge)
                                                      0.000     0.000 r
    PS8_X0Y0             PS8                          0.000     0.000 r  system_i/ps/inst/PS8_i/PLCLK[0]
                         net (fo=1, routed)           0.129     0.129    system_i/ps/inst/pl_clk_unbuffered[0]
    BUFG_PS_X0Y80        BUFG_PS (Prop_BUFG_PS_I_O)
                                                      0.022     0.151 r  system_i/ps/inst/buffer_pl_clk_0.PL_CLK_0_BUFG/O
    X0Y1 (CLOCK_ROOT)    net (fo=8705, routed)        1.161     1.312    system_i/memory_smc/inst/clk_map/psr_aclk/U0/aclk
    SLICE_X15Y90         FDRE                                         r  system_i/memory_smc/inst/clk_map/psr_aclk/U0/ACTIVE_LOW_BSR_OUT_DFF[0].FDRE_BSR_N/C
  -------------------------------------------------------------------    -------------------
    SLICE_X15Y90         FDRE (Prop_DFF_SLICEL_C_Q)
                                                      0.084     1.396 r  system_i/memory_smc/inst/clk_map/psr_aclk/U0/ACTIVE_LOW_BSR_OUT_DFF[0].FDRE_BSR_N/Q
                         net (fo=45, routed)          0.250     1.646    system_i/memory_smc/inst/s01_nodes/s01_aw_node/inst/s_sc_xpm_cdc_async_rst_inst/src_arst
    SLICE_X12Y78         FDCE                                         f  system_i/memory_smc/inst/s01_nodes/s01_aw_node/inst/s_sc_xpm_cdc_async_rst_inst/arststages_ff_reg[2]/CLR  (IS_INVERTED)
  -------------------------------------------------------------------    -------------------

                         (clock clk_pl_0 rise edge)
                                                      0.000     0.000 r
    PS8_X0Y0             PS8                          0.000     0.000 r  system_i/ps/inst/PS8_i/PLCLK[0]
                         net (fo=1, routed)           0.164     0.164    system_i/ps/inst/pl_clk_unbuffered[0]
    BUFG_PS_X0Y80        BUFG_PS (Prop_BUFG_PS_I_O)
                                                      0.023     0.187 r  system_i/ps/inst/buffer_pl_clk_0.PL_CLK_0_BUFG/O
    X0Y1 (CLOCK_ROOT)    net (fo=8705, routed)        1.270     1.457    system_i/memory_smc/inst/s01_nodes/s01_aw_node/inst/s_sc_xpm_cdc_async_rst_inst/dest_clk
    SLICE_X12Y78         FDCE                                         r  system_i/memory_smc/inst/s01_nodes/s01_aw_node/inst/s_sc_xpm_cdc_async_rst_inst/arststages_ff_reg[2]/C

Slack:                    inf
  Source:                 system_i/control_smc/inst/clk_map/psr_aclk/U0/ACTIVE_LOW_BSR_OUT_DFF[0].FDRE_BSR_N/C
                            (rising edge-triggered cell FDRE clocked by clk_pl_0  {rise@0.000ns fall@5.000ns period=10.000ns})
  Destination:            system_i/control_smc/inst/m00_nodes/m00_r_node/inst/s_sc_xpm_cdc_async_rst_inst/arststages_ff_reg[0]/CLR
                            (removal check against rising-edge clock clk_pl_0  {rise@0.000ns fall@5.000ns period=10.000ns})
  Path Group:             (none)
  Path Type:              Removal (Min at Fast Process Corner)
  Data Path Delay:        0.313ns  (logic 0.083ns (26.554%)  route 0.230ns (73.446%))
  Logic Levels:           0
  Clock Path Skew:        0.126ns (DCD - SCD - CPR)
    Destination Clock Delay (DCD):    1.475ns
    Source Clock Delay      (SCD):    1.349ns
    Clock Pessimism Removal (CPR):    -0.000ns
  Clock Uncertainty:      0.160ns  ((TSJ^2 + DJ^2)^1/2) / 2 + PE
    Total System Jitter     (TSJ):    0.071ns
    Discrete Jitter          (DJ):    0.312ns
    Phase Error              (PE):    0.000ns
  Clock Net Delay (Source):      1.198ns (routing 0.572ns, distribution 0.626ns)
  Clock Net Delay (Destination): 1.288ns (routing 0.623ns, distribution 0.665ns)
  Timing Exception:       False Path

    Location             Delay type                Incr(ns)  Path(ns)    Netlist Resource(s)
  -------------------------------------------------------------------    -------------------
                         (clock clk_pl_0 rise edge)
                                                      0.000     0.000 r
    PS8_X0Y0             PS8                          0.000     0.000 r  system_i/ps/inst/PS8_i/PLCLK[0]
                         net (fo=1, routed)           0.129     0.129    system_i/ps/inst/pl_clk_unbuffered[0]
    BUFG_PS_X0Y80        BUFG_PS (Prop_BUFG_PS_I_O)
                                                      0.022     0.151 r  system_i/ps/inst/buffer_pl_clk_0.PL_CLK_0_BUFG/O
    X0Y1 (CLOCK_ROOT)    net (fo=8705, routed)        1.198     1.349    system_i/control_smc/inst/clk_map/psr_aclk/U0/aclk
    SLICE_X12Y128        FDRE                                         r  system_i/control_smc/inst/clk_map/psr_aclk/U0/ACTIVE_LOW_BSR_OUT_DFF[0].FDRE_BSR_N/C
  -------------------------------------------------------------------    -------------------
    SLICE_X12Y128        FDRE (Prop_DFF_SLICEM_C_Q)
                                                      0.083     1.432 r  system_i/control_smc/inst/clk_map/psr_aclk/U0/ACTIVE_LOW_BSR_OUT_DFF[0].FDRE_BSR_N/Q
                         net (fo=75, routed)          0.230     1.661    system_i/control_smc/inst/m00_nodes/m00_r_node/inst/s_sc_xpm_cdc_async_rst_inst/src_arst
    SLICE_X8Y127         FDCE                                         f  system_i/control_smc/inst/m00_nodes/m00_r_node/inst/s_sc_xpm_cdc_async_rst_inst/arststages_ff_reg[0]/CLR  (IS_INVERTED)
  -------------------------------------------------------------------    -------------------

                         (clock clk_pl_0 rise edge)
                                                      0.000     0.000 r
    PS8_X0Y0             PS8                          0.000     0.000 r  system_i/ps/inst/PS8_i/PLCLK[0]
                         net (fo=1, routed)           0.164     0.164    system_i/ps/inst/pl_clk_unbuffered[0]
    BUFG_PS_X0Y80        BUFG_PS (Prop_BUFG_PS_I_O)
                                                      0.023     0.187 r  system_i/ps/inst/buffer_pl_clk_0.PL_CLK_0_BUFG/O
    X0Y1 (CLOCK_ROOT)    net (fo=8705, routed)        1.288     1.475    system_i/control_smc/inst/m00_nodes/m00_r_node/inst/s_sc_xpm_cdc_async_rst_inst/dest_clk
    SLICE_X8Y127         FDCE                                         r  system_i/control_smc/inst/m00_nodes/m00_r_node/inst/s_sc_xpm_cdc_async_rst_inst/arststages_ff_reg[0]/C

Slack:                    inf
  Source:                 system_i/control_smc/inst/clk_map/psr_aclk/U0/ACTIVE_LOW_BSR_OUT_DFF[0].FDRE_BSR_N/C
                            (rising edge-triggered cell FDRE clocked by clk_pl_0  {rise@0.000ns fall@5.000ns period=10.000ns})
  Destination:            system_i/control_smc/inst/m00_nodes/m00_r_node/inst/s_sc_xpm_cdc_async_rst_inst/arststages_ff_reg[1]/CLR
                            (removal check against rising-edge clock clk_pl_0  {rise@0.000ns fall@5.000ns period=10.000ns})
  Path Group:             (none)
  Path Type:              Removal (Min at Fast Process Corner)
  Data Path Delay:        0.313ns  (logic 0.083ns (26.554%)  route 0.230ns (73.446%))
  Logic Levels:           0
  Clock Path Skew:        0.126ns (DCD - SCD - CPR)
    Destination Clock Delay (DCD):    1.475ns
    Source Clock Delay      (SCD):    1.349ns
    Clock Pessimism Removal (CPR):    -0.000ns
  Clock Uncertainty:      0.160ns  ((TSJ^2 + DJ^2)^1/2) / 2 + PE
    Total System Jitter     (TSJ):    0.071ns
    Discrete Jitter          (DJ):    0.312ns
    Phase Error              (PE):    0.000ns
  Clock Net Delay (Source):      1.198ns (routing 0.572ns, distribution 0.626ns)
  Clock Net Delay (Destination): 1.288ns (routing 0.623ns, distribution 0.665ns)
  Timing Exception:       False Path

    Location             Delay type                Incr(ns)  Path(ns)    Netlist Resource(s)
  -------------------------------------------------------------------    -------------------
                         (clock clk_pl_0 rise edge)
                                                      0.000     0.000 r
    PS8_X0Y0             PS8                          0.000     0.000 r  system_i/ps/inst/PS8_i/PLCLK[0]
                         net (fo=1, routed)           0.129     0.129    system_i/ps/inst/pl_clk_unbuffered[0]
    BUFG_PS_X0Y80        BUFG_PS (Prop_BUFG_PS_I_O)
                                                      0.022     0.151 r  system_i/ps/inst/buffer_pl_clk_0.PL_CLK_0_BUFG/O
    X0Y1 (CLOCK_ROOT)    net (fo=8705, routed)        1.198     1.349    system_i/control_smc/inst/clk_map/psr_aclk/U0/aclk
    SLICE_X12Y128        FDRE                                         r  system_i/control_smc/inst/clk_map/psr_aclk/U0/ACTIVE_LOW_BSR_OUT_DFF[0].FDRE_BSR_N/C
  -------------------------------------------------------------------    -------------------
    SLICE_X12Y128        FDRE (Prop_DFF_SLICEM_C_Q)
                                                      0.083     1.432 r  system_i/control_smc/inst/clk_map/psr_aclk/U0/ACTIVE_LOW_BSR_OUT_DFF[0].FDRE_BSR_N/Q
                         net (fo=75, routed)          0.230     1.661    system_i/control_smc/inst/m00_nodes/m00_r_node/inst/s_sc_xpm_cdc_async_rst_inst/src_arst
    SLICE_X8Y127         FDCE                                         f  system_i/control_smc/inst/m00_nodes/m00_r_node/inst/s_sc_xpm_cdc_async_rst_inst/arststages_ff_reg[1]/CLR  (IS_INVERTED)
  -------------------------------------------------------------------    -------------------

                         (clock clk_pl_0 rise edge)
                                                      0.000     0.000 r
    PS8_X0Y0             PS8                          0.000     0.000 r  system_i/ps/inst/PS8_i/PLCLK[0]
                         net (fo=1, routed)           0.164     0.164    system_i/ps/inst/pl_clk_unbuffered[0]
    BUFG_PS_X0Y80        BUFG_PS (Prop_BUFG_PS_I_O)
                                                      0.023     0.187 r  system_i/ps/inst/buffer_pl_clk_0.PL_CLK_0_BUFG/O
    X0Y1 (CLOCK_ROOT)    net (fo=8705, routed)        1.288     1.475    system_i/control_smc/inst/m00_nodes/m00_r_node/inst/s_sc_xpm_cdc_async_rst_inst/dest_clk
    SLICE_X8Y127         FDCE                                         r  system_i/control_smc/inst/m00_nodes/m00_r_node/inst/s_sc_xpm_cdc_async_rst_inst/arststages_ff_reg[1]/C

Slack:                    inf
  Source:                 system_i/control_smc/inst/clk_map/psr_aclk/U0/ACTIVE_LOW_BSR_OUT_DFF[0].FDRE_BSR_N/C
                            (rising edge-triggered cell FDRE clocked by clk_pl_0  {rise@0.000ns fall@5.000ns period=10.000ns})
  Destination:            system_i/control_smc/inst/m00_nodes/m00_r_node/inst/s_sc_xpm_cdc_async_rst_inst/arststages_ff_reg[2]/CLR
                            (removal check against rising-edge clock clk_pl_0  {rise@0.000ns fall@5.000ns period=10.000ns})
  Path Group:             (none)
  Path Type:              Removal (Min at Fast Process Corner)
  Data Path Delay:        0.313ns  (logic 0.083ns (26.554%)  route 0.230ns (73.446%))
  Logic Levels:           0
  Clock Path Skew:        0.126ns (DCD - SCD - CPR)
    Destination Clock Delay (DCD):    1.475ns
    Source Clock Delay      (SCD):    1.349ns
    Clock Pessimism Removal (CPR):    -0.000ns
  Clock Uncertainty:      0.160ns  ((TSJ^2 + DJ^2)^1/2) / 2 + PE
    Total System Jitter     (TSJ):    0.071ns
    Discrete Jitter          (DJ):    0.312ns
    Phase Error              (PE):    0.000ns
  Clock Net Delay (Source):      1.198ns (routing 0.572ns, distribution 0.626ns)
  Clock Net Delay (Destination): 1.288ns (routing 0.623ns, distribution 0.665ns)
  Timing Exception:       False Path

    Location             Delay type                Incr(ns)  Path(ns)    Netlist Resource(s)
  -------------------------------------------------------------------    -------------------
                         (clock clk_pl_0 rise edge)
                                                      0.000     0.000 r
    PS8_X0Y0             PS8                          0.000     0.000 r  system_i/ps/inst/PS8_i/PLCLK[0]
                         net (fo=1, routed)           0.129     0.129    system_i/ps/inst/pl_clk_unbuffered[0]
    BUFG_PS_X0Y80        BUFG_PS (Prop_BUFG_PS_I_O)
                                                      0.022     0.151 r  system_i/ps/inst/buffer_pl_clk_0.PL_CLK_0_BUFG/O
    X0Y1 (CLOCK_ROOT)    net (fo=8705, routed)        1.198     1.349    system_i/control_smc/inst/clk_map/psr_aclk/U0/aclk
    SLICE_X12Y128        FDRE                                         r  system_i/control_smc/inst/clk_map/psr_aclk/U0/ACTIVE_LOW_BSR_OUT_DFF[0].FDRE_BSR_N/C
  -------------------------------------------------------------------    -------------------
    SLICE_X12Y128        FDRE (Prop_DFF_SLICEM_C_Q)
                                                      0.083     1.432 r  system_i/control_smc/inst/clk_map/psr_aclk/U0/ACTIVE_LOW_BSR_OUT_DFF[0].FDRE_BSR_N/Q
                         net (fo=75, routed)          0.230     1.661    system_i/control_smc/inst/m00_nodes/m00_r_node/inst/s_sc_xpm_cdc_async_rst_inst/src_arst
    SLICE_X8Y127         FDCE                                         f  system_i/control_smc/inst/m00_nodes/m00_r_node/inst/s_sc_xpm_cdc_async_rst_inst/arststages_ff_reg[2]/CLR  (IS_INVERTED)
  -------------------------------------------------------------------    -------------------

                         (clock clk_pl_0 rise edge)
                                                      0.000     0.000 r
    PS8_X0Y0             PS8                          0.000     0.000 r  system_i/ps/inst/PS8_i/PLCLK[0]
                         net (fo=1, routed)           0.164     0.164    system_i/ps/inst/pl_clk_unbuffered[0]
    BUFG_PS_X0Y80        BUFG_PS (Prop_BUFG_PS_I_O)
                                                      0.023     0.187 r  system_i/ps/inst/buffer_pl_clk_0.PL_CLK_0_BUFG/O
    X0Y1 (CLOCK_ROOT)    net (fo=8705, routed)        1.288     1.475    system_i/control_smc/inst/m00_nodes/m00_r_node/inst/s_sc_xpm_cdc_async_rst_inst/dest_clk
    SLICE_X8Y127         FDCE                                         r  system_i/control_smc/inst/m00_nodes/m00_r_node/inst/s_sc_xpm_cdc_async_rst_inst/arststages_ff_reg[2]/C

Slack:                    inf
  Source:                 system_i/memory_smc/inst/clk_map/psr_aclk/U0/ACTIVE_LOW_BSR_OUT_DFF[0].FDRE_BSR_N/C
                            (rising edge-triggered cell FDRE clocked by clk_pl_0  {rise@0.000ns fall@5.000ns period=10.000ns})
  Destination:            system_i/memory_smc/inst/s01_entry_pipeline/s01_si_converter/inst/xpm_cdc_async_rst_inst/arststages_ff_reg[0]/CLR
                            (removal check against rising-edge clock clk_pl_0  {rise@0.000ns fall@5.000ns period=10.000ns})
  Path Group:             (none)
  Path Type:              Removal (Min at Fast Process Corner)
  Data Path Delay:        0.361ns  (logic 0.084ns (23.250%)  route 0.277ns (76.750%))
  Logic Levels:           0
  Clock Path Skew:        0.137ns (DCD - SCD - CPR)
    Destination Clock Delay (DCD):    1.448ns
    Source Clock Delay      (SCD):    1.312ns
    Clock Pessimism Removal (CPR):    -0.000ns
  Clock Uncertainty:      0.160ns  ((TSJ^2 + DJ^2)^1/2) / 2 + PE
    Total System Jitter     (TSJ):    0.071ns
    Discrete Jitter          (DJ):    0.312ns
    Phase Error              (PE):    0.000ns
  Clock Net Delay (Source):      1.161ns (routing 0.572ns, distribution 0.589ns)
  Clock Net Delay (Destination): 1.261ns (routing 0.623ns, distribution 0.638ns)
  Timing Exception:       False Path

    Location             Delay type                Incr(ns)  Path(ns)    Netlist Resource(s)
  -------------------------------------------------------------------    -------------------
                         (clock clk_pl_0 rise edge)
                                                      0.000     0.000 r
    PS8_X0Y0             PS8                          0.000     0.000 r  system_i/ps/inst/PS8_i/PLCLK[0]
                         net (fo=1, routed)           0.129     0.129    system_i/ps/inst/pl_clk_unbuffered[0]
    BUFG_PS_X0Y80        BUFG_PS (Prop_BUFG_PS_I_O)
                                                      0.022     0.151 r  system_i/ps/inst/buffer_pl_clk_0.PL_CLK_0_BUFG/O
    X0Y1 (CLOCK_ROOT)    net (fo=8705, routed)        1.161     1.312    system_i/memory_smc/inst/clk_map/psr_aclk/U0/aclk
    SLICE_X15Y90         FDRE                                         r  system_i/memory_smc/inst/clk_map/psr_aclk/U0/ACTIVE_LOW_BSR_OUT_DFF[0].FDRE_BSR_N/C
  -------------------------------------------------------------------    -------------------
    SLICE_X15Y90         FDRE (Prop_DFF_SLICEL_C_Q)
                                                      0.084     1.396 r  system_i/memory_smc/inst/clk_map/psr_aclk/U0/ACTIVE_LOW_BSR_OUT_DFF[0].FDRE_BSR_N/Q
                         net (fo=45, routed)          0.277     1.673    system_i/memory_smc/inst/s01_entry_pipeline/s01_si_converter/inst/xpm_cdc_async_rst_inst/src_arst
    SLICE_X11Y82         FDCE                                         f  system_i/memory_smc/inst/s01_entry_pipeline/s01_si_converter/inst/xpm_cdc_async_rst_inst/arststages_ff_reg[0]/CLR  (IS_INVERTED)
  -------------------------------------------------------------------    -------------------

                         (clock clk_pl_0 rise edge)
                                                      0.000     0.000 r
    PS8_X0Y0             PS8                          0.000     0.000 r  system_i/ps/inst/PS8_i/PLCLK[0]
                         net (fo=1, routed)           0.164     0.164    system_i/ps/inst/pl_clk_unbuffered[0]
    BUFG_PS_X0Y80        BUFG_PS (Prop_BUFG_PS_I_O)
                                                      0.023     0.187 r  system_i/ps/inst/buffer_pl_clk_0.PL_CLK_0_BUFG/O
    X0Y1 (CLOCK_ROOT)    net (fo=8705, routed)        1.261     1.448    system_i/memory_smc/inst/s01_entry_pipeline/s01_si_converter/inst/xpm_cdc_async_rst_inst/dest_clk
    SLICE_X11Y82         FDCE                                         r  system_i/memory_smc/inst/s01_entry_pipeline/s01_si_converter/inst/xpm_cdc_async_rst_inst/arststages_ff_reg[0]/C
